No;Brand;Device Name;Product URL;Estimated_Price;Popularity_Fans;Battery_Charging;Battery_Type;Body_;Body_Build;Body_Dimensions;Body_SIM;Body_Weight;Comms_Bluetooth;Comms_Infraredport;Comms_NFC;Comms_Positioning;Comms_Radio;Comms_USB;Comms_WLAN;Display_;Display_Protection;Display_Resolution;Display_Size;Display_Type;EULABEL_Battery;EULABEL_Energy;EULABEL_Freefall;EULABEL_Repairability;Features_;Features_Sensors;Launch_Announced;Launch_Status;MainCamera_Dual;MainCamera_Features;MainCamera_Single;MainCamera_Triple;MainCamera_Video;Memory_;Memory_Cardslot;Memory_Internal;Misc_Colors;Misc_Models;Misc_Price;Misc_SAR;Network_;Network_2Gbands;Network_3Gbands;Network_4Gbands;Network_5Gbands;Network_Speed;Network_Technology;OurTests_Loudspeaker;Platform_CPU;Platform_Chipset;Platform_GPU;Platform_OS;Selfiecamera_Features;Selfiecamera_Single;Selfiecamera_Video;Sound_35mmjack;Sound_Loudspeaker
1;Itel;itel Vision 2S;https://www.gsmarena.com/itel_vision_2s-12498.php;N/A;N/A;18W wired;5000 mAh;N/A;N/A;166 x 76.3 x 8.9 mm (6.54 x 3.00 x 0.35 in);Dual SIM;-;Yes;N/A;No;GPS;Unspecified;microUSB;Yes;N/A;N/A;720 x 1600 pixels, 20:9 ratio (~269 ppi density);6.52 inches, 102.6 cm2 (~81.0% screen-to-body ratio);IPS LCD;N/A;N/A;N/A;N/A;N/A;Fingerprint (rear-mounted), accelerometer;2021;Available. Released 2021;"8 MP
0.3 MP";LED flash;N/A;N/A;1080p@30fps;N/A;microSDXC;32GB 2GB RAM;Gradation Purple, Gradation Blue, Deep Blue;N/A;N/A;N/A;N/A;GSM 850 / 900 / 1800 / 1900;HSDPA 850 / 900 / 2100;LTE;N/A;HSPA, LTE;GSM / HSPA / LTE;N/A;Octa-core (4x1.6 GHz Cortex-A55 & 4x1.2 GHz Cortex-A55);Unisoc SC9863A (28 nm);IMG8322;Android 11 (Go edition);N/A;5 MP;Yes;Yes;Yes
2;Itel;Oukitel WP39 Pro;https://www.gsmarena.com/oukitel_wp39_pro-14028.php;N/A;N/A;"33W wired, 100% in 187 min
Reverse wired";Li-Po 11000 mAh;"IP68/IP69K dust tight and water resistant (high pressure water jets; immersible up to 1.5m for 30 min)
Drop resistant up to 1.5m
MIL-STD-810H compliant";N/A;172.2 x 81 x 15.2 mm (6.78 x 3.19 x 0.60 in);Nano-SIM + Nano-SIM;360 g (12.70 oz);5.2, A2DP, LE;N/A;Yes;GPS, GLONASS, GALILEO, BDS;FM radio;USB Type-C 2.0, OTG;Wi-Fi 802.11 a/b/g/n/ac, dual-band;N/A;Corning Gorilla Glass 5, Mohs level 5;1080 x 2408 pixels, 20:9 ratio (~400 ppi density);6.6 inches, 104.9 cm2 (~75.2% screen-to-body ratio);IPS LCD, 450 nits;109:23h endurance, 1100 cycles;Class B;Class A (270 falls);Class C;N/A;Fingerprint (side-mounted), accelerometer, gyro, proximity, compass;2025, February 11;Available. Released 2025, March 15;N/A;LED flash, HDR, portrait, panorama;N/A;"64 MP, f/1.9, (wide), 1/1.73"", PDAF
8 MP, f/2.2, (night vision), AF
2 MP, f/2.2, (macro), 1/1.5""";1440p@30fps;N/A;microSDXC (uses shared SIM slot);512GB 12GB RAM;Black, Grey, Green;N/A;N/A;N/A;N/A;GSM 850 / 900 / 1800 / 1900;HSDPA 800 / 850 / 900 / 1700(AWS) / 1900 / 2100;1, 2, 3, 4, 5, 7, 8, 12, 13, 17, 18, 19, 20, 25, 26, 28, 34, 38, 39, 40, 41, 66, 71;1, 2, 3, 5, 7, 8, 20, 28, 38, 40, 41, 66, 71, 77, 78 SA/NSA;HSPA, LTE, 5G;GSM / HSPA / LTE / 5G;N/A;Octa-core (2x2.2 GHz Cortex-A76 & 6x2.0 GHz Cortex-A55);Mediatek Dimensity 6300 (6 nm);Mali-G57 MC2;Android 14;N/A;"32 MP, f/2.2, (wide), 1/2.74""";1080p@30fps;No;Yes
3;Itel;Oukitel P1;https://www.gsmarena.com/oukitel_p1-13486.php;N/A;N/A;18W wired;Li-Po 5150 mAh;N/A;N/A;162.4 x 76.2 x 8.2 mm (6.39 x 3.00 x 0.32 in);Nano-SIM + Nano-SIM;186.8 g (6.60 oz);5.2, A2DP, LE;N/A;Yes;GPS, GALILEO, GLONASS, BDS;FM radio;USB Type-C, OTG;Wi-Fi 802.11 a/b/g/n/ac, dual-band;N/A;Corning Gorilla Glass 5, Mohs level 5;1080 x 2412 pixels, 20:9 ratio (~394 ppi density);6.7 inches, 108.0 cm2 (~87.3% screen-to-body ratio);AMOLED, 500 nits;53:11h endurance, 1000 cycles;Class B;Class A (270 falls);Class B;N/A;Fingerprint (under display, optical), accelerometer, proximity, compass;2024, November;Available. Released 2024, November;N/A;LED flash, HDR, panorama;N/A;"50 MP, f/1.9, (wide), 1/56"", PDAF
2 MP, f/2.4, (macro)
0.3 MP, (depth)";4K@30fps, 1080p@30fps;UFS 2.2;microSDXC (uses shared SIM slot);256GB 4GB RAM, 256GB 8GB RAM;Black, White, Purple;N/A;$ 143.99;N/A;CDMA 800 / 1900;GSM 850 / 900 / 1800 / 1900;HSDPA 850 / 900 / 1700(AWS) / 1900 / 2100;1, 2, 3, 4, 5, 7, 8, 12, 13, 17, 18, 19, 20, 25, 26, 28, 38, 39, 40, 41, 66;N/A;HSPA, LTE;GSM / CDMA / HSPA / LTE;N/A;Octa-core (2x2.2 GHz Cortex-A76 & 6x2.0 GHz Cortex-A55);Mediatek Helio G99 (6 nm);Mali-G57 MC2;Android 14;N/A;"32 MP, f/2.2, (wide), 1/2.74""";1080p@30fps;No;Yes
4;Itel;itel City 100;https://www.gsmarena.com/itel_city_100-13853.php;N/A;N/A;"18W wired
Reverse wired";5200 mAh;"IP64 dust tight and water resistant (water splashes)
Drop resistant up to 1.5m";N/A;167.7 x 77.5 x 7.7 mm (6.60 x 3.05 x 0.30 in);Nano-SIM + Nano-SIM;185 g (6.53 oz);Yes;Yes;No;GPS;Unspecified;USB Type-C, OTG;Yes;N/A;N/A;720 x 1600 pixels, 20:9 ratio (~260 ppi density);6.75 inches, 110.0 cm2 (~84.6% screen-to-body ratio);IPS LCD, 90Hz, 700 nits (HBM);N/A;N/A;N/A;N/A;N/A;"Fingerprint (side-mounted); unspecified sensors";2025, April 27;Available. Released 2025, April 27;N/A;LED flash, HDR, panorama;13 MP;N/A;Yes;UFS 2.2;microSDXC;128GB 4GB RAM, 128GB 6GB RAM, 128GB 8GB RAM, 256GB 4GB RAM;Navy Blue, Pure Titanium, Fairy Purple;C671L;About 80 EUR;N/A;N/A;GSM 850 / 900 / 1800 / 1900;HSDPA 850 / 900 / 2100;LTE;N/A;HSPA, LTE;GSM / HSPA / LTE;N/A;Octa-core (2x1.8 GHz Cortex-A75 & 6x1.6 GHz Cortex-A55);Unisoc T7250 (12 nm);Mali-G57 MP1;Android 14, Pure 14.5 OS;N/A;8 MP;Yes;Yes;Yes
5;Itel;itel A50C;https://www.gsmarena.com/itel_a50c-13287.php;N/A;N/A;N/A;4000 mAh;N/A;N/A;163.9 x 75.7 x 9.4 mm (6.45 x 2.98 x 0.37 in);Dual SIM;192.6 g (6.81 oz);Yes;N/A;No;GPS;Unspecified;USB Type-C;Yes;N/A;N/A;540 x 1208 pixels, 20:9 ratio (~202 ppi density);6.56 inches, 103.4 cm2 (~83.4% screen-to-body ratio);IPS LCD;N/A;N/A;N/A;N/A;N/A;"Fingerprint (rear-mounted); unspecified sensors";2024, August 12;Available. Released 2024, August 12;N/A;LED flash;8 MP, AF;N/A;Yes;N/A;microSDXC;32GB 2GB RAM;Dawn Blue, Sapphire Black, Misty Aqua;N/A;N/A;N/A;N/A;GSM 850 / 900 / 1800 / 1900;HSDPA 850 / 900 / 2100;LTE;N/A;HSPA;GSM / HSPA / LTE;N/A;Octa-core;Unisoc T603;N/A;Android 14 (Go edition);N/A;5 MP;Yes;Yes;Yes
6;Itel;Oukitel C59;https://www.gsmarena.com/oukitel_c59-14162.php;N/A;N/A;18W wired;Li-Po 10000 mAh;N/A;N/A;171.2 x 77.8 x 13.4 mm (6.74 x 3.06 x 0.53 in);Nano-SIM + Nano-SIM;293 g (10.34 oz);5.0, A2DP, LE;N/A;Yes;GPS, GALILEO, GLONASS, BDS;FM radio;USB Type-C, OTG;Wi-Fi 802.11 a/b/g/n/ac, dual-band;N/A;HKC Glass, Mohs level 5;720 x 1640 pixels (~260 ppi density);6.88 inches, 112.4 cm2 (~84.4% screen-to-body ratio);IPS LCD, 90Hz, 450 nits;84:47h endurance, 1200 cycles;Class B;Class B (180 falls);Class B;N/A;Fingerprint (side-mounted), accelerometer, compass;2025, April;Available. Released 2025, May 05;N/A;LED flash, HDR, panorama;"13 MP, f/2.2, (wide), 1/3.06"", AF";N/A;1080p@30fps;N/A;microSDXC (uses shared SIM slot);256GB 8GB RAM;Green, Purple, Blue, Grey;N/A;N/A;N/A;N/A;GSM 850 / 900 / 1800 / 1900;HSDPA 850 / 900 / 1700(AWS) / 1900 / 2100;1, 2, 3, 4, 5, 7, 8, 12, 17, 18, 19, 20, 25, 26, 28, 34, 38, 39, 40, 41, 66;N/A;HSPA, LTE;GSM / HSPA / LTE;N/A;Octa-core (2x1.6 GHz Cortex-A75 & 6x1.6 GHz Cortex-A55);Unisoc T606 (12 nm);Mali-G57 MP1;Android 15;N/A;"5 MP, f/2.2, (wide), 1/5.0""";720p@30fps;Yes;Yes
7;Itel;itel Zeno 10;https://www.gsmarena.com/itel_zeno_10-13618.php;N/A;N/A;10W wired;5000 mAh;N/A;N/A;164 x 76 x 9 mm (6.46 x 2.99 x 0.35 in);Dual SIM;186 g (6.56 oz);Yes;N/A;No;GPS;Unspecified;USB Type-C 2.0;Yes;N/A;N/A;720 x 1612 pixels, 20:9 ratio (~267 ppi density);6.6 inches, 104.6 cm2 (~84.0% screen-to-body ratio);IPS LCD;N/A;N/A;N/A;N/A;N/A;"Fingerprint (side-mounted); unspecified sensors";2025, January 02;Available. Released 2025, January 10;N/A;LED flash;"8 MP
auxiliary lens";N/A;Yes;N/A;microSDXC;64GB 3GB RAM, 64GB 4GB RAM;Opal purple, Phantom crystal;N/A;About 70 EUR;N/A;N/A;GSM 850 / 900 / 1800 / 1900;HSDPA 850 / 900 / 2100;LTE;N/A;HSPA, LTE;GSM / HSPA / LTE;N/A;Octa-core;Unisoc T603;N/A;Android 14 (Go edition);N/A;5 MP;Yes;Yes;Yes
8;Itel;itel Power 70;https://www.gsmarena.com/itel_power_70-13684.php;N/A;N/A;"18W wired
Reverse wired";6000 mAh;IP54 dust protected and water resistant (water splashes);N/A;7.9 mm thickness;Nano-SIM + Nano-SIM;192.4 g (6.81 oz);Yes;N/A;No;GPS;Unspecified;USB Type-C, OTG;Yes;N/A;N/A;720 x 1600 pixels, 20:9 ratio (~263 ppi density);6.67 inches, 107.4 cm2 (~83.8% screen-to-body ratio);IPS LCD, 120Hz, 700 nits;N/A;N/A;N/A;N/A;The battery case is included in the retail package;Fingerprint (side-mounted), accelerometer, proximity;2025, March 02;Available. Released 2025, March;N/A;LED flash, HDR, panorama;13 MP;N/A;Yes;N/A;microSDXC;128GB 4GB RAM, 128GB 8GB RAM, 256GB 6GB RAM, 256GB 8GB RAM;Black, Marine, Bronze, Silver;P673L;About 80 EUR;N/A;N/A;GSM 850 / 900 / 1800 / 1900;HSDPA 850 / 900 / 2100;LTE;N/A;HSPA, LTE;GSM / HSPA / LTE;N/A;Octa-core 2.2 GHz Cortex-A53;Mediatek Helio G50 Ultimate;PowerVR GE8320;Android 14, itel OS 14;N/A;8 MP;Yes;Yes;Yes
9;Itel;itel A23S;https://www.gsmarena.com/itel_a23s-12494.php;N/A;N/A;N/A;3020 mAh;N/A;N/A;-;Dual SIM;-;Yes;N/A;No;Unspecified;Unspecified;microUSB;Yes;N/A;N/A;480 x 854 pixels, 16:9 ratio (~196 ppi density);5.0 inches, 68.9 cm2;IPS LCD;N/A;N/A;N/A;N/A;N/A;Accelerometer;2022;Available. Released 2022;N/A;LED flash;2 MP;N/A;Yes;N/A;microSDXC;32GB 2GB RAM;Sky Cyan, Sky Black, Ocean Blue;N/A;N/A;N/A;N/A;GSM 850 / 900 / 1800 / 1900;HSDPA 850 / 900 / 2100;LTE;N/A;HSPA, LTE;GSM / HSPA / LTE;N/A;Quad-core 1.4 GHz;Unisoc SC9832E (28 nm);Mali-T820 MP1;Android 11 (Go edition);LED flash;0.3 MP;Yes;Yes;Yes
10;Itel;Oukitel WP23 Plus;https://www.gsmarena.com/oukitel_wp23_plus-14031.php;N/A;N/A;"15W wired
Reverse wired";Li-Po 10600 mAh;"IP68/IP69K dust tight and water resistant (high pressure water jets; immersible up to 1.5m for 30 min)
Drop resistant up to 1.5m
MIL-STD-810H compliant";N/A;174 x 82.3 x 17.1 mm (6.85 x 3.24 x 0.67 in);Nano-SIM + Nano-SIM;378 g (13.33 oz);5.0, A2DP, LE;N/A;Yes;GPS, GLONASS, GALILEO, BDS;FM radio;USB Type-C 2.0, OTG;Wi-Fi 802.11 b/g/n, dual-band;N/A;Corning Gorilla Glass 5, Mohs level 5;576 x 1280 pixels, 20:9 ratio (~213 ppi density);6.6 inches, 105.2 cm2 (~73.4% screen-to-body ratio);IPS LCD, 450 nits;100:32h endurance, 1000 cycles;Class B;Class A (270 falls);Class C;N/A;Fingerprint (rear-mounted), accelerometer, gyro, proximity, compass;2024, December;Available. Released 2025, February;"13 MP, f/2.2, (wide), 1/3.06"", PDAF
2 MP, f/2.4, (macro), 1/5""";LED flash, HDR, panorama;N/A;N/A;1080p@30fps;N/A;microSDXC (uses shared SIM slot);256GB 8GB RAM;Black, Green, Orange;N/A;N/A;N/A;N/A;GSM 850 / 900 / 1800 / 1900;HSDPA 800 / 850 / 900 / 1700(AWS) / 1900 / 2100;1, 2, 3, 4, 5, 7, 8, 12, 17, 18, 19, 20, 25, 26, 28, 38, 40, 41, 66;N/A;HSPA, LTE;GSM / HSPA / LTE;N/A;Octa-core (2x1.6 GHz Cortex-A75 & 6x1.6 GHz Cortex-A55);Unisoc T606 (12 nm);Mali-G57 MP1;Android 14;N/A;"5 MP, f/2.2, (wide), 1/5""";720p@30fps;No;Yes
11;Itel;itel A27;https://www.gsmarena.com/itel_a27-12495.php;N/A;N/A;N/A;4000 mAh;N/A;N/A;-;Dual SIM;-;Yes;N/A;No;Unspecified;Unspecified;microUSB;Yes;N/A;N/A;480 x 960 pixels, 18:9 ratio (~197 ppi density);5.45 inches, 76.7 cm2;IPS LCD;N/A;N/A;N/A;N/A;N/A;Fingerprint (rear-mounted), accelerometer;2022;Available. Released 2022;N/A;LED flash;5 MP;N/A;Yes;N/A;microSDXC;32GB 2GB RAM;Blue;N/A;N/A;N/A;N/A;GSM 850 / 900 / 1800 / 1900;HSDPA 850 / 900 / 2100;LTE;N/A;HSPA, LTE;GSM / HSPA / LTE;N/A;Quad-core 1.4 GHz;Unisoc SC9832E (28 nm);Mali-T820 MP1;Android 11 (Go edition);N/A;2 MP;Yes;Yes;Yes
12;Itel;Oukitel WP55;https://www.gsmarena.com/oukitel_wp55-14030.php;N/A;N/A;"33W wired
Reverse wired";Li-Po 11000 mAh;"IP68/IP69K dust tight and water resistant (high pressure water jets; immersible up to 1.5m for 30 min)
Drop resistant up to 1.5m
MIL-STD-810H compliant";N/A;172.2 x 81 x 15.3 mm (6.78 x 3.19 x 0.60 in);Nano-SIM + Nano-SIM;360 g (12.70 oz);5.2, A2DP, LE;N/A;Yes;GPS, GLONASS, GALILEO, BDS;FM radio;USB Type-C 2.0, OTG;Wi-Fi 802.11 a/b/g/n/ac, dual-band;N/A;Corning Gorilla Glass 5, Mohs level 5;1080 x 2408 pixels, 20:9 ratio (~400 ppi density);6.6 inches, 104.9 cm2 (~75.2% screen-to-body ratio);IPS LCD, 120Hz, 450 nits;105:49h endurance, 1000 cycles;Class B;Class A (270 falls);Class C;N/A;Fingerprint (side-mounted), accelerometer, gyro, proximity, compass;2024, December;Available. Released 2025, March 15;N/A;LED flash, HDR, panorama;N/A;"108 MP, f/1.9, (wide), 1/1.8"", PDAF
8 MP, f/2.2, (night vision), 1/1.78"", AF
2 MP, f/2.2, (macro), 1/1.5""";4K@30fps;N/A;microSDXC (uses shared SIM slot);256GB 12GB RAM;Black, Orange;N/A;N/A;N/A;N/A;GSM 850 / 900 / 1800 / 1900;HSDPA 800 / 850 / 900 / 1700(AWS) / 1900 / 2100;1, 2, 3, 4, 5, 7, 8, 12, 13, 17, 18, 19, 20, 25, 26, 28, 34, 38, 39, 40, 41, 66, 71;1, 2, 3, 5, 7, 8, 12, 20, 28, 38, 40, 41, 66, 71, 77, 78 SA/NSA;HSPA, LTE;GSM / HSPA / LTE / 5G;N/A;Octa-core (2x2.5 GHz Cortex-A78 & 6x2.0 GHz Cortex-A55);Mediatek Dimensity 7025 (6 nm);IMG BXM-8-256;Android 15;N/A;"32 MP, f/2.2, (wide), 1/2.74""";1080p@30fps;No;Yes
13;Itel;Oukitel WP100 Titan;https://www.gsmarena.com/oukitel_wp100_titan-14032.php;N/A;N/A;"66W wired
18W reverse wired";Li-Po 33000 mAh;"IP68/IP69K dust tight and water resistant (high pressure water jets; immersible up to 1.5m for 30 min)
Drop resistant up to 1.5m
MIL-STD-810H compliant
Built-in projector with 100 Lumens
1200 lumens dedicated camping flashlight";Glass front, aluminum with plastic frame and back;178.3 x 84.3 x 35.6 mm (7.02 x 3.32 x 1.40 in);Nano-SIM + Nano-SIM;876.6 g (1.93 lb);5.4, A2DP, LE;N/A;Yes;GPS, GLONASS, GALILEO, BDS;FM radio, FM recording;USB Type-C 2.0, OTG;Wi-Fi 802.11 a/b/g/n/ac/6e, dual-band;N/A;Corning Gorilla Glass 5, Mohs level 5;1080 x 2460 pixels (~395 ppi density);6.8 inches, 109.8 cm2 (~73.1% screen-to-body ratio);IPS LCD, 120Hz, 450 nits;166:39h endurance, 1400 cycles;Class B;Class A (270 falls);Class C;N/A;Fingerprint (side-mounted), accelerometer, gyro, proximity, compass;2025, February 18;Available. Released 2025, February 18;N/A;LED flash, HDR, portrait, panorama;N/A;"200 MP (wide), 1/1.4"", PDAF, LED
20 MP (Night Vision), 1/2.78"", AF
2 MP (macro), 1/1.5""";4K@30fps;N/A;microSDXC (uses shared SIM slot);512GB 16GB RAM;Black;N/A;About 780 EUR;N/A;CDMA2000 1xEV-DO;GSM 850 / 900 / 1800 / 1900;HSDPA 800 / 850 / 900 / 1700(AWS) / 1900 / 2100;1, 2, 3, 4, 5, 7, 8, 12, 13, 17, 18, 19, 20, 25, 26, 28, 34, 38, 40, 41, 66 LTE;1, 2, 3, 5, 7, 8, 12, 20, 28, 38, 40, 41, 66, 71, 77, 78, 79;HSPA, LTE;GSM / HSPA / EVDO / LTE / 5G;N/A;Octa-core (4x2.5 GHz Cortex-A78 & 4x2.0 GHz Cortex-A55);Mediatek Dimensity 7300 (4 nm);Mali-G615 MP2;Android 14;N/A;"32MP, 1/2.74""";1080p@30fps;No;Yes
14;Itel;itel S23;https://www.gsmarena.com/itel_s23-12478.php;N/A;N/A;10W wired;5000 mAh;N/A;N/A;164 x 76 x 8 mm (6.46 x 2.99 x 0.31 in);Nano-SIM + Nano-SIM;195 g (6.88 oz);Yes;N/A;No;GPS;Unspecified;USB Type-C 2.0, OTG;Yes;N/A;N/A;720 x 1612 pixels, 20:9 ratio (~267 ppi density);6.6 inches, 104.6 cm2 (~84.0% screen-to-body ratio);IPS LCD, 90Hz;N/A;N/A;N/A;N/A;N/A;Fingerprint (side-mounted), accelerometer;2023;Available. Released 2023;N/A;LED flash;"50 MP, f/1.6, (wide), AF
0.08 MP (auxiliary lens)";N/A;1080p@30fps;UFS 2.2;microSDXC (dedicated slot);128GB 4GB RAM, 128GB 8GB RAM, 256GB 8GB RAM;Starry Black, Mystery White;‎S665L, S665LN;About 170 EUR;N/A;N/A;GSM 850 / 900 / 1800 / 1900;HSDPA 850 / 900 / 2100;1, 3, 5, 8, 38, 40, 41 - India;N/A;HSPA, LTE;GSM / HSPA / LTE;N/A;Octa-core (2x1.6 GHz Cortex-A75 & 6x1.6 GHz Cortex-A55);Unisoc T606 (12 nm);Mali-G57 MP1;Android 12;LED flash;8 MP;Yes;Yes;Yes
15;Itel;itel A48;https://www.gsmarena.com/itel_a48-12497.php;N/A;N/A;N/A;3000 mAh;N/A;N/A;-;Dual SIM;-;Yes;N/A;No;GPS;Unspecified;microUSB;Yes;N/A;N/A;720 x 1600 pixels, 20:9 ratio (~288 ppi density);6.1 inches, 89.8 cm2;IPS LCD;N/A;N/A;N/A;N/A;N/A;Fingerprint (rear-mounted), accelerometer;2021;Available. Released 2021;N/A;LED flash;"5 MP (wide)
0.08 MP (auxiliary lens)";N/A;Yes;N/A;microSDXC;32GB 2GB RAM;Black, Purple, Green;N/A;N/A;N/A;N/A;GSM 850 / 900 / 1800 / 1900;HSDPA 850 / 900 / 2100;LTE;N/A;HSPA, LTE;GSM / HSPA / LTE;N/A;Quad-core 1.4 GHz;Unisoc SC9832E (28 nm);Mali-T820 MP1;Android 10 (Go edition);N/A;5 MP;Yes;Yes;Yes
16;Itel;Oukitel WP35;https://www.gsmarena.com/oukitel_wp35-13009.php;N/A;N/A;18W wired;Li-Po 11000 mAh;"IP68/IP69K dust tight and water resistant (high pressure water jets; immersible up to 1.5m for 30 min)
Drop resistant up to 1.5m
MIL-STD-810H compliant";N/A;172.2 x 81 x 14.9 mm (6.78 x 3.19 x 0.59 in);Nano-SIM;360 g (12.70 oz);5.2, A2DP, LE;N/A;Yes;GPS, GLONASS, GALILEO, BDS;FM radio;USB Type-C 2.0, OTG;Wi-Fi 802.11 a/b/g/n/ac, dual-band;N/A;Corning Gorilla Glass 5;1080 x 2408 pixels, 20:9 ratio (~400 ppi density);6.6 inches, 104.9 cm2 (~75.2% screen-to-body ratio);IPS LCD, 450 nits;N/A;N/A;N/A;N/A;N/A;Fingerprint (side-mounted), accelerometer, gyro, proximity, compass;2024, May 13;Available. Released 2024, May;"64 MP, f/1.9, (wide), 1/1.73"", PDAF
8 MP, f/2.0, (night vision), 1/4"", AF, infrared night vision lights";LED flash, HDR, panorama;N/A;N/A;1440p@30fps, 1080p@30fps;UFS 2.2;No;256GB 8GB RAM;Gray, Green, Caramel;N/A;About 320 EUR;N/A;N/A;GSM 850 / 900 / 1800 / 1900;HSDPA 800 / 850 / 900 / 1700(AWS) / 1900 / 2100;1, 2, 3, 4, 5, 7, 8, 12, 13, 17, 18, 19, 20, 25, 26, 28, 66, 71;1, 2, 3, 5, 7, 8, 20, 25, 28, 38, 41, 66, 77, 78, 79 SA/NSA;HSPA, LTE, 5G;GSM / HSPA / LTE / 5G;N/A;Octa-core (2x2.2 GHz Cortex-A76 & 6x2.0 GHz Cortex-A55);Mediatek Dimensity 6100+ (6 nm);Mali-G57 MC2;Android 14;N/A;"32 MP, f/2.2, (wide), 1/2.74""";1080p@30fps;No;Yes
17;Itel;Oukitel WP36;https://www.gsmarena.com/oukitel_wp36-12894.php;N/A;N/A;"15W wired
Reverse wired";Li-Po 10600 mAh;"IP68/IP69K dust tight and water resistant (high pressure water jets; immersible up to 1.5m for 30 min)
Drop resistant up to 1.5m
MIL-STD-810H compliant";N/A;172.2 x 80.7 x 19.1 mm (6.78 x 3.18 x 0.75 in);Nano-SIM + Nano-SIM;393.7 g (13.90 oz);4.2, A2DP;N/A;Yes;GPS, GLONASS, GALILEO, BDS;FM radio;USB Type-C 2.0, OTG;Wi-Fi 802.11 a/b/g/n/ac, dual-band;N/A;Corning Gorilla Glass 5, Mohs level 5;720 x 1600 pixels, 20:9 ratio (~269 ppi density);6.52 inches, 102.6 cm2 (~73.9% screen-to-body ratio);IPS LCD, 400 nits;101:19h endurance, 1000 cycles;Class B;Class A (270 falls);Class C;N/A;Fingerprint (side-mounted), accelerometer, gyro, proximity, compass;2024, January 06;Available. Released 2024, January;"13 MP, f/2.2, (wide), 1/3.1"", AF
2 MP, (macro)";LED flash;N/A;N/A;1080p@30fps;UFS 2.1;microSDXC (uses shared SIM slot);128GB 8GB RAM;Black,;N/A;About 190 EUR;N/A;CDMA 800 / 1900;GSM 850 / 900 / 1800 / 1900;HSDPA 850 / 900 / 1700(AWS) / 1900 / 2100;1, 2, 3, 4, 5, 7, 8, 12, 17, 18, 19, 20, 25, 26, 28, 38, 39, 40, 41, 66;N/A;HSPA, LTE;GSM / CDMA / HSPA / LTE;N/A;Octa-core (4x2.0 GHz Cortex-A73 & 4x2.0 GHz Cortex-A53);Mediatek MT8788 (12 nm);Mali-G72 MP3;Android 13;N/A;"5 MP, f/2.2, (wide), 1/5.0""";1080p@30fps;No;Yes (128 dB, 3.5W peak)
18;Itel;Oukitel WP35 S;https://www.gsmarena.com/oukitel_wp35_s-13458.php;N/A;N/A;18W wired;Li-Po 11000 mAh;"IP68/IP69K dust tight and water resistant (high pressure water jets; immersible up to 1.5m for 30 min)
Drop resistant up to 1.5m
MIL-STD-810H compliant";Glass front, aluminum/titanium frame;172.2 x 81 x 14.9 mm (6.78 x 3.19 x 0.59 in);Nano-SIM + Nano-SIM;361 g (12.73 oz);5.0, A2DP, LE;N/A;Yes;GPS, GLONASS, GALILEO, BDS;FM radio;USB Type-C 2.0, OTG;Wi-Fi 802.11 a/b/g/n/ac, dual-band;N/A;Corning Gorilla Glass 5, Mohs level 5;720 x 1612 pixels, 20:9 ratio (~269 ppi density);6.56 inches, 103.4 cm2 (~74.1% screen-to-body ratio);IPS LCD, 400 nits;120:51h endurance, 1000 cycles;Class A;Class A (270 falls);Class A;N/A;Accelerometer, proximity, compass;2024, September;Available. Released 2024, September;N/A;LED flash, HDR, panorama;N/A;"48 MP, f/1.8, (wide), 1/2.0"", PDAF
8 MP, f/2.0, (night vision), 1/4"", AF, infrared night vision lights
2 MP, f/2.2, (macro)";1080p@30fps;N/A;microSDXC (uses shared SIM slot);256GB 6GB RAM;Grey, Green, Coffee;N/A;About 140 EUR;N/A;N/A;GSM 850 / 900 / 1800 / 1900;HSDPA 800 / 850 / 900 / 1700(AWS) / 1900 / 2100;1, 2, 3, 4, 5, 7, 8, 12, 13, 17, 18, 19, 20, 25, 26, 28, 30, 38, 39, 40, 41, 66;N/A;HSPA, LTE;GSM / HSPA / LTE;N/A;Octa-core (2x2.0 GHz Cortex-A75 & 6x1.8 GHz Cortex-A55);Mediatek Helio G85 (12 nm);Mali-G52 MC2;Android 14;N/A;"16 MP, f/2.0, (wide), 1/3.1""";1080p@30fps;No;Yes
19;Itel;itel A70;https://www.gsmarena.com/itel_a70-12704.php;N/A;N/A;10W wired;5000 mAh;N/A;N/A;8.6 mm thickness;Dual SIM;-;Yes;N/A;No;GPS;Unspecified;USB Type-C 2.0;Yes;N/A;N/A;720 x 1612 pixels, 20:9 ratio (~267 ppi density);6.6 inches, 104.6 cm2;IPS LCD, 500 nits (peak);N/A;N/A;N/A;N/A;N/A;"Fingerprint (side-mounted); unspecified sensors";2023, October 30;Available. Released 2023, November;N/A;Dual-LED flash, HDR;"13 MP
0.08 MP (auxiliary lens)";N/A;Yes;N/A;microSDXC (dedicated slot);64GB 4GB RAM, 128GB 3GB RAM, 128GB 4GB RAM, 256GB 4GB RAM;Brilliant Gold, Stylish Black, Field Green, Azure Blue;A665L;N/A;N/A;N/A;GSM 850 / 900 / 1800 / 1900;HSDPA 850 / 900 / 2100;LTE;N/A;HSPA, LTE;GSM / HSPA / LTE;N/A;Octa-core;Unisoc T603;N/A;Android 13 (Go edition);N/A;8 MP;Yes;Yes;Yes
20;Itel;Oukitel C51;https://www.gsmarena.com/oukitel_c51-13094.php;N/A;N/A;10W wired;Li-Po 5150 mAh;Drop resistant up to 0.8m;N/A;168.1 x 78.2 x 9.4 mm (6.62 x 3.08 x 0.37 in);Nano-SIM;205 g (7.23 oz);5.0, A2DP, LE;N/A;No;GPS, GALILEO, GLONASS, BDS;FM radio;USB Type-C 2.0, OTG;Wi-Fi 802.11 a/b/g/n/ac, dual-band;N/A;Corning Gorilla Glass 5;720 x 1600 pixels, 20:9 ratio (~258 ppi density);6.8 inches, 111.6 cm2 (~84.9% screen-to-body ratio);IPS LCD, 450 nits;N/A;N/A;N/A;N/A;N/A;Fingerprint (side-mounted), accelerometer, proximity;2024, May;Available. Released 2024, June;N/A;LED flash, panorama;"13 MP, f/2.2, (wide), 1/3.06"", AF";N/A;1080p@30fps;UFS;microSDXC (dedicated slot);128GB 6GB RAM;Gray, Blue, Purple;N/A;N/A;N/A;N/A;GSM 850 / 900 / 1800 / 1900;HSDPA 900 / 2100;1, 3, 5, 7, 8, 19, 20, 38, 40, 41;N/A;HSPA, LTE;GSM / HSPA / LTE;N/A;Octa-core (2x1.6 GHz Cortex-A75 & 6x1.6 GHz Cortex-A55);Unisoc T606 (12 nm);Mali-G57 MP1;Android 13;N/A;"5 MP, f/2.2, (wide), 1/5""";Yes;Yes;Yes
21;Itel;Oukitel G2;https://www.gsmarena.com/oukitel_g2-13312.php;N/A;N/A;10W wired;Li-Po 6300 mAh;"IP68/IP69K dust tight and water resistant (high pressure water jets; immersible up to 1.5m for 30 min)
Drop resistant up to 1.5m
MIL-STD-810H compliant";N/A;166 x 81.1 x 15.1 mm (6.54 x 3.19 x 0.59 in);Nano-SIM + Nano-SIM;373 g (13.16 oz);5.0, A2DP, LE;N/A;No;GPS, GLONASS, GALILEO, BDS;FM radio;USB Type-C 2.0, OTG;Wi-Fi 802.11 a/b/g/n/ac, dual-band;N/A;Corning Gorilla Glass 5, Mohs level 5;576 x 1156 pixels, 18:9 ratio (~215 ppi density);6.0 inches, 92.7 cm2 (~68.9% screen-to-body ratio);IPS LCD;58:56h endurance, 1000 cycles;Class B;Class A (270 falls);Class C;N/A;Accelerometer, proximity, compass;2024, September;Available. Released 2024, September;"13 MP, f/2.2, (wide), 1/3.06"", PDAF
other unspecified cameras";LED flash;N/A;N/A;1080p@30fps;UFS 2.0;microSDXC (uses shared SIM slot);64GB 4GB RAM;Black, Green, Orange;N/A;About 110 EUR;N/A;N/A;GSM 850 / 900 / 1800 / 1900;HSDPA 800 / 850 / 900 / 1700(AWS) / 1900 / 2100;1, 2, 3, 4, 5, 7, 8, 12, 17, 18, 19, 20, 25, 26, 28, 66;N/A;HSPA, LTE;GSM / HSPA / LTE;N/A;Octa-core (2x1.6 GHz Cortex-A75 & 6x1.6 GHz Cortex-A55);Unisoc T606 (12 nm);Mali-G57 MP1;Android 14;N/A;"5 MP, f/2.2, (wide), 1/5.0""";720p@30fps;No;Yes
22;Itel;Oukitel WP30 Pro;https://www.gsmarena.com/oukitel_wp30_pro-12669.php;N/A;N/A;120W wired, 50% in 15 min, 100% in 50 min;Li-Po 11000 mAh;"IP68/IP69K dust tight and water resistant (high pressure water jets; immersible up to 1.5m for 30 min)
Drop resistant up to 1.5m
MIL-STD-810H compliant";N/A;177.4 x 83.6 x 19 mm (6.98 x 3.29 x 0.75 in);Nano-SIM + eSIM;413.8 g (14.60 oz);5.2, A2DP, LE;N/A;Yes;GPS (L1+L5), GLONASS, GALILEO, BDS;Unspecified;USB Type-C 2.0, OTG;Wi-Fi 802.11 a/b/g/n/ac/6, dual-band;"Back display:
AMOLED, 1.8 inches, 390 x 450 pixels, 500 nits, 341 ppi";Corning Gorilla Glass 5;1080 x 2460 pixels (~396 ppi density);6.78 inches, 109.2 cm2 (~73.6% screen-to-body ratio);IPS LCD, 120Hz, 430 nits;N/A;N/A;N/A;N/A;N/A;Fingerprint (side-mounted), accelerometer, gyro, proximity, compass;2023, October;Available. Released 2023, November 11;N/A;LED flash, HDR, panorama;N/A;"108 MP, f/1.9, (wide), 1/1.33"", PDAF
20 MP, f/2.0, (night vision), 1/2.78"", AF, infrared night vision lights
5 MP, f/2.0, (macro), 1/5.0""";4K@30fps, 1080p@30fps;UFS 3.1;No;512GB 12GB RAM;Black;N/A;About 500 EUR;N/A;CDMA 800 / 1900;GSM 850 / 900 / 1800 / 1900;HSDPA 800 / 850 / 900 / 1700(AWS) / 1900 / 2100;1, 2, 3, 4, 5, 7, 8, 12, 13, 17, 18, 19, 20, 25, 26, 28, 34, 38, 39, 40, 41, 66, 71;1, 2, 3, 5, 7, 8, 12, 20, 25, 28, 34, 38, 39, 40, 41, 48, 66, 71, 77, 78, 79 SA/NSA;HSPA, LTE, 5G;GSM / CDMA / HSPA / LTE / 5G;N/A;Octa-core (1x3.0 GHz Cortex-A78 & 3x2.6 GHz Cortex-A78 & 4x2.0 GHz Cortex-A55);Mediatek Dimensity 8050 (6 nm);Mali-G77 MC9;Android 13;N/A;"32 MP, f/2.2, (wide), 1/2.74""";1080p@30fps;Unspecified;Yes
23;Itel;Oukitel C53;https://www.gsmarena.com/oukitel_c53-13228.php;N/A;N/A;N/A;Li-Po 4000 mAh;Drop resistant up to 0.8m;N/A;165.7 x 76.8 x 8.9 mm (6.52 x 3.02 x 0.35 in);Nano-SIM;215 g (7.58 oz);4.2, A2DP, LE;N/A;No;GPS, GALILEO, GLONASS;FM radio;USB Type-C 2.0, OTG;Wi-Fi 802.11 a/b/g/n;N/A;Corning Gorilla Glass 5, Mohs level 4;720 x 1612 pixels, 20:9 ratio (~267 ppi density);6.6 inches, 104.6 cm2 (~82.2% screen-to-body ratio);IPS LCD, 400 nits;39:35h endurance, 1000 cycles;Class B;Class B (180 falls);Class C;N/A;Accelerometer;2024, June;Available. Released 2024, June;N/A;LED flash, panorama;"13 MP, f/2.2, (wide), 1/3.06"", AF";N/A;1080p@30fps;UFS;microSDXC (dedicated slot);64GB 4GB RAM;Grey, Blue, Purple, Green;N/A;N/A;N/A;N/A;GSM 850 / 900 / 1800 / 1900;HSDPA 900 / 2100;1, 3, 5, 7, 8, 19, 20, 38, 40, 41;N/A;HSPA, LTE;GSM / HSPA / LTE;N/A;Octa-core (4x1.6 GHz Cortex-A55 & 4x1.2 GHz Cortex-A55);Unisoc SC9863A (28 nm);IMG8322;Android 14;N/A;"5 MP, f/2.2, (wide), 1/5.0""";720p@30fps;Yes;Yes
24;Itel;itel P40+;https://www.gsmarena.com/itel_p40+-12480.php;N/A;N/A;18W wired;7000 mAh;N/A;N/A;8.9 mm thickness;Dual SIM;-;Yes;N/A;No;GPS;Unspecified;USB Type-C;Yes;N/A;N/A;720 x 1640 pixels (~263 ppi density);6.8 inches, 109.8 cm2;IPS LCD, 90Hz;N/A;N/A;N/A;N/A;N/A;Fingerprint (side-mounted), accelerometer;2023;Available. Released 2023;N/A;LED flash;"13 MP
0.08 MP (auxiliary lens)";N/A;1080p@30fps;UFS 2.2;microSDXC;128GB 4GB RAM;Force Black, Ice Cyan;‎P683L;N/A;N/A;N/A;GSM 850 / 900 / 1800 / 1900;HSDPA 850 / 900 / 2100;1, 3, 5, 8, 38, 40, 41 LTE;N/A;HSPA, LTE;GSM / HSPA / LTE;N/A;Octa-core (2x1.6 GHz Cortex-A75 & 6x1.6 GHz Cortex-A55);Unisoc T606 (12 nm);Mali-G57 MP1;Android 12 or 13;N/A;8 MP;Yes;Yes;Yes
25;Itel;itel A04;https://www.gsmarena.com/itel_a04-12491.php;N/A;N/A;N/A;4000 mAh;N/A;N/A;-;Dual SIM;-;Yes;N/A;No;GPS;Unspecified;microUSB;Yes;N/A;N/A;480 x 960 pixels, 18:9 ratio (~170 ppi density);6.3 inches, 102.4 cm2;IPS LCD;N/A;N/A;N/A;N/A;N/A;Fingerprint (rear-mounted), accelerometer;2023;Available. Released 2023;N/A;LED flash;"5 MP (wide)
0.08 MP (auxiliary lens)";N/A;Yes;N/A;microSDXC;32GB 2GB RAM;Lake Cyan, Violet, Sandstone Black;N/A;N/A;N/A;N/A;GSM 850 / 900 / 1800 / 1900;HSDPA 850 / 900 / 2100;LTE;N/A;HSPA, LTE;GSM / HSPA / LTE;N/A;N/A;N/A;N/A;Android (Go edition);N/A;5 MP;Yes;Yes;Yes
26;Itel;itel RS4;https://www.gsmarena.com/itel_rs4-12930.php;N/A;N/A;45W wired, bypass charging, 80% in 30 min;5000 mAh;N/A;N/A;8.2 mm thickness;Nano-SIM + Nano-SIM;198 g (6.98 oz);Yes;N/A;Yes;GPS;Unspecified;USB Type-C;Yes;N/A;N/A;720 x 1612 pixels, 20:9 ratio (~269 ppi density);6.56 inches, 103.4 cm2;IPS LCD, 120Hz;N/A;N/A;N/A;N/A;N/A;Fingerprint (side-mounted), accelerometer, gyro;2024, April 06;Available. Released 2024, April;N/A;LED flash;50 MP, f/1.6, (wide), AF;N/A;1080p@30fps;N/A;Unspecified;128GB 8GB RAM, 256GB 8GB RAM, 256GB 12GB RAM;Silvery White, Elegant Beige, Lurex Black;N/A;About 100 EUR;N/A;N/A;GSM 850 / 900 / 1800 / 1900;HSDPA 850 / 900 / 2100;LTE;N/A;HSPA, LTE;GSM / HSPA / LTE;N/A;Octa-core (2x2.2 GHz Cortex-A76 & 6x2.0 GHz Cortex-A55);Mediatek Helio G99 Ultimate;Mali-G57 MC2;Android 13;N/A;8 MP;Yes;Yes;Yes, with stereo speakers
27;Itel;Oukitel G1;https://www.gsmarena.com/oukitel_g1-13311.php;N/A;N/A;18W wired;Li-Po 10600 mAh;"IP68/IP69K dust tight and water resistant (high pressure water jets; immersible up to 1.5m for 30 min)
Drop resistant up to 1.5m
MIL-STD-810H compliant";N/A;174.2 x 82.3 x 17.4 mm (6.86 x 3.24 x 0.69 in);Nano-SIM;373 g (13.16 oz);5.0, A2DP, LE;N/A;Yes;GPS, GLONASS, GALILEO, BDS;FM radio;USB Type-C 2.0, OTG;Wi-Fi 802.11 a/b/g/n/ac, dual-band;N/A;Corning Gorilla Glass 5, Mohs level 5;576 x 1280 pixels, 20:9 ratio (~215 ppi density);6.52 inches, 102.6 cm2 (~71.6% screen-to-body ratio);IPS LCD, 400 nits;100:16h endurance, 1000 cycles;Class B;Class A (270 falls);Class C;N/A;Accelerometer, proximity, compass;2024, September;Available. Released 2024, September;"48 MP, f/1.8, (wide), 1/2.0"", PDAF
2 MP, f/2.4, (macro)";LED flash, panorama;N/A;N/A;1080p@30fps;UFS 2.1;microSDXC;256GB 6GB RAM;Black, Orange, Green;N/A;About 160 EUR;N/A;N/A;GSM 850 / 900 / 1800 / 1900;HSDPA 850 / 900 / 1700(AWS) / 1900 / 2100;1, 2, 3, 4, 5, 7, 8, 12, 17, 18, 19, 20, 25, 26, 28, 38, 40, 41, 66;N/A;HSPA, LTE;GSM / HSPA / LTE;N/A;Octa-core (2x1.6 GHz Cortex-A75 & 6x1.6 GHz Cortex-A55);Unisoc T606 (12 nm);Mali-G57 MP1;Android 14;N/A;"5 MP, f/2.2, (wide), 1/5.0""";720p@30fps;No;Yes
28;Itel;itel A60;https://www.gsmarena.com/itel_a60-12490.php;N/A;N/A;10W wired;5000 mAh;N/A;N/A;-;Dual SIM;-;Yes;N/A;No;GPS;Unspecified;microUSB, OTG;Yes;N/A;N/A;720 x 1612 pixels, 20:9 ratio (~267 ppi density);6.6 inches, 104.6 cm2;IPS LCD;N/A;N/A;N/A;N/A;N/A;Fingerprint (rear-mounted), accelerometer, proximity;2022;Available. Released 2022;"8 MP
0.3 MP";LED flash;N/A;N/A;Yes;N/A;microSDXC;32GB 2GB RAM;Dawn Blue, Vert Menthe, Sapphire Black;N/A;N/A;N/A;N/A;GSM 850 / 900 / 1800 / 1900;HSDPA 850 / 900 / 2100;1, 3, 5, 8, 40, 41;N/A;HSPA, LTE;GSM / HSPA / LTE;N/A;Quad-core 1.4 GHz;Unisoc SC9832E (28 nm);Mali-T820 MP1;Android 11 or 12 (Go edition);N/A;5 MP;Yes;Yes;Yes
29;Itel;itel P65;https://www.gsmarena.com/itel_p65-13258.php;N/A;N/A;18W wired, 40% in 30 min;5000 mAh;LED notification ring on the back;N/A;165.9 x 77.3 x 7.9 mm (6.53 x 3.04 x 0.31 in);Nano-SIM + Nano-SIM;192.4 g (6.81 oz);Yes;N/A;Yes (256/6GB model only);GPS;FM radio;USB Type-C, OTG;Yes;N/A;N/A;720 x 1600 pixels, 20:9 ratio (~262 ppi density);6.7 inches, 108.4 cm2 (~84.5% screen-to-body ratio);IPS LCD, 120Hz;N/A;N/A;N/A;N/A;N/A;Fingerprint (side-mounted), accelerometer, proximity;2024, August 08;Available. Released 2024, August 08;N/A;LED flash, HDR, panorama;"50 MP, f/1.6, (wide)
Auxiliary lens";N/A;1080p@30fps;N/A;microSDXC;128GB 4GB RAM, 128GB 8GB RAM, 256GB 6GB RAM;Cyber Blaze, Cyber Black, Cyber Titanium;P671L;About 110 EUR;N/A;N/A;GSM 850 / 900 / 1800 / 1900;HSDPA 850 / 900 / 2100;LTE;N/A;HSPA, LTE;GSM / HSPA / LTE;N/A;Octa-core (2x1.8 GHz Cortex-A75 & 6x1.6 GHz Cortex-A55);Unisoc T615 (12 nm);Mali-G57 MP1;Android 14, itel OS 14;N/A;8 MP, f/2.0, 26mm (wide);1080p@30fps;Yes;Yes
30;Itel;itel A60s;https://www.gsmarena.com/itel_a60s-12485.php;N/A;N/A;10W wired;5000 mAh;N/A;N/A;-;Dual SIM;-;Yes;N/A;No;GPS;Unspecified;microUSB, OTG;Yes;N/A;N/A;720 x 1612 pixels, 20:9 ratio (~267 ppi density);6.6 inches, 104.6 cm2;IPS LCD;N/A;N/A;N/A;N/A;N/A;Fingerprint (rear-mounted), accelerometer, compass;2023;Available. Released 2023;N/A;LED flash;"8 MP (wide)
0.08 MP (auxiliary lens)";N/A;Yes;N/A;microSDXC;64GB 4GB RAM, 128GB 4GB RAM;Shadow Black, Glacier Green, Moonlit Violet;N/A;About 70 EUR;N/A;N/A;GSM 850 / 900 / 1800 / 1900;HSDPA 850 / 900 / 2100;1, 3, 5, 8, 38, 40, 41;N/A;HSPA, LTE;GSM / HSPA / LTE;N/A;Octa-core (4x1.6 GHz Cortex-A55 & 4x1.2 GHz Cortex-A55);Unisoc SC9863A1 (22 nm);IMG8322;Android 12;N/A;5 MP;Yes;Yes;Yes
31;Itel;itel Vision 2;https://www.gsmarena.com/itel_vision_2-12500.php;N/A;N/A;N/A;4000 mAh;N/A;N/A;-;Dual SIM;-;Yes;N/A;No;GPS;Unspecified;microUSB;Yes;N/A;N/A;720 x 1600 pixels, 20:9 ratio (~266 ppi density);6.6 inches, 105.2 cm2;IPS LCD;N/A;N/A;N/A;N/A;N/A;Fingerprint (rear-mounted), accelerometer;2021;Available. Released 2021;"13 MP, (wide)
2 MP, (macro)
0.08 MP (auxiliary lens)";LED flash;N/A;N/A;1080p@30fps;N/A;microSDXC (dedicated slot);32GB 2GB RAM;Green;N/A;N/A;N/A;N/A;GSM 850 / 900 / 1800 / 1900;HSDPA 850 / 900 / 2100;LTE;N/A;HSPA, LTE;GSM / HSPA / LTE;N/A;Octa-core (4x1.6 GHz Cortex-A55 & 4x1.2 GHz Cortex-A55);Unisoc SC9863A (28 nm);IMG8322;Android 10 (Go edition);N/A;8 MP;Yes;Yes;Yes
32;Itel;itel A25;https://www.gsmarena.com/itel_a25-12501.php;N/A;N/A;N/A;3020 mAh;N/A;N/A;-;Dual SIM;-;Yes;N/A;No;Unspecified;Unspecified;microUSB;Yes;N/A;N/A;720 x 1280 pixels, 16:9 ratio (~294 ppi density);5.0 inches, 68.9 cm2;IPS LCD;N/A;N/A;N/A;N/A;N/A;Accelerometer;2020;Available. Released 2020;N/A;LED flash;5 MP;N/A;Yes;N/A;microSDHC;16GB 1GB RAM;Violet, Blue;N/A;N/A;N/A;N/A;GSM 850 / 900 / 1800 / 1900;HSDPA 850 / 900 / 2100;LTE;N/A;HSPA, LTE;GSM / HSPA / LTE;-26.9 LUFS (Good);Quad-core 1.4 GHz;Unisoc SC9832E (28 nm);Mali-T820 MP1;Android 9.0 (Pie);LED flash;2 MP;Yes;Yes;Yes
33;Itel;itel P55;https://www.gsmarena.com/itel_p55-12808.php;N/A;N/A;18W wired;5000 mAh;N/A;N/A;8.0 mm thickness;Nano-SIM + Nano-SIM;190 g (6.70 oz);Yes;N/A;No;GPS;Unspecified;USB Type-C, OTG;Yes;N/A;N/A;720 x 1612 pixels, 20:9 ratio (~267 ppi density);6.6 inches, 104.6 cm2;IPS LCD, 90Hz;N/A;N/A;N/A;N/A;N/A;"Fingerprint (side-mounted); unspecified sensors";2024, January 26;Available. Released 2024, January 31;N/A;Dual-LED flash, panorama;"50 MP
0.08 MP (auxiliary lens)";N/A;Yes;UFS 2.2;microSDXC;128GB 4GB RAM, 128GB 8GB RAM, 256GB 8GB RAM;Aurora Blue, Brilliant Gold, Moonlit Black, Starry Purple;A666L, A666LN, P666L;N/A;N/A;N/A;GSM 850 / 900 / 1800 / 1900;HSDPA 850 / 900 / 2100;LTE;N/A;HSPA, LTE;GSM / HSPA / LTE;N/A;Octa-core (2x1.6 GHz Cortex-A75 & 6x1.6 GHz Cortex-A55);Unisoc T606 (12 nm);Mali-G57 MP1;Android 13;N/A;8 MP;Yes;Yes;Yes
34;Itel;itel P40;https://www.gsmarena.com/itel_p40-12481.php;N/A;N/A;18W wired;6000 mAh;N/A;N/A;-;Dual SIM;-;Yes;N/A;No;GPS;Unspecified;microUSB;Yes;N/A;N/A;720 x 1612 pixels, 20:9 ratio (~267 ppi density);6.6 inches, 104.6 cm2;IPS LCD;N/A;N/A;N/A;N/A;N/A;Fingerprint (rear-mounted), accelerometer;2023;Available. Released 2023;"13 MP
0.3 MP";LED flash;N/A;N/A;1080p@30fps;N/A;microSDXC;32GB 3GB RAM, 64GB 2GB RAM, 64GB 4GB RAM;Force Black, Dreamy Blue, Luxurious Gold;P662L, P662LN;About 130 EUR;N/A;N/A;GSM 850 / 900 / 1800 / 1900;HSDPA 850 / 900 / 2100;LTE;N/A;HSPA, LTE;GSM / HSPA / LTE;N/A;Octa-core (4x1.6 GHz Cortex-A55 & 4x1.2 GHz Cortex-A55);Unisoc SC9863A (28 nm);IMG8322;Android 12 (Go edition);N/A;5 MP;Yes;Yes;Yes
35;Itel;Oukitel WP200 Pro;https://www.gsmarena.com/oukitel_wp200_pro-14033.php;N/A;N/A;"45W wired
Reverse wired";Li-Po 8800 mAh;"IP68/IP69K dust tight and water resistant (high pressure water jets; immersible up to 1.5m for 30 min)
Drop resistant up to 1.5m
MIL-STD-810H compliant
Detachable Multifunctional Bluetooth sport band with earphone and display";N/A;163.6 x 77.9 x 13.7 mm (6.44 x 3.07 x 0.54 in);Nano-SIM + Nano-SIM;311 g (10.97 oz);5.3, A2DP, LE;N/A;Yes;GPS, GLONASS, GALILEO, BDS;FM radio;USB Type-C 2.0, OTG;Wi-Fi 802.11 a/b/g/n/ac/6, dual-band;N/A;Corning Gorilla Glass 5, Mohs level 5;1080 x 2412 pixels, 20:9 ratio (~394 ppi density);6.7 inches, 108.0 cm2 (~84.8% screen-to-body ratio);AMOLED, 120Hz, 500 nits;86:17h endurance, 1000 cycles;Class B;Class A (270 falls);Class C;N/A;Fingerprint (under display, optical), accelerometer, proximity, compass, gyro;2024, December;Available. Released 2025, March 15;N/A;LED flash, HDR, panorama;N/A;"108 MP, f/1.9, (wide), 1/1.8"", PDAF
2 MP, f/2.2, (macro), 1/1.5""
0.3 MP (depth)";4K@30fps;N/A;microSDXC (uses shared SIM slot);1TB 24GB RAM;Black;N/A;N/A;N/A;N/A;GSM 850 / 900 / 1800 / 1900;HSDPA 800 / 850 / 900 / 1700(AWS) / 1900 / 2100;1, 2, 3, 4, 5, 7, 8, 12, 13, 17, 18, 19, 20, 25, 26, 28, 34, 38, 40, 41, 66, 71;1, 2, 3, 5, 7, 8, 12, 20, 28, 38, 39, 40, 41, 66, 71, 77, 78 SA/NSA;HSPA, LTE, 5G;GSM / HSPA / LTE / 5G;N/A;Octa-core (1x3.1 GHz Cortex-A78 & 3x3.0 GHz Cortex-A78 & 4x2.0 GHz Cortex-A55);Mediatek Dimensity 8200 (4 nm);Mali-G610 MC6;Android 15;N/A;"32 MP, 1/2.74""";1080p@30fps;No;Yes
36;Itel;Oukitel C61;https://www.gsmarena.com/oukitel_c61-14164.php;N/A;N/A;10W wired;Li-Po 5150 mAh;N/A;N/A;170.7 x 79.6 x 9.5 mm (6.72 x 3.13 x 0.37 in);Nano-SIM + Nano-SIM;216 g (7.62 oz);5.0, A2DP, LE;N/A;Yes;GPS, GALILEO, GLONASS, BDS;FM radio;USB Type-C;Wi-Fi 802.11 a/b/g/n/ac, dual-band;N/A;Corning Gorilla Glass, Mohs level 5;720 x 1640 pixels (~260 ppi density);6.88 inches, 112.4 cm2 (~82.7% screen-to-body ratio);IPS LCD, 90Hz, 450 nits;64:19h endurance, 1000 cycles;Class A;Class B (180 falls);Class B;N/A;Fingerprint (side-mounted), accelerometer, compass;2025, March;Available. Released 2025, May;N/A;LED flash, HDR, panorama;"13 MP, f/2.2, (wide), 1/3.06"", AF";N/A;1080p@30fps;N/A;microSDXC (uses shared SIM slot);128GB 4GB RAM;Gold, Purple, Blue, Black;N/A;$ 129.99 / € 95.99 / £ 89.24;N/A;N/A;GSM 850 / 900 / 1800 / 1900;HSDPA 850 / 900 / 1700(AWS) / 1900 / 2100;1, 2, 3, 4, 5, 7, 8, 12, 17, 18, 19, 20, 25, 26, 28, 34, 38, 39, 40, 41, 66;N/A;HSPA, LTE;GSM / HSPA / LTE;N/A;Octa-core (2x1.6 GHz Cortex-A75 & 6x1.6 GHz Cortex-A55);Unisoc T606 (12 nm);Mali-G57 MP1;Android 15;N/A;"5 MP, f/2.2, (wide), 1/5.0""";720p@30fps;No;Yes
37;Itel;itel S23+;https://www.gsmarena.com/itel_s23+-12571.php;N/A;N/A;18W wired;5000 mAh;N/A;Glass front, plastic frame, plastic back;7.9 mm thickness;Nano-SIM + Nano-SIM;178 g (6.28 oz);5.0, A2DP, LE;N/A;Yes (market/region dependent);GPS;Unspecified;USB Type-C 2.0, OTG;Wi-Fi 802.11 a/b/g/n/ac, dual-band, Wi-Fi Direct;N/A;Corning Gorilla Glass 5;1080 x 2400 pixels, 20:9 ratio (~388 ppi density);6.78 inches, 111.0 cm2;AMOLED, 500 nits (peak);N/A;N/A;N/A;N/A;N/A;Fingerprint (under display, optical), accelerometer, gyro, proximity, compass;2023, September 19;Available. Released 2023, September 19;N/A;LED flash;"50 MP, f/1.6, (wide), AF
0.08 MP (auxiliary lens)";N/A;1080p@30fps;UFS 2.0;No;128GB 4GB RAM, 256GB 8GB RAM;Black, Cyan;S681LN;About 110 EUR;N/A;N/A;GSM 850 / 900 / 1800 / 1900;HSDPA 850 / 900 / 2100;1, 3, 5, 8, 38, 40, 41;N/A;HSPA, LTE;GSM / HSPA / LTE;N/A;Octa-core (2x2.0 GHz Cortex-A75 & 6x1.8 GHz Cortex-A55);Unisoc Tiger T616 (12 nm);Mali-G57 MP1;Android 13, itel OS 13;N/A;32 MP, f/2.0;1080p@30fps;No;Yes
38;Itel;itel Vision 3;https://www.gsmarena.com/itel_vision_3-12493.php;N/A;N/A;18W wired;5000 mAh;N/A;N/A;-;Dual SIM;-;Yes;N/A;No;GPS;Unspecified;microUSB;Yes;N/A;N/A;720 x 1600 pixels, 20:9 ratio (~266 ppi density);6.6 inches, 105.2 cm2;IPS LCD;N/A;N/A;N/A;N/A;N/A;Fingerprint (rear-mounted), accelerometer;2022;Available. Released 2022;N/A;LED flash;"8 MP (wide)
0.08 MP (auxiliary lens)";N/A;1080p@30fps;N/A;microSDXC;32GB 2GB RAM, 64GB 3GB RAM;Blue;N/A;N/A;N/A;N/A;GSM 850 / 900 / 1800 / 1900;HSDPA 850 / 900 / 2100;LTE;N/A;HSPA, LTE;GSM / HSPA / LTE;N/A;Octa-core (4x1.6 GHz Cortex-A55 & 4x1.2 GHz Cortex-A55);Unisoc SC9863A (28 nm);IMG8322;Android 11 (Go edition);N/A;5 MP;Yes;Yes;Yes
39;Itel;itel A50;https://www.gsmarena.com/itel_a50-13183.php;N/A;N/A;10W wired;5000 mAh;N/A;N/A;163.9 x 75.7 x 8.7 mm (6.45 x 2.98 x 0.34 in);Dual SIM;-;Yes;N/A;No;GPS;Unspecified;USB Type-C 2.0;Yes;N/A;N/A;720 x 1612 pixels, 20:9 ratio (~267 ppi density);6.6 inches, 104.6 cm2 (~84.3% screen-to-body ratio);IPS LCD, 480 nits (peak);N/A;N/A;N/A;N/A;N/A;"Fingerprint (side-mounted); unspecified sensors";2024, May;Available. Released 2024, May;N/A;LED flash;"8 MP
auxiliary lens";N/A;Yes;N/A;microSDXC;64GB 2GB RAM, 64GB 3GB RAM, 64GB 4GB RAM, 128GB 3GB RAM;Shimmer Gold, Суаn Blue, Lime Green, Misty Black;A507LXU;N/A;N/A;N/A;GSM 850 / 900 / 1800 / 1900;HSDPA 850 / 900 / 2100;LTE;N/A;HSPA, LTE;GSM / HSPA / LTE;N/A;Octa-core;Unisoc T603;N/A;Android 14 (Go edition);N/A;5 MP;Yes;Yes;Yes
40;Itel;Oukitel WP19;https://www.gsmarena.com/oukitel_wp19-12665.php;N/A;N/A;33W wired;Li-Po 21000 mAh;"IP68/IP69K dust tight and water resistant (high pressure water jets; immersible up to 1.5m for 30 min)
Drop resistant up to 1.5m
MIL-STD-810H compliant";N/A;-;Nano-SIM + Nano-SIM;-;Yes;N/A;Yes;GPS, GLONASS, GALILEO, BDS;Unspecified;USB Type-C 2.0, OTG;Yes;N/A;N/A;1080 x 2460 pixels (~396 ppi density);6.78 inches, 109.2 cm2;IPS LCD, 90Hz;N/A;N/A;N/A;N/A;N/A;Unspecified;2022, June;Available. Released 2022, July;N/A;LED flash, panorama;N/A;"64 MP, f/1.8, (wide), PDAF
20 MP, f/2.0, (night vision), 4 infrared night vision lights
2 MP, f/2.4, (macro)";4K@30fps, 1080p@30fps;N/A;microSDXC (dedicated slot);256GB 8GB RAM;Blue, Camo, Camouflage;N/A;About 380 EUR;N/A;HSDPA 900 / 2100;GSM 850 / 900 / 1800 / 1900;HSDPA 850 / 900 / 1700(AWS) / 1900 / 2100;LTE;N/A;HSPA, LTE;GSM / HSPA / LTE;N/A;Octa-core (2x2.05 GHz Cortex-A76 & 6x2.0 GHz Cortex-A55);Mediatek MT6785V/CD Helio G95 (12 nm);Mali-G76 MC4;Android 12;N/A;16 MP;Yes;Unspecified;Yes
41;Itel;itel Zeno 20;https://www.gsmarena.com/itel_zeno_20-14096.php;N/A;N/A;15W wired;5000 mAh;IP54 dust protected and water resistant (water splashes);N/A;8.6 mm thickness;Dual SIM;187 g (6.60 oz);Yes;N/A;No;GPS;Unspecified;USB Type-C 2.0, OTG;Yes;N/A;N/A;720 x 1612 pixels, 20:9 ratio (~267 ppi density);6.6 inches, 104.6 cm2;IPS LCD, 90Hz, 480 nits (typ), 1500 nits (peak);N/A;N/A;N/A;N/A;N/A;Fingerprint (side-mounted), accelerometer;2025, August 23;Available. Released 2025, August 25;N/A;LED flash, HDR, panorama;13 MP;N/A;1080p@30fps;eMMC 5.1;microSDXC (dedicated slot);64GB 3GB RAM, 128GB 4GB RAM;Starlit Black, Space Titanium, Aurora Blue;A6610L;About 60 EUR;0.82 W/kg (head)     0.46 W/kg (body);N/A;GSM 850 / 900 / 1800 / 1900;HSDPA 900 / 2100;1, 3, 5, 8, 38, 40, 41;N/A;HSPA, LTE;GSM / HSPA / LTE;N/A;Octa-core 1.8 GHz;Unisoc T7100;PowerVR GE8322;Android 14 (Go edition), itel OS 14;N/A;5 MP;Yes;Yes;Yes
42;Itel;itel Color Pro;https://www.gsmarena.com/itel_color_pro-13626.php;N/A;N/A;18W wired;Li-Po 5000 mAh;N/A;N/A;8.4 mm thickness;Nano-SIM + Nano-SIM;-;5.0, A2DP, LE;N/A;No;GPS;Unspecified;USB Type-C;Yes;N/A;N/A;720 x 1612 pixels, 20:9 ratio (~269 ppi density);6.56 inches, 103.4 cm2;IPS LCD, 90Hz;N/A;N/A;N/A;N/A;N/A;Fingerprint (side-mounted), accelerometer;2024, July 17;Available. Released 2024, July;N/A;LED flash, panorama;"50 MP, (wide), AF
Auxiliary lens";N/A;1080p@30fps;N/A;Unspecified;128GB 6GB RAM;River Blue, Lavender Fantasy;N/A;About 100 EUR;N/A;N/A;GSM 850 / 900 / 1800 / 1900;HSDPA 850 / 900 / 2100;1, 3, 5, 8, 38, 40, 41;1, 3, 5, 8, 28, 40, 41, 77, 78 SA/NSA;HSPA, LTE, 5G;GSM / HSPA / LTE / 5G;N/A;Octa-core (2x2.4 GHz Cortex-A76 & 6x2.0 GHz Cortex-A55);Mediatek Dimensity 6080 (6 nm);Mali-G57 MC2;Android 13, itel OS 13;N/A;8 MP;Yes;Yes;Yes
43;Itel;itel A80;https://www.gsmarena.com/itel_a80-13343.php;N/A;N/A;10W wired;5000 mAh;N/A;N/A;8.5 mm thickness;Dual SIM;-;Yes;N/A;No;GPS;Unspecified;USB Type-C 2.0;Yes;N/A;N/A;720 x 1600 pixels, 20:9 ratio (~262 ppi density);6.7 inches, 108.4 cm2;IPS LCD, 120Hz, 500 nits (peak);N/A;N/A;N/A;N/A;N/A;"Fingerprint (side-mounted); unspecified sensors";2024, September;Available. Released 2024, September;N/A;Dual-LED flash, HDR;"50 MP
Auxiliary lens";N/A;1080p@30fps;N/A;microSDXC (dedicated slot);128GB 3GB RAM, 128GB 4GB RAM;Sandstone Black, Glacier White, Wave Blue;A671L, A671LC;₹ 6,999;N/A;N/A;GSM 850 / 900 / 1800 / 1900;HSDPA 850 / 900 / 2100;LTE;N/A;HSPA, LTE;GSM / HSPA / LTE;N/A;Octa-core;Unisoc T603;N/A;Android 14, itel OS 14;N/A;8 MP;Yes;Yes;Yes
44;Itel;Oukitel WP39;https://www.gsmarena.com/oukitel_wp39-13189.php;N/A;N/A;18W wired;Li-Po 11000 mAh;"IP68/IP69K dust tight and water resistant (high pressure water jets; immersible up to 1.5m for 30 min)
Drop resistant up to 1.5m
MIL-STD-810H compliant";N/A;172.2 x 81 x 15 mm (6.78 x 3.19 x 0.59 in);Nano-SIM;360 g (12.70 oz);5.2, A2DP, LE;N/A;Yes;GPS, GALILEO, GLONASS, BDS;FM radio;USB Type-C 2.0, OTG;Wi-Fi 802.11 a/b/g/n/ac, dual-band;N/A;Corning Gorilla Glass 5, Mohs level 5;1080 x 2408 pixels, 20:9 ratio (~400 ppi density);6.6 inches, 104.9 cm2 (~75.2% screen-to-body ratio);IPS LCD, 450 nits;109:23h endurance, 1100 cycles;Class B;Class A (270 falls);Class C;N/A;Fingerprint (side-mounted), accelerometer, gyro, proximity, compass;2024, June 17;Available. Released 2024, June;N/A;LED flash, HDR, panorama;N/A;"64 MP, f/1.9, (wide), 1/1.73"", PDAF
8 MP, f/2.0, (night vision), 1/4"", AF, infrared night vision lights
2 MP, f/2.2, (macro)";1440p@30fps, 1080p@30fps;N/A;No;256GB 6GB RAM;Gray, Green;N/A;About 280 EUR;N/A;N/A;GSM 850 / 900 / 1800 / 1900;HSDPA 800 / 850 / 900 / 1700(AWS) / 1900 / 2100;1, 2, 3, 4, 5, 7, 8, 12, 13, 17, 18, 19, 20, 25, 26, 28, 34, 38, 39, 40, 41, 66, 71;1, 2, 3, 5, 7, 8, 20, 25, 28, 38, 41, 66, 77, 78, 79 SA/NSA;HSPA, LTE, 5G;GSM / HSPA / LTE / 5G;N/A;Octa-core (2x2.2 GHz Cortex-A76 & 6x2.0 GHz Cortex-A55);Mediatek Dimensity 6100+ (6 nm);Mali-G57 MC2;Android 14;N/A;"32 MP, f/2.2, (wide), 1/2.74""";1080p@30fps;No;Yes
45;Itel;itel S24;https://www.gsmarena.com/itel_s24-12917.php;N/A;N/A;18W wired, bypass charging, 50% in 40 min;Li-Po 5000 mAh;N/A;N/A;163.5 x 75.5 x 8.3 mm (6.44 x 2.97 x 0.33 in);Nano-SIM + Nano-SIM;192 g (6.77 oz);5.2, A2DP, LE;N/A;Yes (market/region dependent);GPS;FM radio, recording;USB Type-C 2.0, OTG;Wi-Fi 802.11 a/b/g/n/ac, dual-band;N/A;N/A;720 x 1612 pixels, 20:9 ratio (~267 ppi density);6.6 inches, 104.6 cm2 (~84.8% screen-to-body ratio);IPS LCD, 90Hz, 480 nits (peak);N/A;N/A;N/A;N/A;N/A;Fingerprint (side-mounted), accelerometer, compass;2024, March 29;Available. Released 2024, April;N/A;LED flash;"108 MP, f/1.6, (wide), 1/1.67"", 0.64µm, AF
0.08 MP (auxiliary lens)";N/A;1440p@30fps, 1080p@30fps;eMMC 5.1;microSDXC (dedicated slot);128GB 4GB RAM, 128GB 8GB RAM, 256GB 8GB RAM;Dawn White, Coastline Blue, Starry Black;S667LN;About 120 EUR;N/A;N/A;GSM 850 / 900 / 1800 / 1900;HSDPA 850 / 900 / 2100;1, 3, 5, 8, 28, 38, 40, 41;N/A;HSPA, LTE;GSM / HSPA / LTE;N/A;Octa-core (2x2.0 GHz Cortex-A75 & 6x1.8 GHz Cortex-A55);Mediatek Helio G91 Ultra;Mali-G52 MC2;Android 13;N/A;8 MP;1440p@30fps, 1080p@30fps;Yes;Yes
46;Itel;Oukitel WP55 Pro;https://www.gsmarena.com/oukitel_wp55_pro-14029.php;N/A;N/A;"33W wired
Reverse wired";Li-Po 11000 mAh;"IP68/IP69K dust tight and water resistant (high pressure water jets; immersible up to 1.5m for 30 min)
Drop resistant up to 1.5m
MIL-STD-810H compliant";N/A;172.2 x 81 x 15.3 mm (6.78 x 3.19 x 0.60 in);Nano-SIM + Nano-SIM;360 g (12.70 oz);5.2, A2DP, LE;N/A;Yes;GPS, GLONASS, GALILEO, BDS;FM radio;USB Type-C 2.0, OTG;Wi-Fi 802.11 a/b/g/n/ac, dual-band;N/A;Corning Gorilla Glass 5, Mohs level 5;1080 x 2408 pixels, 20:9 ratio (~400 ppi density);6.6 inches, 104.9 cm2 (~75.2% screen-to-body ratio);IPS LCD, 120Hz,  450 nits;105:49h endurance, 1000 cycles;Class B;Class A (270 falls);Class C;N/A;Fingerprint (side-mounted), accelerometer, gyro, proximity, compass;2024, December;Available. Released 2025, March 15;N/A;LED flash, HDR, panorama;N/A;"108 MP, f/1.9, (wide), 1/1.8"", PDAF
8 MP, f/2.2, (night vision), 1/1.78"", AF
2 MP, f/2.2, (macro), 1/1.5""";4K@30fps;N/A;microSDXC (uses shared SIM slot);512GB 16GB RAM;Black, Orange;N/A;N/A;N/A;N/A;GSM 850 / 900 / 1800 / 1900;HSDPA 800 / 850 / 900 / 1700(AWS) / 1900 / 2100;1, 2, 3, 4, 5, 7, 8, 12, 13, 17, 18, 19, 20, 25, 26, 28, 34, 38, 39, 40, 41, 66, 71;1, 2, 3, 5, 7, 8, 12, 20, 28, 38, 40, 41, 66, 71, 77, 78 SA/NSA;HSPA, LTE, 5G;GSM / HSPA / LTE / 5G;N/A;Octa-core (2x2.5 GHz Cortex-A78 & 6x2.0 GHz Cortex-A55);Mediatek Dimensity 7025 (6 nm);IMG BXM-8-256;Android 15;N/A;"32 MP, f/2.2, (wide), 1/2.74""";1080p@30fps;No;Yes
47;Itel;itel P55 5G;https://www.gsmarena.com/itel_p55_5g-12604.php;N/A;N/A;18W wired;5000 mAh;N/A;N/A;8.4 mm thickness;Nano-SIM + Nano-SIM;-;Yes;N/A;No;GPS;Unspecified;USB Type-C;Yes;N/A;N/A;720 x 1612 pixels, 20:9 ratio (~267 ppi density);6.6 inches, 104.6 cm2;IPS LCD, 90Hz;N/A;N/A;N/A;N/A;N/A;Fingerprint (side-mounted), accelerometer;2023, September 26;Available. Released 2023, October 05;N/A;LED flash;"50 MP, (wide), AF
0.08 MP (auxiliary lens)";N/A;1080p@30fps;N/A;Unspecified;64GB 4GB RAM, 128GB 6GB RAM;Galaxy Blue, Mint Green;P661N, P665L;About 110 EUR;N/A;N/A;GSM 850 / 900 / 1800 / 1900;HSDPA 850 / 900 / 2100;1, 3, 5, 8, 28, 38, 40, 41;1, 3, 5, 8, 28, 38, 40, 41, 77, 78 SA/NSA;HSPA, LTE, 5G;GSM / HSPA / LTE / 5G;N/A;Octa-core (2x2.4 GHz Cortex-A76 & 6x2.0 GHz Cortex-A55);Mediatek Dimensity 6080 (6 nm);Mali-G57 MC2;Android 13, itel OS 13;N/A;8 MP;Yes;Yes;Yes
48;Itel;itel P55+;https://www.gsmarena.com/itel_p55+-12809.php;N/A;N/A;45W wired, 70% in 30 min;5000 mAh;N/A;N/A;8.0 mm thickness;Nano-SIM + Nano-SIM;187 g (6.88 oz);Yes;N/A;Yes (market/region dependent);GPS;Unspecified;USB Type-C, OTG;Yes;N/A;N/A;720 x 1612 pixels, 20:9 ratio (~267 ppi density);6.6 inches, 104.6 cm2;IPS LCD, 90Hz;N/A;N/A;N/A;N/A;N/A;"Fingerprint (side-mounted); unspecified sensors";2024, January 26;Available. Released 2024, February 13;N/A;Dual-LED flash, panorama;"50 MP
0.08 MP (auxiliary lens)";N/A;Yes;UFS 2.2 - 256GB;microSDXC;128GB 4GB RAM, 128GB 8GB RAM, 256GB 8GB RAM;Royal Green, Galaxy Blue, Meteor Purple;P663LN, P663L;N/A;N/A;N/A;GSM 850 / 900 / 1800 / 1900;HSDPA 850 / 900 / 2100;LTE;N/A;HSPA, LTE;GSM / HSPA / LTE;N/A;Octa-core (2x1.6 GHz Cortex-A75 & 6x1.6 GHz Cortex-A55);Unisoc T606 (12 nm);Mali-G57 MP1;Android 13;N/A;8 MP;Yes;Yes;Yes
49;Itel;Oukitel WP33 Pro;https://www.gsmarena.com/oukitel_wp33_pro-12781.php;N/A;N/A;"33W wired
18W reverse wired";Li-Po 22000 mAh;"IP68/IP69K dust tight and water resistant (high pressure water jets; immersible up to 1.5m for 30 min)
Drop resistant up to 1.5m
MIL-STD-810H compliant";N/A;175.4 x 84 x 27.2 mm (6.91 x 3.31 x 1.07 in);Nano-SIM + eSIM;577.5 g (1.27 lb);5.2, A2DP, LE;N/A;Yes;GPS, GLONASS, GALILEO, BDS;FM radio;USB Type-C 2.0, OTG;Wi-Fi 802.11 a/b/g/n/ac, dual-band;N/A;Corning Gorilla Glass 5, Mohs level 5;1080 x 2408 pixels, 20:9 ratio (~400 ppi density);6.6 inches, 104.9 cm2 (~71.2% screen-to-body ratio);IPS LCD, 450 nits;166:39h endurance, 1100 cycles;Class B;Class A (270 falls);Class C;N/A;Fingerprint (side-mounted), accelerometer, gyro, proximity, compass;2024, January 06;Available. Released 2024, January;N/A;LED flash, HDR, panorama;N/A;"64 MP, f/1.9, (wide), 1/1.73"", PDAF
20 MP, f/2.2, (night vision), 1/2.78"", AF, infrared night vision lights
2 MP, f/2.2, (macro)";1440p@30fps, 1080p@30fps;UFS 2.2;No;256GB 8GB RAM;Black;N/A;About 400 EUR;N/A;CDMA 800 / 1900;GSM 850 / 900 / 1800 / 1900;HSDPA 800 / 850 / 900 / 1700(AWS) / 1900 / 2100;1, 2, 3, 4, 5, 7, 8, 12, 13, 17, 18, 19, 20, 25, 26, 28, 66, 71;1, 2, 3, 5, 7, 8, 20, 25, 28, 38, 41, 66, 77, 78, 79 SA/NSA;HSPA, LTE, 5G;GSM / CDMA / HSPA / LTE / 5G;N/A;Octa-core (2x2.2 GHz Cortex-A76 & 6x2.0 GHz Cortex-A55);Mediatek Dimensity 6100+ (6 nm);Mali-G57 MC2;Android 13;N/A;"32 MP, f/2.2, (wide), 1/2.74""";1080p@30fps;No;Yes (136 dB, 5W peak, 36mm speaker)
50;Itel;itel S18;https://www.gsmarena.com/itel_s18-12487.php;N/A;N/A;N/A;5000 mAh;N/A;N/A;-;Dual SIM;-;Yes;N/A;No;GPS;Unspecified;microUSB;Yes;N/A;N/A;720 x 1612 pixels, 20:9 ratio (~267 ppi density);6.6 inches, 104.6 cm2;IPS LCD;N/A;N/A;N/A;N/A;N/A;Fingerprint (rear-mounted), accelerometer;2022;Available. Released 2022;"8 MP (wide)
0.08 MP, (macro)
0.08 MP (auxiliary lens)";Dual-LED flash;N/A;N/A;Yes;N/A;microSDXC;64GB 2GB RAM;Mint Green, Digital Sliver, Midnight Black;N/A;N/A;N/A;N/A;GSM 850 / 900 / 1800 / 1900;HSDPA 850 / 900 / 2100;LTE;N/A;HSPA, LTE;GSM / HSPA / LTE;N/A;Octa-core (4x1.6 GHz Cortex-A55 & 4x1.2 GHz Cortex-A55);Unisoc SC9863A (28 nm);IMG8322;Android 11 (Go edition);N/A;8 MP;Yes;Yes;Yes
51;Itel;itel P38;https://www.gsmarena.com/itel_p38-12489.php;N/A;N/A;15W wired;5000 mAh;N/A;N/A;-;Dual SIM;-;Yes;N/A;No;GPS;Unspecified;microUSB;Yes;N/A;N/A;720 x 1612 pixels, 20:9 ratio (~267 ppi density);6.6 inches, 104.6 cm2;IPS LCD;N/A;N/A;N/A;N/A;N/A;Fingerprint (rear-mounted), accelerometer;2022;Available. Released 2022;N/A;LED flash;"8 MP (wide)
0.08 MP (auxiliary lens)";N/A;Yes;N/A;microSDXC;32GB 2GB RAM;Galaxy Blue, Spruce Green, Nebula Black;N/A;N/A;N/A;N/A;GSM 850 / 900 / 1800 / 1900;HSDPA 850 / 900 / 2100;LTE;N/A;HSPA, LTE;GSM / HSPA / LTE;N/A;Quad-core 1.3 GHz;N/A;N/A;Android 11 (Go edition);N/A;5 MP;Yes;Yes;Yes
52;Itel;itel Super 26 Ultra;https://www.gsmarena.com/itel_super_26_ultra-14128.php;N/A;N/A;18W wired;6000 mAh;"IP65 dust tight and water resistant (low pressure water jets)
Drop resistant up to 1.5m";N/A;6.8 mm thickness;Nano-SIM + Nano-SIM;-;Yes;Yes;Yes (market/region dependent);GPS;Unspecified;USB Type-C 2.0;Yes;N/A;Corning Gorilla Glass 7i;1080 x 2436 pixels (~392 ppi density);6.8 inches, 110.5 cm2;AMOLED, 1B colors, 144Hz, PWM, 4500 nits (peak);N/A;N/A;N/A;N/A;N/A;Fingerprint (under display, optical), unspecified sensors;2025, September 05;Available. Released 2025, September 15;"50 MP, f/1.6, (wide), AF
XX MP, (macro)
Auxiliary lens";LED flash, HDR, panorama;N/A;N/A;1440p@30fps, 1080p@30fps;UFS;Unspecified;128GB 8GB RAM, 256GB 8GB RAM;Silver, Blue, Gold, Silver/Gold;N/A;N/A;N/A;N/A;GSM 850 / 900 / 1800 / 1900;HSDPA 850 / 900 / 2100;LTE;N/A;HSPA, LTE;GSM / HSPA / LTE;N/A;Octa-core (2x2.2 GHz Cortex-A78 & 6x2.0 GHz Cortex-A55);Unisoc T7300 (6 nm);Mali-G57 MP2;Android 15, itel OS 15;N/A;Yes;1440p@30fps, 1080p@30fps;No;Yes
53;Itel;Oukitel C60;https://www.gsmarena.com/oukitel_c60-14163.php;N/A;N/A;18W wired;Li-Po 10000 mAh;N/A;N/A;171.2 x 77.8 x 13.4 mm (6.74 x 3.06 x 0.53 in);Nano-SIM + Nano-SIM;307 g (10.83 oz);5.0, A2DP, LE;N/A;Yes;GPS, GALILEO, GLONASS, BDS;FM radio;USB Type-C;Wi-Fi 802.11 a/b/g/n/ac, dual-band;N/A;HKC Glass, Mohs level 5;720 x 1640 pixels (~260 ppi density);6.88 inches, 112.4 cm2 (~84.4% screen-to-body ratio);IPS LCD, 90Hz, 450 nits;83:37h endurance, 1200 cycles;Class B;Class A (270 falls);Class B;N/A;Fingerprint (side-mounted), accelerometer, compass;2025, April;Available. Released 2025, May 05;N/A;LED flash, HDR, panorama;"13 MP, f/2.2, (wide), 1/3.06"", AF";N/A;1080p@30fps;N/A;microSDXC (uses shared SIM slot);128GB 4GB RAM;Green, Purple, Blue, Red;N/A;N/A;N/A;N/A;GSM 850 / 900 / 1800 / 1900;HSDPA 850 / 900 / 1700(AWS) / 1900 / 2100;1, 2, 3, 4, 5, 7, 8, 12, 17, 18, 19, 20, 25, 26, 28, 34, 38, 39, 40, 41, 66;N/A;HSPA, LTE;GSM / HSPA / LTE;N/A;Octa-core (2x1.6 GHz Cortex-A75 & 6x1.6 GHz Cortex-A55);Unisoc T606 (12 nm);Mali-G57 MP1;Android 15;N/A;"5 MP, f/2.2, (wide), 1/5.0""";720p@30fps;No;Yes
54;Itel;itel A05s;https://www.gsmarena.com/itel_a05s-12486.php;N/A;N/A;N/A;4000 mAh;N/A;N/A;-;Dual SIM;-;Yes;N/A;No;GPS;Unspecified;USB Type-C;Yes;N/A;N/A;720 x 1612 pixels, 20:9 ratio (~267 ppi density);6.6 inches, 104.6 cm2;IPS LCD;N/A;N/A;N/A;N/A;N/A;Fingerprint (rear-mounted), accelerometer, compass;2023;Available. Released 2023;N/A;LED flash;8 MP;N/A;Yes;N/A;microSDXC;32GB 2GB RAM;Meadow Green, Nebula Black;A663LC;About 70 EUR;N/A;N/A;GSM 850 / 900 / 1800 / 1900;HSDPA 850 / 900 / 2100;LTE;N/A;HSPA, LTE;GSM / HSPA / LTE;N/A;Octa-core (4x1.6 GHz Cortex-A55 & 4x1.2 GHz Cortex-A55);Unisoc SC9863A1 (22 nm);IMG8322;Android 12 (Go edition);N/A;5 MP;Yes;Yes;Yes
55;Itel;Oukitel C58 Pro;https://www.gsmarena.com/oukitel_c58_pro-13488.php;N/A;N/A;10W wired;Li-Po 5150 mAh;N/A;Glass front, plastic back;166.8 x 77.5 x 8.7 mm (6.57 x 3.05 x 0.34 in);Nano-SIM + Nano-SIM;199 g (7.02 oz);5.0, A2DP, LE;N/A;Yes;GPS, GALILEO, GLONASS, BDS;FM radio;USB Type-C, OTG;Wi-Fi 802.11 a/b/g/n/ac, dual-band;N/A;Corning Gorilla Glass 5, Mohs level 4;720 x 1600 pixels, 20:9 ratio (~262 ppi density);6.7 inches, 108.4 cm2 (~83.8% screen-to-body ratio);IPS LCD, 430 nits;47:30h endurance, 1000 cycles;Class B;Class B (180 falls);Class C;N/A;Accelerometer, proximity;2024, November;Available. Released 2024, November;"50 MP, f/1.8, (wide), 1/2.76"", AF
other unspecified camera";LED flash, HDR, panorama;N/A;N/A;1080p@30fps;N/A;microSDXC (uses shared SIM slot);256GB 6GB RAM;Black, Blue, Green;N/A;About 160 EUR;N/A;N/A;GSM 850 / 900 / 1800 / 1900;HSDPA 850 / 900 / 1700(AWS) / 1900 / 2100;1, 2, 3, 4, 5, 7, 8, 12, 17, 19, 20, 25, 26, 28, 66;N/A;HSPA, LTE;GSM / HSPA / LTE;N/A;Octa-core (2x1.6 GHz Cortex-A75 & 6x1.6 GHz Cortex-A55);Unisoc T606 (12 nm);Mali-G57 MP1;Android 14;N/A;"8 MP, f/2.0, (wide), 1/4.0""";720p@30fps;Yes;Yes
56;Itel;Oukitel WP36 Pro;https://www.gsmarena.com/oukitel_wp36_pro-13510.php;N/A;N/A;"15W wired
Reverse wired";Li-Po 10600 mAh;"IP68/IP69K dust tight and water resistant (high pressure water jets; immersible up to 1.5m for 30 min)
Drop resistant up to 1.5m
MIL-STD-810H compliant";N/A;172.2 x 80.7 x 19.1 mm (6.78 x 3.18 x 0.75 in);Nano-SIM + Nano-SIM;393.7 g (13.90 oz);5.0, A2DP, LE;N/A;Yes;GPS, GLONASS, GALILEO, BDS;FM radio;USB Type-C 2.0, OTG;Wi-Fi 802.11 a/b/g/n/ac, dual-band;N/A;Corning Gorilla Glass 5, Mohs level 5;720 x 1600 pixels, 20:9 ratio (~269 ppi density);6.52 inches, 102.6 cm2 (~73.9% screen-to-body ratio);IPS LCD, 400 nits;101:19h endurance, 1000 cycles;Class B;Class A (270 falls);Class C;N/A;Fingerprint (side-mounted), accelerometer, gyro, proximity, compass;2024, October 08;Available. Released 2024, November;"13 MP, f/2.2, (wide), 1/3.1"", AF
2 MP, (macro)";LED flash;N/A;N/A;1080p@30fps;UFS 2.1;microSDXC (uses shared SIM slot);256GB 6GB RAM;Black;N/A;About 170 EUR;N/A;N/A;GSM 850 / 900 / 1800 / 1900;HSDPA 850 / 900 / 1700(AWS) / 1900 / 2100;1, 2, 3, 4, 5, 7, 8, 12, 17, 18, 19, 20, 25, 26, 28, 38, 39, 40, 41, 66;N/A;HSPA, LTE;GSM / HSPA / LTE;N/A;Octa-core (4x2.0 GHz Cortex-A73 & 4x2.0 GHz Cortex-A53);Mediatek MT8788 (12 nm);Mali-G72 MP3;Android 14;N/A;"5 MP, f/2.2, (wide), 1/5.0""";1080p@30fps;No;Yes (128 dB, 3.5W peak)
57;Itel;itel S25 Ultra;https://www.gsmarena.com/itel_s25_ultra-13504.php;N/A;N/A;18W wired, bypass charging;5000 mAh;"IP64 dust tight and water resistant (water splashes)
RGB ring notifications light (on the back)";N/A;6.9 mm thickness;Nano-SIM + Nano-SIM;163 g (5.75 oz);Yes;Yes;Yes (market/region dependent);GPS;Unspecified;USB Type-C 2.0;Yes;N/A;Corning Gorilla Glass 7i;1080 x 2436 pixels (~393 ppi density);6.78 inches, 109.9 cm2;AMOLED, 1B colors, 120Hz, 2160Hz PWM, 1000 nits (HBM), 1400 nits (peak);N/A;N/A;N/A;N/A;N/A;Fingerprint (under display, optical), unspecified sensors;2024, November 09;Available. Released 2024, November;"50 MP, f/1.6, (wide), AF
XX MP, (macro)
Auxiliary lens";LED flash, HDR, panorama;N/A;N/A;1440p@30fps, 1080p@30fps;UFS 2.2;Unspecified;128GB 8GB RAM, 256GB 8GB RAM, 512GB 8GB RAM;Bromo Black, Meteor Titanium, Komodo Ocean;S686LN;$ 148.20;N/A;N/A;GSM 850 / 900 / 1800 / 1900;HSDPA 850 / 900 / 2100;LTE;N/A;HSPA, LTE;GSM / HSPA / LTE;N/A;Octa-core (2x2.2 GHz Cortex-A75 & 6xX.X GHz Cortex-A55);Unisoc T620 (12 nm);N/A;Android 14, up to 2 major Android upgrades, itel OS 14.5;N/A;32 MP, f/2.2, 22mm (wide);1440p@30fps, 1080p@30fps;No;Yes
58;Itel;itel P38 Pro;https://www.gsmarena.com/itel_p38_pro-12488.php;N/A;N/A;18W wired;6000 mAh;N/A;N/A;-;Dual SIM;-;Yes;N/A;No;GPS;Unspecified;microUSB;Yes;N/A;N/A;720 x 1612 pixels, 20:9 ratio (~260 ppi density);6.8 inches, 111.1 cm2;IPS LCD;N/A;N/A;N/A;N/A;N/A;Fingerprint (rear-mounted), accelerometer;2022;Available. Released 2022;"13 MP
0.3 MP";LED flash;N/A;N/A;1080p@30fps;N/A;microSDXC;64GB 2GB RAM;Mint Green, Ocean Blue, Night Black;N/A;N/A;N/A;N/A;GSM 850 / 900 / 1800 / 1900;HSDPA 850 / 900 / 2100;LTE;N/A;HSPA, LTE;GSM / HSPA / LTE;N/A;Octa-core (4x1.6 GHz Cortex-A55 & 4x1.2 GHz Cortex-A55);Unisoc SC9863A (28 nm);IMG8322;Android 11 (Go edition);N/A;5 MP;Yes;Yes;Yes
59;Itel;itel S18 Pro;https://www.gsmarena.com/itel_s18_pro-12479.php;N/A;N/A;10W wired;5000 mAh;N/A;N/A;-;Dual SIM;-;Yes;N/A;No;GPS;Unspecified;USB Type-C;Yes;N/A;N/A;1080 x 2408 pixels, 20:9 ratio (~400 ppi density);6.6 inches, 104.9 cm2;IPS LCD;N/A;N/A;N/A;N/A;N/A;Fingerprint (side-mounted), accelerometer;2023;Available. Released 2023;"13 MP
0.08 MP, (macro)
0.08 MP (auxiliary lens)";LED flash;N/A;N/A;1080p@30fps;N/A;microSDXC;64GB 4GB RAM;Liquid Silver, Starry Black;N/A;N/A;N/A;N/A;GSM 850 / 900 / 1800 / 1900;HSDPA 850 / 900 / 2100;LTE;N/A;HSPA, LTE;GSM / HSPA / LTE;N/A;Octa-core (4x1.6 GHz Cortex-A55 & 4x1.2 GHz Cortex-A55);Unisoc SC9863A (28 nm);IMG8322;Android, itel OS 8.6;LED flash;32 MP;1080p@30fps;Yes;Yes
60;Itel;Oukitel C1 Pro;https://www.gsmarena.com/oukitel_c1_pro-14165.php;N/A;N/A;10W wired;Li-Po 5150 mAh;N/A;N/A;163.8 x 75.4 x 9.2 mm (6.45 x 2.97 x 0.36 in);Nano-SIM + Nano-SIM;199 g (7.02 oz);5.0, A2DP, LE;N/A;No;GPS, GALILEO, GLONASS, BDS;FM radio;USB Type-C;Wi-Fi 802.11 b/g/n/ac, dual-band;N/A;Panda Glass, Mohs level 5;576 x 1280 pixels, 20:9 ratio (~215 ppi density);6.52 inches, 102.6 cm2 (~83.1% screen-to-body ratio);IPS LCD, 400 nits;65:13h endurance, 1200 cycles;Class A;Class A (270 falls);Class B;N/A;Fingerprint (side-mounted), accelerometer, compass;2025, January;Available. Released 2025, February;N/A;LED flash, HDR, panorama;"13 MP, f/2.2, (wide), 1/3.06"", AF";N/A;1080p@30fps;N/A;microSDXC (uses shared SIM slot);256GB 4GB RAM;Black, Blue, Gold, Pink, White;N/A;N/A;N/A;N/A;GSM 850 / 900 / 1800 / 1900;HSDPA 850 / 900 / 1700(AWS) / 1900 / 2100;1, 2, 3, 4, 5, 7, 8, 12, 17, 19, 20, 25, 26, 28, 66;N/A;HSPA, LTE;GSM / HSPA / LTE;N/A;Octa-core (2x1.6 GHz Cortex-A75 & 6x1.6 GHz Cortex-A55);Unisoc T606 (12 nm);Mali-G57 MP1;Android 15;N/A;"5 MP, f/2.2, (wide), 1/5.0""";720p@30fps;Yes;Yes
61;Itel;Oukitel WP28 S;https://www.gsmarena.com/oukitel_wp28_s-13230.php;N/A;N/A;18W wired;Li-Po 10600 mAh;"IP68/IP69K dust tight and water resistant (high pressure water jets; immersible up to 1.5m for 30 min)
Drop resistant up to 1.5m
MIL-STD-810H compliant";N/A;174.2 x 82.3 x 17.4 mm (6.86 x 3.24 x 0.69 in);Nano-SIM;373 g (13.16 oz);5.0, A2DP, LE;N/A;Yes;GPS, GLONASS, GALILEO, BDS;FM radio;USB Type-C 2.0, OTG;Wi-Fi 802.11 a/b/g/n/ac, dual-band;N/A;Corning Gorilla Glass 5, Mohs level 5;720 x 1600 pixels, 20:9 ratio (~269 ppi density);6.52 inches, 102.6 cm2 (~71.6% screen-to-body ratio);IPS LCD;100:16h endurance, 1000 cycles;Class B;Class A (270 falls);Class C;N/A;Accelerometer, proximity, compass;2024, July;Available. Released 2024, August;N/A;LED flash, panorama;"13 MP, f/2.2, (wide), 1/3.06"", PDAF";N/A;1080p@30fps;UFS 2.1;Unspecified;128GB 4GB RAM;Black, Orange, Green;N/A;About 110 EUR;N/A;N/A;GSM 850 / 900 / 1800 / 1900;HSDPA 850 / 900 / 1700(AWS) / 1900 / 2100;1, 2, 3, 4, 5, 7, 8, 12, 17, 18, 19, 20, 25, 26, 28, 38, 40, 41, 66;N/A;HSPA, LTE;GSM / HSPA / LTE;N/A;Octa-core (2x1.6 GHz Cortex-A75 & 6x1.6 GHz Cortex-A55);Unisoc T606 (12 nm);Mali-G57 MP1;Android 14;N/A;"5 MP, f/2.2, (wide), 1/5.0""";720p@30fps;No;Yes
62;Itel;Oukitel WP300;https://www.gsmarena.com/oukitel_wp300-14034.php;N/A;N/A;"45W wired
Reverse wired";Li-Po 16000 mAh;"IP68/IP69K dust tight and water resistant (high pressure water jets; immersible up to 1.5m for 30 min)
Drop resistant up to 1.5m
MIL-STD-810H compliant
Detachable multi-functional bluetooth band with earphone and display
Detachable camping light";N/A;181.3 x 84.9 x 21.2 mm (7.14 x 3.34 x 0.83 in);Nano-SIM + Nano-SIM;512 g (1.13 lb);5.2, A2DP, LE;N/A;Yes;GPS, GLONASS, GALILEO, BDS;FM radio;USB Type-C 2.0, OTG;Wi-Fi 802.11 a/b/g/n/ac/6, dual-band;N/A;Corning Gorilla Glass 5, Mohs level 5;1080 x 2460 pixels (~395 ppi density);6.8 inches, 109.8 cm2 (~71.3% screen-to-body ratio);IPS LCD, 120Hz, 650 nits;152:22h endurance, 1000 cycles;Class B;Class A (270 falls);Class C;N/A;Fingerprint (side-mounted), accelerometer, gyro, proximity, compass;2024, December;Available. Released 2025, March 20;"108 MP, f/1.9, (wide), 1/1.8"", PDAF
2 MP, f/2.2, (macro), 1/1.5""";LED flash, HDR, panorama;N/A;N/A;4K@30fps;N/A;microSDXC (uses shared SIM slot);512GB 12GB RAM;Gray, Red;N/A;N/A;N/A;N/A;GSM 850 / 900 / 1800 / 1900;HSDPA 800 / 850 / 900 / 1700(AWS) / 1900 / 2100;1, 2, 3, 4, 5, 7, 8, 12, 13, 17, 18, 19, 20, 25, 26, 28, 34, 38, 40, 41, 66, 71;1, 2, 3, 5, 7, 8, 12, 20, 28, 38, 39, 40, 41, 66, 71, 77, 78 SA/NSA;HSPA, LTE, 5G;GSM / HSPA / LTE / 5G;N/A;Octa-core (2x2.6 GHz Cortex-A78 & 6x2.0 GHz Cortex-A55);Mediatek Dimensity 7025 (6 nm);IMG BXM-8-256;Android 15;N/A;"32 MP, 1/2.74""";1080p@30fps;No;Yes
63;Itel;itel A23 Pro;https://www.gsmarena.com/itel_a23_pro-12499.php;N/A;N/A;N/A;2400 mAh;N/A;N/A;-;Dual SIM;-;Yes;N/A;No;Unspecified;Unspecified;microUSB;Yes;N/A;N/A;480 x 854 pixels, 16:9 ratio (~196 ppi density);5.0 inches, 68.9 cm2;IPS LCD;N/A;N/A;N/A;N/A;N/A;Accelerometer;2021;Available. Released 2021;N/A;LED flash;2 MP;N/A;Yes;N/A;microSDXC;8GB 1GB RAM;Sapphire Blue, Lake Blue;N/A;N/A;N/A;N/A;GSM 850 / 900 / 1800 / 1900;HSDPA 850 / 900 / 2100;LTE;N/A;HSPA, LTE;GSM / HSPA / LTE;N/A;Quad-core 1.4 GHz;Unisoc SC9832E (28 nm);Mali-T820 MP1;Android 10 (Go edition);LED flash;0.3 MP;Yes;Yes;Yes
64;Itel;itel S25;https://www.gsmarena.com/itel_s25-13505.php;N/A;N/A;18W wired, bypass charging;5000 mAh;IP54 dust protected and water resistant (water splashes);N/A;7.3 mm thickness;Nano-SIM + Nano-SIM;185 g (6.53 oz);Yes;Yes;Yes (market/region dependent);GPS;Unspecified;USB Type-C 2.0;Yes;N/A;N/A;1080 x 2436 pixels (~393 ppi density);6.78 inches, 109.9 cm2;AMOLED, 1B colors, 120Hz, 1200 nits (HBM), 1800 nits (peak);N/A;N/A;N/A;N/A;N/A;Fingerprint (under display, optical), unspecified sensors;2024, November 09;Available. Released 2024, November;N/A;Ring-LED flash, panorama, HDR;"50 MP, f/1.6, (wide), 0.64µm, AF
Auxiliary lens";N/A;1440p@30fps, 1080p@30fps;N/A;Unspecified;128GB 6GB RAM, 128GB 8GB RAM;Bromo Black, Mambo Mint, Sahara Gleam;S685LN;About 100 EUR;N/A;N/A;GSM 850 / 900 / 1800 / 1900;HSDPA 850 / 900 / 2100;LTE;N/A;HSPA, LTE;GSM / HSPA / LTE;N/A;Octa-core (2x2.2 GHz Cortex-A75 & 6xX.X GHz Cortex-A55);Unisoc T620 (12 nm);N/A;Android 14, up to 2 major Android upgrades, itel OS 14.5;N/A;32 MP, f/2.2, 22mm (wide);1440p@30fps, 1080p@30fps;Yes;Yes
65;Itel;Oukitel WP35 Pro;https://www.gsmarena.com/oukitel_wp35_pro-14027.php;N/A;N/A;"33W wired, 100% in 187 min
Reverse wired";Li-Po 11000 mAh;"IP68/IP69K dust tight and water resistant (high pressure water jets; immersible up to 1.5m for 30 min)
Drop resistant up to 1.5m
MIL-STD-810H compliant";N/A;172.2 x 81 x 15.2 mm (6.78 x 3.19 x 0.60 in);Nano-SIM + Nano-SIM;360 g (12.70 oz);5.0, A2DP, LE;N/A;Yes;GPS, GLONASS, GALILEO, BDS;FM radio;USB Type-C 2.0, OTG;Wi-Fi 802.11 a/b/g/n/ac, dual-band;N/A;Corning Gorilla Glass 5, Mohs level 5;1080 x 2408 pixels, 20:9 ratio (~400 ppi density);6.6 inches, 104.9 cm2 (~75.2% screen-to-body ratio);IPS LCD, 450 nits;120:51h endurance, 1000 cycles;Class A;Class A (270 falls);Class A;N/A;Fingerprint (side-mounted), accelerometer, gyro, proximity, compass;2025, February 11;Available. Released 2025, March 15;N/A;LED flash, HDR, portrait, panorama;N/A;"64 MP, f/1.9, (wide), 1/1.73"", PDAF
8 MP, f/2.2, (night vision), AF
2 MP, f/2.2, (macro), 1/1.5""";1440p@30fps;N/A;microSDXC (uses shared SIM slot);256GB 6GB RAM;Black, Grey, Green;N/A;About 520 EUR;N/A;N/A;GSM 850 / 900 / 1800 / 1900;HSDPA 800 / 850 / 900 / 1700(AWS) / 1900 / 2100;1, 2, 3, 4, 5, 7, 8, 12, 13, 17, 18, 19, 20, 25, 26, 28, 34, 38, 39, 40, 41, 66, 71;1, 2, 3, 5, 7, 8, 20, 28, 38, 40, 41, 66, 71, 77, 78 SA/NSA;HSPA, LTE;GSM / HSPA / LTE / 5G;N/A;Octa-core (2x2.4 GHz Cortex-A76 & 6x2.0 GHz Cortex-A55);Mediatek Dimensity 6300 (6 nm);Mali-G57 MC2;Android 14;N/A;"32 MP, f/2.2, (wide), 1/2.74""";1080p@30fps;No;Yes
66;Itel;itel A49;https://www.gsmarena.com/itel_a49-12496.php;N/A;N/A;N/A;4000 mAh;N/A;N/A;-;Dual SIM;-;Yes;N/A;No;GPS;Unspecified;microUSB;Yes;N/A;N/A;720 x 1600 pixels, 20:9 ratio (~266 ppi density);6.6 inches, 105.2 cm2;IPS LCD;N/A;N/A;N/A;N/A;N/A;Fingerprint (rear-mounted), accelerometer;2022;Available. Released 2022;N/A;LED flash;5 MP;N/A;Yes;N/A;microSDXC;32GB 2GB RAM;Blue;N/A;N/A;N/A;N/A;GSM 850 / 900 / 1800 / 1900;HSDPA 850 / 900 / 2100;LTE;N/A;HSPA, LTE;GSM / HSPA / LTE;N/A;Quad-core 1.4 GHz;Unisoc SC9832E (28 nm);Mali-T820 MP1;Android 11 (Go edition);N/A;5 MP;Yes;Yes;Yes
67;Itel;itel A90;https://www.gsmarena.com/itel_a90-13852.php;N/A;N/A;15W wired;5000 mAh;IP54 dust protected and water resistant (water splashes);N/A;8.6 mm thickness;Dual SIM;187 g (6.60 oz);Yes;N/A;No;GPS;Unspecified;USB Type-C 2.0, OTG;Yes;N/A;N/A;720 x 1612 pixels, 20:9 ratio (~267 ppi density);6.6 inches, 104.6 cm2;IPS LCD, 90Hz, 480 nits (typ), 1500 nits (peak);N/A;N/A;N/A;N/A;N/A;"Fingerprint (side-mounted); unspecified sensors";2025, April 20;Available. Released 2025, April;N/A;LED flash, HDR, panorama;"13 MP, AF
Auxiliary lens";N/A;1080p@30fps;eMMC 5.1;microSDXC (dedicated slot);64GB 3GB RAM, 64GB 4GB RAM, 128GB 3GB RAM, 128GB 4GB RAM, 256GB 4GB RAM;Starlit Black, Space Titanium, Aurora Blue, Cosmic Green;A6610L;About 70 EUR;N/A;N/A;GSM 850 / 900 / 1800 / 1900;HSDPA 850 / 900 / 2100;LTE;N/A;HSPA, LTE;GSM / HSPA / LTE;N/A;Octa-core 1.8 GHz;Unisoc T7100;PowerVR GE8322;Android 14, itel OS 14;N/A;5 MP;Yes;Yes;Yes
