No;Brand;Device Name;Product URL;Estimated_Price;Popularity_Fans;Battery_Charging;Battery_Type;Body_;Body_Build;Body_Dimensions;Body_SIM;Body_Weight;Comms_Bluetooth;Comms_Infraredport;Comms_NFC;Comms_Positioning;Comms_Radio;Comms_USB;Comms_WLAN;Display_;Display_Protection;Display_Resolution;Display_Size;Display_Type;Features_;Features_Sensors;Launch_Announced;Launch_Status;MainCamera_Dual;MainCamera_Features;MainCamera_Quad;MainCamera_Single;MainCamera_Triple;MainCamera_Video;Memory_;Memory_Cardslot;Memory_Internal;Misc_Colors;Misc_Models;Misc_Price;Misc_SAR;Network_;Network_2Gbands;Network_3Gbands;Network_4Gbands;Network_5Gbands;Network_Speed;Network_Technology;OurTests_Battery;OurTests_Batteryold;OurTests_Camera;OurTests_Display;OurTests_Loudspeaker;OurTests_Performance;Platform_CPU;Platform_Chipset;Platform_GPU;Platform_OS;Selfiecamera_Features;Selfiecamera_Single;Selfiecamera_Video;Sound_;Sound_35mmjack;Sound_Loudspeaker
1;Infinix;Infinix Note 50s;https://www.gsmarena.com/infinix_note_50s_5g-13793.php;N/A;N/A;"45W wired, 100% in 60 min
10W reverse wired
Bypass Charging";5500 mAh;"Scent micro encapsulation technology (lasts up to six months)
IP64 dust tight and water resistant (water splashes)
RGB notification light (on the back)
MIL-STD-810H compliant*
* does not guarantee ruggedness or use in extreme conditions";N/A;164.3 x 74.5 x 7.6 mm (6.47 x 2.93 x 0.30 in);Nano-SIM + Nano-SIM;180 g (6.35 oz);5.4, A2DP, LE;Yes;No;GPS;Unspecified;USB Type-C 2.0, OTG;Wi-Fi 802.11 a/b/g/n/ac/6, dual-band;N/A;Corning Gorilla Glass 5;1080 x 2436 pixels (~393 ppi density);6.78 inches, 109.9 cm2 (~89.8% screen-to-body ratio);AMOLED, 1B colors, 144Hz, 2304Hz PWM, 1300 nits (peak);N/A;Fingerprint (under display, optical), accelerometer, gyro, proximity, compass;2025, April 18;Available. Released 2025, April 24;"64 MP, f/1.8, (wide), 1/1.73"", 0.8µm, PDAF
2 MP";Dual-LED flash, HDR, panorama;N/A;N/A;N/A;4K@30fps, 1080p@30fps;N/A;No;128GB 8GB RAM, 256GB 8GB RAM;Marine Blue, Titanium Grey,  Ruby Red;X6870;$ 577.77 / ₹ 12,748;N/A;N/A;GSM 850 / 900 / 1800 / 1900;HSDPA 850 / 900 / 2100;1, 3, 5, 8, 28, 38, 40, 41;1, 3, 5, 8, 28, 38, 40, 41, 77, 78 SA/NSA;HSPA, LTE, 5G;GSM / HSPA / LTE / 5G;N/A;N/A;N/A;N/A;N/A;N/A;Octa-core (4x2.5 GHz Cortex-A78 & 4x2.0 GHz Cortex-A55);Mediatek Dimensity 7300 Ultimate (4 nm);Mali-G615 MC2;Android 15, up to 2 major Android upgrades, XOS 15;N/A;13 MP, f/2.2, (wide);4K@30fps, 1080p@30fps;"Tuned by JBL
24-bit/192kHz Hi-Res audio";No;Yes, with stereo speakers
2;Infinix;Infinix Zero 5G 2023;https://www.gsmarena.com/infinix_zero_5g_2023-11976.php;N/A;N/A;33W wired;5000 mAh;N/A;Glass front, plastic frame, plastic back;168.7 x 76.5 x 8.9 mm (6.64 x 3.01 x 0.35 in);Nano-SIM + Nano-SIM;201 g (7.09 oz);Yes;N/A;Yes;GPS;FM radio;USB Type-C 2.0, OTG;Wi-Fi 802.11 a/b/g/n/ac/6, dual-band;N/A;N/A;1080 x 2460 pixels (~396 ppi density);6.78 inches, 109.2 cm2 (~84.6% screen-to-body ratio);IPS LCD, 120Hz, 500 nits (peak);N/A;Fingerprint (side-mounted), accelerometer, gyro, proximity, compass;2022, November 08;Available. Released 2022, December 01;N/A;Quad-LED flash, HDR, panorama;N/A;N/A;"50 MP, f/1.6, (wide), PDAF
2 MP, (macro)
2 MP, (depth)";4K@30fps, 1080p@30/60fps;N/A;microSDXC (dedicated slot);256GB 8GB RAM;Pearly White, Coral Orange, Submarine Black;X6815C, X6815D;About 250 EUR;N/A;N/A;GSM 850 / 900 / 1800 / 1900;HSDPA 850 / 900 / 1700(AWS) / 1900 / 2100;1, 2, 3, 4, 5, 7, 8, 20, 28, 38, 40, 41, 66;1, 3, 5, 7, 8, 20, 28, 38, 40, 41, 66, 71, 77, 78 SA/NSA/Sub6;HSPA, LTE, 5G;GSM / HSPA / LTE / 5G;N/A;N/A;N/A;N/A;N/A;N/A;Octa-core (2x2.6 GHz Cortex-A78 & 6x2.0 GHz Cortex-A55)Octa-core (2x2.5 GHz Cortex-A78 & 6x2.0 GHz Cortex-A55) - X6815D;Mediatek Dimensity 1080Mediatek Dimensity 920 (6 nm) - X6815D;Mali-G68 MC4;Android 12, upgradable to Android 13, XOS 13;Dual-LED flash;"16 MP, f/2.0, (wide), 1/3"", 1.0µm";1080p@30fps;24-bit/192kHz Hi-Res audio;Yes;Yes
3;Infinix;Infinix Smart 8;https://www.gsmarena.com/infinix_smart_8-12642.php;N/A;N/A;"10W wired
Reverse wired";5000 mAh;N/A;Glass front, plastic back, plastic frame;163.6 x 75.6 x 8.5 mm (6.44 x 2.98 x 0.33 in);Nano-SIM + Nano-SIM;184 g (6.49 oz);5.0, A2DP, LE;N/A;No;GPS;FM radio;USB Type-C 2.0, OTG;Wi-Fi 802.11 a/b/g/n/ac, dual-band;N/A;N/A;720 x 1612 pixels, 20:9 ratio (~267 ppi density);6.6 inches, 104.6 cm2 (~84.6% screen-to-body ratio);IPS LCD, 90Hz, 500 nits (peak);N/A;Fingerprint (side-mounted), accelerometer, proximity, compass;2023, November 09;Available. Released 2023, November 09;N/A;Ring-LED flash, HDR, panorama;N/A;"13 MP, f/1.9, 27mm (wide), AF
0.08 MP, (auxiliary lens)";N/A;1080p@30fps;N/A;microSDXC (dedicated slot);64GB 2GB RAM, 64GB 3GB RAM, 64GB 4GB RAM, 128GB 4GB RAM;Timber Black, Shiny Gold, Crystal Green, Galaxy White;X6525, X6525D;About 100 EUR;N/A;1, 2, 3, 4, 5, 7, 8, 20, 28, 38, 40, 41;GSM 850 / 900 / 1800 / 1900;HSDPA 850 / 900 / 2100;1, 3, 5, 8, 38, 40, 41;N/A;HSPA, LTE;GSM / HSPA / LTE;N/A;N/A;N/A;N/A;N/A;N/A;Octa-core (2x1.6 GHz Cortex-A75 & 6x1.6 GHz Cortex-A55);Unisoc T606 (12 nm);Mali-G57 MP1;Android 13;N/A;8 MP, f/2.0, (wide);Yes;N/A;Yes;Yes
4;Infinix;Infinix Hot 60i;https://www.gsmarena.com/infinix_hot_60i_5g-14072.php;N/A;N/A;"18W wired
10W reverse wired
Bypass charging";6000 mAh;"IP64 dust tight and water resistant (water splashes)
Drop resistant up to 1.5m";N/A;167.4 x 77.7 x 8.1 mm (6.59 x 3.06 x 0.32 in);Nano-SIM + Nano-SIM;199 g (7.02 oz);5.4, A2DP, LE;Yes;Yes;GPS;Yes;USB Type-C 2.0, OTG;Wi-Fi 802.11 a/b/g/n/ac, dual-band;N/A;N/A;720 x 1600 pixels, 20:9 ratio (~260 ppi density);6.75 inches, 110.0 cm2 (~84.6% screen-to-body ratio);IPS LCD, 120Hz, 560 nits (typ), 670 nits (HBM);N/A;Fingerprint (side-mounted), accelerometer, proximity, compass;2025, August 16;Available. Released 2025, August 21;N/A;Dual-LED flash, HDR, panorama;N/A;"50 MP, f/1.6, (wide), AF
Auxiliary lens";N/A;1080p@30fps;eMMC;microSDXC (dedicated slot);128GB 4GB RAM;Shadow Blue, Sleek Black, Monsoon Green, Plum Red;X6730;About 90 EUR;N/A;N/A;GSM 850 / 900 / 1800 / 1900;HSDPA 850 / 900 / 1700(AWS) / 1900 / 2100;LTE;SA/NSA;HSPA, LTE, 5G;GSM / HSPA / LTE / 5G;N/A;N/A;N/A;N/A;N/A;N/A;Octa-core (2x2.5 GHz Cortex-A76 & 6x2.0 GHz Cortex-A55);Mediatek Dimensity 6400 (6 nm);Mali-G57 MC2;Android 15, XOS 15.1;N/A;5 MP, f/2.0, (wide);1080p@30fps;N/A;Yes;Yes, with stereo speakers
5;Infinix;Infinix Note 50 Pro 4G;https://www.gsmarena.com/infinix_note_50_pro_4g-13701.php;N/A;N/A;"90W wired, 100% in 38 min
30W wireless MagCharge
10W Reverse wired
Reverse wireless
Bypass Charging";5200 mAh;"IP64 dust tight and water resistant (water splashes)
Aerospace-Grade Aluminum
RGB notification light (on the back)";Glass front, aluminum frame;163.3 x 74.4 x 7.3 mm (6.43 x 2.93 x 0.29 in);Nano-SIM + Nano-SIM;198 g (6.98 oz);5.4, A2DP, LE;Yes;Yes (market/region dependent);GPS;FM radio;USB Type-C 2.0, OTG;Wi-Fi 802.11 a/b/g/n/ac, dual-band;N/A;N/A;1080 x 2436 pixels (~393 ppi density);6.78 inches, 109.9 cm2 (~90.4% screen-to-body ratio);AMOLED, 1B colors, 144Hz, 2160Hz PWM, 1300 nits (peak);Virtual proximity sensing;Fingerprint (under display, optical), accelerometer, gyro, compass, heart rate, SpO2;2025, March 04;Available. Released 2025, March;"50 MP, f/1.9, (wide), 1/1.57"", 1.0µm, PDAF, OIS
8 MP, f/2.2, 15mm, 112˚ (ultrawide)";Dual-LED flash, HDR, panorama;N/A;N/A;N/A;1440p@30fps, 1080p@30/60/240fps;UFS 2.2;No;256GB 8GB RAM, 256GB 12GB RAM;Titanium Grey, Enchanted Purple, Racing Edition, Shadow Black;X6855;About 180 EUR;N/A;1, 3, 5, 8, 38, 40, 41;GSM 850 / 900 / 1800 / 1900;HSDPA 850 / 900 / 1700(AWS) / 1900 / 2100;1, 2, 3, 4, 5, 7, 8, 12, 17, 13, 26, 28, 38, 40, 41, 66;N/A;HSPA, LTE;GSM / HSPA / LTE;Active use score 11:26h;N/A;N/A;1054 nits max brightness (measured);-25.3 LUFS (Very good);"AnTuTu: 437302 (v10)
GeekBench: 1970 (v6)
3DMark: 384 (Wild Life Extreme)";Octa-core (2x2.2 GHz Cortex-A76 & 6x2.0 GHz Cortex-A55);Mediatek Helio G100 Ultimate (6 nm);Mali-G57 MC2;Android 15, up to 2 major Android upgrades, XOS 15;N/A;"32 MP, f/2.2, (wide), 1/3.1""";1080p@30fps;"Tuned by JBL
24-bit/192kHz Hi-Res & Hi-Res wireless audio";No;Yes, with stereo speakers
6;Infinix;Infinix Hot 60;https://www.gsmarena.com/infinix_hot_60_5g-14006.php;N/A;N/A;"18W wired
10W reverse wired
Bypass charging";5200 mAh;IP64 dust tight and water resistant (water splashes);Glass front, plastic back, plastic frame;166 x 76.8 x 7.8 mm (6.54 x 3.02 x 0.31 in);Nano-SIM + Nano-SIM;193 g (6.81 oz);5.4, A2DP, LE;Yes;No;GPS, GALILEO, GLONASS, BDS;No;USB Type-C 2.0, OTG;Wi-Fi 802.11 a/b/g/n/ac, dual-band;N/A;N/A;720 x 1600 pixels, 20:9 ratio (~262 ppi density);6.7 inches, 108.4 cm2 (~85.0% screen-to-body ratio);IPS LCD, 120Hz, 560 nits (typ), 700 nits (HBM);N/A;Fingerprint (side-mounted), accelerometer, proximity, compass;2025, July 11;Available. Released 2025, July 15;"50 MP, f/1.6, (wide), AF
other unspecified cameras";Dual-LED flash;N/A;N/A;N/A;1440p@30fps, 1080p@30/60/120fps;UFS;microSDXC (uses shared SIM slot);128GB 6GB RAM;Sleek Black, Tundra Green, Shadow Blue, Caramel Glow;X6726;About 110 EUR;N/A;N/A;GSM 850 / 900 / 1800 / 1900;HSDPA 850 / 900 / 2100;1, 3, 5, 8, 28, 38, 40, 41;1, 3, 5, 8, 28, 38, 40, 41, 77, 78 SA/NSA;HSPA, LTE, 5G;GSM / HSPA / LTE / 5G;N/A;N/A;N/A;N/A;N/A;N/A;Octa-core (2x2.2 GHz Cortex-A78 & 6x2.0 GHz Cortex-A55);Mediatek Dimensity 7020 (6 nm);IMG BXM-8-256;Android 15, XOS 15.1;LED flash;"8 MP, f/2.0, (wide), 1/4.0""";Yes;N/A;Yes;Yes
7;Infinix;Infinix Smart 8 Plus;https://www.gsmarena.com/infinix_smart_8_plus-12817.php;N/A;N/A;"18W wired
Reverse wired";6000 mAh;N/A;Glass front, plastic back, plastic frame;163.7 x 75.7 x 9 mm (6.44 x 2.98 x 0.35 in);Nano-SIM + Nano-SIM;204 g (7.20 oz);5.0, A2DP, LE;N/A;No;GPS;FM radio;USB Type-C 2.0, OTG;Wi-Fi 802.11 a/b/g/n/ac, dual-band;N/A;N/A;720 x 1612 pixels, 20:9 ratio (~267 ppi density);6.6 inches, 104.6 cm2 (~84.4% screen-to-body ratio);IPS LCD, 90Hz, 500 nits (peak);N/A;Fingerprint (side-mounted), accelerometer, proximity, compass;2024, January 30;Available. Released 2024, February;N/A;Ring-LED flash, HDR, panorama;N/A;"50 MP, f/1.9, (wide), AF
0.08 MP, (auxiliary lens)";N/A;1080p@30fps;N/A;microSDXC (dedicated slot);64GB 4GB RAM, 128GB 4GB RAM;Galaxy White, Shiny Gold, Timber Black;X6526;About 100 EUR;N/A;N/A;GSM 850 / 900 / 1800 / 1900;HSDPA 850 / 900 / 1700(AWS) / 1900 / 2100;1, 2, 3, 4, 5, 7, 8, 20, 28, 38, 41, 40;N/A;HSPA, LTE;GSM / HSPA / LTE;N/A;N/A;N/A;N/A;N/A;N/A;Octa-core (4x2.2 GHz Cortex-A53 & 4x1.6 GHz Cortex-A53);Mediatek Helio G36 (12 nm);PowerVR GE8320;Android 13 (Go edition), XOS 13;N/A;8 MP, f/2.0, (wide);Yes;N/A;Yes;Yes
8;Infinix;Infinix Note 40X 5G;https://www.gsmarena.com/infinix_note_40x_5g-13246.php;N/A;N/A;"18W wired, 50% in 31 min
Reverse wired";5000 mAh;Dust and splash resistant;N/A;168.9 x 76.5 x 8.3 mm (6.65 x 3.01 x 0.33 in);Nano-SIM + Nano-SIM;201 g (7.09 oz);5.3, A2DP, LE;N/A;Yes;GPS;FM radio;USB Type-C 2.0, OTG;Wi-Fi 802.11 a/b/g/n/ac;N/A;N/A;1080 x 2460 pixels (~396 ppi density);6.78 inches, 109.2 cm2 (~84.5% screen-to-body ratio);IPS LCD, 120Hz, 500;N/A;Fingerprint (side-mounted), accelerometer, proximity, compass;2024, August 05;Available. Released 2024, August 09;N/A;Quad-LED flash, HDR, panorama;N/A;N/A;"108 MP, f/1.8, (wide), PDAF
2 MP, (macro)
Auxiliary lens";1440p@30fps, 1080p@30/60fps;UFS 2.2;microSDXC (dedicated slot);256GB 8GB RAM, 256GB 12GB RAM;Palm Blue, Lime Green, Starlit Black;X6838;About 150 EUR;N/A;N/A;GSM 850 / 900 / 1800 / 1900;HSDPA 850 / 900 / 1700(AWS) / 1900 / 2100;1, 3, 5, 8, 28, 38, 40, 41;1, 3, 5, 8, 28, 38, 40, 41, 77, 78 SA/NSA;HSPA, LTE, 5G;GSM / HSPA / LTE / 5G;N/A;N/A;N/A;N/A;N/A;N/A;Octa-core (2x2.4 GHz Cortex-A76 & 6x2.0 GHz Cortex-A55);Mediatek Dimensity 6300 (6 nm);Mali-G57 MC2;Android 14, XOS 14;Dual-LED flash;8 MP, (wide);1080p@30fps;N/A;Yes;Yes, with dual speakers
9;Infinix;Infinix Hot 30i;https://www.gsmarena.com/infinix_hot_30i-12216.php;N/A;N/A;18W wired;5000 mAh;N/A;Glass front, plastic frame, plastic back;164 x 75.8 x 8.4 mm (6.46 x 2.98 x 0.33 in);Nano-SIM + Nano-SIM;191 g (6.74 oz);Yes;N/A;Yes (Hot 30i NFC only);GPS;FM radio;USB Type-C 2.0, OTG;Wi-Fi 802.11 a/b/g/n/ac, dual-band;N/A;N/A;720 x 1612 pixels, 20:9 ratio (~269 ppi density);6.56 inches, 103.4 cm2 (~83.2% screen-to-body ratio);IPS LCD, 90Hz, 500 nits (peak);N/A;Fingerprint (side-mounted), accelerometer, proximity, compass;2023, March 31;Available. Released 2023, March 31;N/A;Dual-LED flash, HDR, panorama;N/A;"13 MP, f/1.9, (wide), 1/3.07"", AF
0.08 MP (auxiliary lens)";N/A;1080p@30fps;UFS 2.2;microSDXC (dedicated slot);64GB 4GB RAM, 128GB 4GB RAM, 128GB 8GB RAM;Mirror Black, Glacier Blue, Diamond White, Marigold;X669, X669D;N/A;N/A;N/A;GSM 850 / 900 / 1800 / 1900;HSDPA 850 / 900 / 1700(AWS) / 1900 / 2100;1, 2, 3, 4, 5, 7, 8, 20, 28, 38, 40, 41;N/A;HSPA, LTE;GSM / HSPA / LTE;N/A;N/A;N/A;N/A;N/A;N/A;Octa-core (2x1.6 GHz Cortex-A75 & 6x1.6 GHz Cortex-A55);Unisoc T606 (12 nm);Mali-G57 MP1;Android 12, XOS 10.6;Dual-LED flash;"8 MP, f/2.0, (wide), 1/3.94""";1080p@30fps;N/A;Yes;Yes
10;Infinix;Infinix Hot 11 Play;https://www.gsmarena.com/infinix_hot_11_play-11216.php;N/A;N/A;10W wired;6000 mAh;N/A;Glass front, plastic back, plastic frame;171.8 x 78 x 8.9 mm (6.76 x 3.07 x 0.35 in);Nano-SIM + Nano-SIM;-;5.0, A2DP, LE;N/A;No;GPS;FM radio;microUSB 2.0;Wi-Fi 802.11 a/b/g/n/ac, dual-band, Wi-Fi Direct;N/A;N/A;720 x 1640 pixels (~263 ppi density);6.82 inches, 110.5 cm2 (~82.4% screen-to-body ratio);IPS LCD, 440 nits (typ);N/A;Fingerprint (rear-mounted), accelerometer, proximity, compass;2021, November 15;Available. Released 2021, November 15;"13 MP, f/1.8, (wide), 1/3.1"", 1.12µm, AF
QVGA";Quad-LED flash, panorama, HDR;N/A;N/A;N/A;1080p@30fps;eMMC 5.1;microSDXC (dedicated slot);64GB 4GB RAM, 128GB 4GB RAM;Green, Gold, Blue, Black;N/A;About 120 EUR;N/A;1, 2, 3, 4, 5, 7, 8, 20, 28, 38, 40, 41;GSM 850 / 900 / 1800 / 1900;HSDPA 850 / 900 / 2100;1, 3, 5, 8, 38, 40, 41;N/A;HSPA, LTE;GSM / HSPA / LTE;N/A;N/A;N/A;N/A;N/A;N/A;Octa-core (4x2.3 GHz Cortex-A53 & 4x1.8 GHz Cortex-A53);Mediatek MT6765G Helio G35 (12 nm);PowerVR GE8320;Android 11, XOS 7.6;LED flash;8 MP, f/2.0, (wide);1080p@30fps;N/A;Yes;Yes
11;Infinix;Infinix Hot 50 Pro+ 4G;https://www.gsmarena.com/infinix_hot_50_pro+_4g-13408.php;N/A;N/A;"33W wired, 50% in 26 min
10W reverse wired
Bypass charging";5000 mAh;IP54 dust protected and water resistant (water splashes);Glass front, plastic back, plastic frame;164.1 x 74.4 x 6.8 mm (6.46 x 2.93 x 0.27 in);Nano-SIM + Nano-SIM;162 g (5.71 oz);Yes;N/A;Yes, 360˚;GPS;FM radio;USB Type-C 2.0, OTG;Wi-Fi 802.11 a/b/g/n/ac, dual-band;N/A;Corning Gorilla Glass;1080 x 2436 pixels (~393 ppi density);6.78 inches, 109.9 cm2 (~90.0% screen-to-body ratio);AMOLED, 1B colors, 120Hz, 2160Hz PWM, 550 nits (typ), 1300 nits (peak);N/A;Fingerprint (under display, optical), accelerometer, gyro, proximity, compass;2024, October 20;Available. Released 2024, November;"50 MP, f/1.6, 27mm (wide), 1/2.8"", AF
2 MP, f/2.4, (depth)
Auxiliary lens";Dual-LED flash, panorama;N/A;N/A;N/A;1440p@30fps, 1080p@30/60fps;UFS 2.2;microSDXC (dedicated slot);128GB 8GB RAM, 256GB 8GB RAM;Sleek Black, Titanium Grey, Dreamy Purple;X6880;About 190 EUR;N/A;N/A;GSM 850 / 900 / 1800 / 1900;HSDPA 850 / 900 / 1700(AWS) / 1900 / 2100;1, 2, 3, 4, 5, 7, 8, 20, 28, 38, 40, 41;N/A;HSPA, LTE;GSM / HSPA / LTE;Active use score 10:54h;N/A;N/A;1190 nits max brightness (measured);-27.1 LUFS (Good);"AnTuTu: 436283 (v10)
GeekBench: 1957 (v6)
3DMark: 384 (Wild Life Extreme)";Octa-core (2x2.2 GHz Cortex-A76 & 6x2.0 GHz Cortex-A55);Mediatek Helio G100 (6 nm);Mali-G57 MC2;Android 14, up to 1 major Android upgrades, XOS 14.5;LED flash;"13 MP, f/2.2, (wide), 1/3.06""";Yes;"Tuned by JBL
24-bit/192kHz Hi-Res audio";No;Yes, with stereo speakers
12;Infinix;Infinix Hot 60i 4G;https://www.gsmarena.com/infinix_hot_60i-13983.php;N/A;N/A;"45W wired, 50% in 24 min
10W reverse wired
Bypass charging";5160 mAh;"IP64 dust tight and water resistant (water splashes)
Drop resistant up to 1.5m";Glass front, plastic back, plastic frame;166 x 76.6 x 7.7 mm (6.54 x 3.02 x 0.30 in);Nano-SIM + Nano-SIM;188 g (6.63 oz);5.3, A2DP, LE;Yes;"Yes (data transfer only; not for payments - market/region dependent)";GPS;FM radio;USB Type-C 2.0, OTG;Wi-Fi 802.11 a/b/g/n/ac, dual-band;N/A;N/A;720 x 1600 pixels, 20:9 ratio (~262 ppi density);6.7 inches, 108.4 cm2 (~85.2% screen-to-body ratio);IPS LCD, 120Hz, 700 nits (HBM);N/A;Fingerprint (side-mounted), accelerometer, gyro, proximity, compass;2025, July 02;Available. Released 2025, July 02;N/A;Dual-LED flash, HDR, panorama;N/A;"50 MP, (wide), AF
Auxiliary lens";N/A;1440p@30fps, 1080p@30fps;eMMC5.1;microSDXC (dedicated slot);128GB 4GB RAM, 128GB 6GB RAM, 256GB 4GB RAM, 256GB 8GB RAM;Sleek Black, Titanium Silver, Shadow Blue, Neon Red, Meadow Green, Soul Eye Purple;X6728, X6728B;About 100 EUR;N/A;N/A;GSM 850 / 900 / 1800 / 1900;HSDPA 850 / 900 / 1700(AWS) / 1900 / 2100;1, 2, 3, 4, 5, 7, 8, 20, 28, 38, 40, 41;N/A;HSPA, LTE;GSM / HSPA / LTE;N/A;N/A;N/A;N/A;N/A;N/A;Octa-core (2x2.0 GHz Cortex-A75 & 6x1.8 GHz Cortex-A55);Mediatek Helio G81 Ultimate (12 nm);Mali-G52 MC2;Android 15, XOS 15.1;N/A;8 MP, (wide);Yes;N/A;Yes;Yes, with stereo speakers
13;Infinix;Infinix Note 10 Pro;https://www.gsmarena.com/infinix_note_10_pro-10907.php;N/A;N/A;33W wired;5000 mAh;N/A;N/A;172.8 x 78.3 x 7.8 mm (6.80 x 3.08 x 0.31 in);Nano-SIM + Nano-SIM;209 g (7.37 oz);5.0, A2DP, LE;N/A;No;GPS;FM radio;USB Type-C 2.0, OTG;Wi-Fi 802.11 a/b/g/n/ac, dual-band, Wi-Fi Direct;N/A;N/A;1080 x 2460 pixels (~387 ppi density);6.95 inches, 114.7 cm2 (~84.8% screen-to-body ratio);IPS LCD, 90Hz;N/A;Fingerprint (side-mounted), accelerometer, gyro, proximity, compass;2021, May 12;Available. Released 2021, June 07;N/A;Quad-LED flash, HDR, panorama;"64 MP, f/1.9, (wide), 1/1.72"", 0.8µm, PDAF
8 MP, f/2.3, 120˚ (ultrawide)
2 MP, f/2.4, (depth)
2 MP, f/2.4, (monochrome)";N/A;N/A;4K@30fps, 1080p@30fps;UFS 2.2;microSDXC (dedicated slot);64GB 6GB RAM, 128GB 8GB RAM, 256GB 8GB RAM;Black, Purple, Nordic Secret;X695, X695D;About 180 EUR;0.61 W/kg (head)     0.22 W/kg (body);1, 3, 7, 8, 20, 28;GSM 850 / 900 / 1800 / 1900;HSDPA 850 / 900 / 1700(AWS) / 1900 / 2100;1, 2, 3, 4, 5, 7, 8, 20, 28, 38, 41, 40, 66;N/A;HSPA, LTE;GSM / HSPA / LTE;N/A;Endurance rating 128h;Photo / Video;1326:1 contrast ratio, 447 nits max brightness (measured);-25.3 LUFS (Very good);N/A;Octa-core (2x2.05 GHz Cortex-A76 & 6x2.0 GHz Cortex-A55);Mediatek MT6785V/CD Helio G95 (12 nm);Mali-G76 MC4;Android 11, XOS 7.6;N/A;"16 MP, f/2.0, (wide), 1/3.09""";1080p@30fps;N/A;Yes;Yes, with dual speakers
14;Infinix;Infinix Zero 5G;https://www.gsmarena.com/infinix_zero_5g-11355.php;N/A;N/A;33W wired;5000 mAh;N/A;Glass front, plastic frame, plastic back;168.7 x 76.5 x 8.8 mm (6.64 x 3.01 x 0.35 in);Nano-SIM + Nano-SIM;199 g (7.05 oz);Yes;N/A;No;GPS;FM radio;USB Type-C 2.0, OTG;Wi-Fi 802.11 a/b/g/n/ac/6, dual-band, Wi-Fi Direct;N/A;N/A;1080 x 2460 pixels (~388 ppi density);6.78 inches, 113.7 cm2 (~88.1% screen-to-body ratio);IPS LCD, 120Hz, 500 nits (peak);N/A;Fingerprint (side-mounted), accelerometer, gyro, proximity, compass;2022, February 08;Available. Released 2022, March 03;N/A;Quad-LED flash, HDR, panorama;N/A;N/A;"48 MP, f/1.8, 26mm (wide), 1/2.0"", 0.8µm, PDAF
13 MP, f/2.5, 50mm (telephoto), 1/3.1"", 1.12µm, PDAF, 2x optical zoom
2 MP";4K@30fps, 1080p@30/60fps;UFS 3.1;microSDXC (dedicated slot);128GB 8GB RAM;Cosmic Black, Skylight Orange, Horizon Blue;X6815, X6815B;About 250 EUR;N/A;1, 28, 38, 41, 77, 78, 79 SA/NSA/Sub6 - X6815B;GSM 850 / 900 / 1800 / 1900;HSDPA 850 / 900 / 1700(AWS) / 1900 / 2100;1, 2, 3, 4, 5, 7, 8, 17, 20, 28, 38, 40, 41, 66 - X6815;1, 3, 5, 7, 8, 20, 28, 38, 40, 41, 77, 78, 79 SA/NSA/Sub6 - X6815;HSPA, LTE, 5G;GSM / HSPA / LTE / 5G;N/A;Endurance rating 140h;Photo / Video;1610:1 contrast ratio, 499 nits max brightness (measured);-27.6 LUFS (Good);"AnTuTu: 419083 (v8), 487639 (v9)
GeekBench: 2169 (v5.1)
GFXBench: 19fps (ES 3.1 onscreen)";Octa-core (2x2.4 GHz Cortex-A78 & 6x2.0 GHz Cortex-A55);Mediatek Dimensity 900 (6 nm);Mali-G68 MC4;Android 11, upgradable to Android 12, XOS 10.6;Dual-LED flash;"16 MP, f/2.0, (wide), 1/2.76"", 1.12µm";1080p@30fps;N/A;Yes;Yes
15;Infinix;Infinix Note 50 Pro+;https://www.gsmarena.com/infinix_note_50_pro+-13746.php;N/A;N/A;"100W wired, 100% in 32 min
50W wireless MagCharge
10W reverse wired
7.5w reverse wireless
Bypass Charging";Si/C Li-Ion 5200 mAh;"IP64 dust tight and water resistant (water splashes)
Aerospace-Grade Aluminum
RGB notification light (on the back)";Glass front, aluminum frame, glass back;163.4 x 74.5 x 8 mm (6.43 x 2.93 x 0.31 in);Nano-SIM + Nano-SIM;209 g (7.37 oz);5.4, A2DP, LE;Yes;Yes;GPS;FM radio;USB Type-C 2.0, OTG;Wi-Fi 802.11 a/b/g/n/ac/6, dual-band;N/A;N/A;1080 x 2436 pixels (~393 ppi density);6.78 inches, 109.9 cm2 (~90.3% screen-to-body ratio);AMOLED, 1B colors, 144Hz, 2304Hz PWM, 1300 nits (peak);N/A;Fingerprint (under display, optical), accelerometer, gyro, proximity, compass, heart rate, SpO2;2025, March 20;Available. Released 2025, April;N/A;Dual-LED flash, HDR, panorama;N/A;N/A;"50 MP, f/1.9, 24mm (wide), 1/1.56"", 1.0µm, multi-directional PDAF, OIS
50 MP, f/2.4, 70mm (periscope telephoto), 1/2.76"", 0.64µm, multi-directional PDAF, OIS, 3x optical zoom
8 MP, f/2.2, 15mm, 112˚ (ultrawide), 1/4.0"", 1.12µm";4K@30/60fps, 1080p@30/60/120/240fps, gyro-EIS, OIS;UFS 4.0;No;256GB 12GB RAM;Titanium Grey, Enchanted Purple, Racing Edition;X6856;About 350 EUR;N/A;N/A;GSM 850 / 900 / 1800 / 1900;HSDPA 850 / 900 / 1700(AWS) / 1900 / 2100;1, 2, 3, 4, 5, 7, 8, 12, 17, 20, 28, 38, 40, 41, 42, 66;1, 3, 5, 7, 8, 12, 20, 28, 38, 40, 41, 66, 71, 77, 78 SA/NSA/Sub6;HSPA, LTE, 5G;GSM / HSPA / LTE / 5G;Active use score 11:43h;N/A;N/A;1043 nits max brightness (measured);-26.5 LUFS (Good);"AnTuTu: 1369368 (v10)
GeekBench: 3965 (v6)
3DMark: 2905 (Wild Life Extreme)";Octa-core (1x3.35 GHz Cortex-A715 & 3x3.20 GHz Cortex-A715 & 4x2.20 GHz Cortex-A510);Mediatek Dimensity 8350 Ultimate (4 nm);Mali G615-MC6;Android 15, up to 2 major Android upgrades, XOS 15;N/A;"32 MP, f/2.2, (wide), 1/3.1"", 0.7µm";4K@30fps, 1080p@30/60fps;"Tuned by JBL
24-bit/192kHz Hi-Res & Hi-Res wireless audio";No;Yes, with stereo speakers
16;Infinix;Infinix Hot 60 Pro;https://www.gsmarena.com/infinix_hot_60_pro-14003.php;N/A;N/A;"45W wired, 50% in 22 min
10W reverse wired";5160 mAh;"IP64 dust tight and water resistant (water splashes)
Drop resistant up to 1.5m";Glass front (Gorilla Glass 7i), plastic back, plastic frame;163.5 x 75.9 x 6.6 mm (6.44 x 2.99 x 0.26 in);Nano-SIM + Nano-SIM;170 g (6.00 oz);5.4, A2DP, LE;Yes;"Yes (data transfer only; not for payments - market/region dependent)";GPS;FM radio;USB Type-C 2.0, OTG;Wi-Fi 802.11 a/b/g/n/ac, dual-band;N/A;Corning Gorilla Glass 7i;1224 x 2720 pixels, 20:9 ratio (~440 ppi density);6.78 inches, 111.0 cm2 (~89.4% screen-to-body ratio);AMOLED, 144Hz, 2160Hz PWM, 700 nits (typ), 1600 nits (HBM), 4500 nits (peak);N/A;Fingerprint (under display, optical), accelerometer, gyro, proximity, compass;2025, July 10;Available. Released 2025, July 13;N/A;Dual-LED flash, HDR, panorama;N/A;"50 MP, f/1.6, 27mm (wide), 1/2.8"", 0.64µm, PDAF
Auxiliary lens";N/A;1440p@30fps, 1080p@30/60fps;UFS 2.2;microSDXC (dedicated slot);128GB 8GB RAM, 256GB 8GB RAM;Sleek Black, Titanium Silver, Coral Tides, Sapphire Blue, Jungle Breath, Orange Rose Valley;X6885;N/A;N/A;N/A;GSM 850 / 900 / 1800 / 1900;HSDPA 850 / 900 / 1700(AWS) / 1900 / 2100;1, 2, 3, 4, 5, 7, 8, 20, 28, 38, 40, 41;N/A;HSPA, LTE;GSM / HSPA / LTE;N/A;N/A;N/A;N/A;N/A;N/A;Octa-core (2x2.2 GHz Cortex-A76 & 6x2.0 GHz Cortex-A55);Mediatek Helio G200 (6 nm);Mali-G57 MC2 (1.1GHz);Android 15, XOS 15.1;N/A;13 MP, f/2.2, 24mm (wide), 1.12µm;1440p@30fps, 1080p@30/60fps;N/A;Yes;Yes
17;Infinix;Infinix GT 30 Pro;https://www.gsmarena.com/infinix_gt_30_pro_5g-13889.php;N/A;N/A;"45W wired
30W wireless
10W reverse wired
5W reverse wireless
Bypass Charging 2";5200 mAh or 5500 mAh;"IP64 dust tight and water resistant (water splashes)
Customizable RGB LEDs on the back
Pressure sensitive zones (Gaming triggers)";Glass front (Gorilla Glass 7i), plastic frame, plastic back;163.7 x 75.8 x 8 mm (6.44 x 2.98 x 0.31 in);Nano-SIM + Nano-SIM;189 g (6.67 oz);5.4, A2DP, LE;Yes;Yes;GPS, GLONASS, GALILEO;FM radio;USB Type-C 2.0, OTG;Wi-Fi 802.11 a/b/g/n/ac/6, dual-band, Wi-Fi Direct;N/A;Corning Gorilla Glass 7i;1224 x 2720 pixels, 20:9 ratio (~440 ppi density);6.78 inches, 111.0 cm2 (~89.4% screen-to-body ratio);AMOLED, 1B colors, 144Hz, 2304Hz PWM, 700 nits (typ), 1600 nits (peak), 4500 nits (peak);N/A;Fingerprint (under display, optical), accelerometer, proximity, compass, gyro;2025, May 21;Available. Released 2025, June 01;"108 MP, f/1.9, (wide), 1/1.33"", 0.8µm, PDAF
8 MP, f/2.2, 111˚ (ultrawide), 1/4.0"", 1.0µm, AF";Dual-LED flash, HDR, panorama;N/A;N/A;N/A;4K@30/60fps, 1080p@30/60/120/240fps;UFS 4.0;No;256GB 8GB RAM, 256GB 12GB RAM, 512GB 12GB RAM;Dark Flare, Blade White, Shadow Ash;X6873;₹ 23,745;N/A;N/A;GSM 850 / 900 / 1800 / 1900;HSDPA 850 / 900 / 1700(AWS) / 1900 / 2100;1, 2, 3, 4, 5, 7, 8, 12, 17, 20, 28, 38, 40, 41, 42, 66;1, 3, 5, 7, 8, 12, 20, 28, 38, 40, 41, 66, 71, 77, 78 SA/NSA/Sub6;HSPA, LTE, 5G;GSM / HSPA / LTE / 5G;Active use score 13:24h;N/A;N/A;1897 nits max brightness (measured);-25.7 LUFS (Very good);"AnTuTu: 1231878 (v10)
GeekBench: 4086 (v6)
3DMark: 2937 (Wild Life Extreme)";Octa-core (1x3.35 GHz Cortex-A715 & 3x3.20 GHz Cortex-A715 & 4x2.20 GHz Cortex-A510);Mediatek Dimensity 8350 Ultimate (4 nm);Mali G615-MC6;Android 15, up to 2 major Android upgrades, XOS 15;N/A;"13 MP, f/2.2, (wide), 1/3.1"", 1.12µm";4K@30fps, 1080p@30fps;"Tuned by JBL
24-bit/192kHz Hi-Res & Hi-Res Wireless audio";No;Yes, with stereo speakers
18;Infinix;Infinix Smart 10 Plus;https://www.gsmarena.com/infinix_smart_10_plus-13953.php;N/A;N/A;"18W wired
Reverse wired";6000 mAh;"IP64 dust tight and water resistant (water splashes)
Drop resistant up to 1.5m";Glass front, plastic back, plastic frame;165.6 x 77 x 8 mm (6.52 x 3.03 x 0.31 in);Nano-SIM + Nano-SIM;198 g (6.98 oz);Yes;Yes;"Yes (data transfer only; not for payments - market/region dependent)";GPS;FM radio;USB Type-C 2.0, OTG;Wi-Fi 802.11 a/b/g/n/ac, dual-band;N/A;N/A;720 x 1600 pixels, 20:9 ratio (~263 ppi density);6.67 inches, 107.4 cm2 (~84.2% screen-to-body ratio);IPS LCD, 120Hz, 700 nits (HBM);N/A;Fingerprint (side-mounted), accelerometer, proximity, compass;2025, June 16;Available. Released 2025, June 16;N/A;Dual-LED flash, panorama;N/A;"8 MP, f/2.0, (wide), 1/4.0"", 1.12µm, AF";N/A;1440p@30fps, 1080p@30fps;eMMC 5.1;microSDXC (dedicated slot);128GB 4GB RAM, 128GB 8GB RAM;Sleek Black, Titanium Silver, Iris Blue, Ruby Red;X6725B_C, X6725B;About 70 EUR;N/A;N/A;GSM 850 / 900 / 1800 / 1900;HSDPA 850 / 900 / 1700(AWS) / 1900 / 2100;1, 2, 3, 4, 5, 7, 8, 20, 28, 38, 40, 41;N/A;HSPA, LTE;GSM / HSPA / LTE;N/A;N/A;N/A;N/A;N/A;N/A;Octa-core (2x1.8 GHz Cortex-A75 & 6x1.6 GHz Cortex-A55);Unisoc T7250 (12 nm);Mali-G57 MP1;Android 15, XOS 15.1;N/A;"8 MP, f/2.0, (wide), 1/4.0"", 1.12µm";1440p@30fps, 1080p@30fps;N/A;Yes;Yes, with stereo speakers
19;Infinix;Infinix Note 30;https://www.gsmarena.com/infinix_note_30-12288.php;N/A;N/A;45W wired;5000 mAh;N/A;Glass front, plastic frame, glass or leather back;168.6 x 76.6 x 8.6 mm (6.64 x 3.02 x 0.34 in);Nano-SIM + Nano-SIM;219 g (7.72 oz);Yes;N/A;Yes (market/region dependent);GPS;FM radio;USB Type-C 2.0, OTG;Wi-Fi 802.11 a/b/g/n/ac, dual-band, Wi-Fi Direct;N/A;N/A;1080 x 2460 pixels (~396 ppi density);6.78 inches, 109.2 cm2 (~84.5% screen-to-body ratio);IPS LCD, 120Hz, 580 nits (peak);N/A;Fingerprint (side-mounted), accelerometer, gyro, proximity, compass;2023, May 22;Available. Released 2023, May 22;N/A;Quad-LED flash, HDR, panorama;N/A;N/A;"64 MP, f/1.7, (wide), 1/2.0"", 0.7µm, PDAF
2 MP, f/2.4, (depth)
QVGA";1440p@30fps, 1080p@30/60fps;UFS;microSDXC (dedicated slot);128GB 8GB RAM, 256GB 8GB RAM;Obsidian Black, Interstellar Blue, Sunset Gold;X6833B, X6716B;N/A;N/A;1, 3, 7, 8, 20, 28;GSM 850 / 900 / 1800 / 1900;HSDPA 850 / 900 / 2100;1, 3, 5, 8, 38, 40, 41;N/A;HSPA, LTE;GSM / HSPA / LTE;N/A;Endurance rating 119h;Photo / Video;Contrast ratio: 1521:1 (nominal);-26.9 LUFS (Good);"AnTuTu: 374263 (v9)
GeekBench: 1792 (v5.5), 1971 (v6.0)
GFXBench: 12fps (ES 3.1 onscreen)";Octa-core (2x2.2 GHz Cortex-A76 & 6x2.0 GHz Cortex-A55);Mediatek Helio G99 (6 nm);Mali-G57 MC2;Android 13;LED flash, HDR;16 MP, f/2.0, (wide);1440p@30fps, 1080p@30/60fps;Tuned by JBL;Yes;Yes, with stereo speakers
20;Infinix;Infinix Note 50 4G;https://www.gsmarena.com/infinix_note_50_4g-13705.php;N/A;N/A;"45W wired, 100% in 60 min
30W wireless MagCharge
10W Reverse wired
Reverse wireless
Bypass Charging";5200 mAh;"IP64 dust tight and water resistant (water splashes)
Aerospace-Grade Aluminum
RGB notification light (on the back)";Glass front, aluminum frame;163.3 x 74.4 x 7.6 mm (6.43 x 2.93 x 0.30 in);Nano-SIM + Nano-SIM;199 g (7.02 oz);5.4, A2DP, LE;Yes;Yes (market/region dependent);GPS;FM radio;USB Type-C 2.0, OTG;Wi-Fi 802.11 a/b/g/n/ac, dual-band;N/A;N/A;1080 x 2436 pixels (~393 ppi density);6.78 inches, 109.9 cm2 (~90.4% screen-to-body ratio);AMOLED, 1B colors, 144Hz, 2160Hz PWM, 1300 nits (peak);N/A;Fingerprint (under display, optical), accelerometer, gyro, proximity, compass;2025, March 04;Available. Released 2025, March;"50 MP, f/1.9, (wide), 1/1.57"", 1.0µm, PDAF, OIS
2 MP, f/2.4, (macro)";Dual-LED flash, HDR, panorama;N/A;N/A;N/A;1440p@30fps, 1080p@30/60/240fps;UFS 2.2;Unspecified;256GB 8GB RAM;Titanium Grey, Ruby Red, Mountain Shade, Shadow Black;X6858;About 160 EUR;N/A;1, 3, 5, 8, 38, 40, 41;GSM 850 / 900 / 1800 / 1900;HSDPA 850 / 900 / 1700(AWS) / 1900 / 2100;1, 2, 3, 4, 5, 7, 8, 12, 17, 13, 26, 28, 38, 40, 41, 66;N/A;HSPA, LTE;GSM / HSPA / LTE;N/A;N/A;N/A;N/A;N/A;N/A;Octa-core (2x2.2 GHz Cortex-A76 & 6x2.0 GHz Cortex-A55);Mediatek Helio G100 Ultimate (6 nm);Mali-G57 MC2;Android 15, up to 2 major Android upgrades, XOS 15;N/A;13 MP, f/2.2, (wide);1080p@30fps;"Tuned by JBL
24-bit/192kHz Hi-Res & Hi-Res wireless audio";No;Yes, with stereo speakers
21;Infinix;Infinix Zero 30 4G;https://www.gsmarena.com/infinix_zero_30_4g-12641.php;N/A;N/A;45W wired, PD3.0, 75% in 30 min;5000 mAh;IP54 dust protected and water resistant (water splashes);N/A;164.5 x 75 x 7.9 mm (6.48 x 2.95 x 0.31 in);Nano-SIM + Nano-SIM;182 g (6.42 oz);Yes;N/A;Yes;GPS;FM radio;USB Type-C 2.0, OTG;Wi-Fi 802.11 a/b/g/n/ac, dual-band;N/A;Corning Gorilla Glass 5;1080 x 2400 pixels, 20:9 ratio (~388 ppi density);6.78 inches, 111.0 cm2 (~90.0% screen-to-body ratio);AMOLED, 1B colors, 120Hz, 950 nits (peak);N/A;Fingerprint (under display, optical), accelerometer, gyro, proximity, compass;2023, October 26;Available. Released 2023, October 26;N/A;Quad-LED flash, HDR, panorama;N/A;N/A;"108 MP, f/1.7, (wide), 1/1.67"", PDAF
2 MP, f/2.4
2 MP, f/2.4";1440p@30fps, 1080p@30/60fps;UFS 2.2;No;256GB 8GB RAM;Sunset Gold, Misty Green, Pearly White;X6731B;About 180 EUR;N/A;N/A;GSM 850 / 900 / 1800 / 1900;HSDPA 850 / 900 / 1700(AWS) / 1900 / 2100;1, 2, 3, 4, 5, 7, 8, 20, 28, 38, 41, 40;N/A;HSPA, LTE;GSM / HSPA / LTE;N/A;N/A;N/A;N/A;N/A;N/A;Octa-core (2x2.2 GHz Cortex-A76 & 6x2.0 GHz Cortex-A55);Mediatek Helio G99 (6 nm);Mali-G57 MC2;Android 13, XOS 13;Dual-LED flash;"50 MP, f/2.5, (wide), 1/2.76"", PDAF";1440p@30fps, 1080p@30/60fps;"24-bit/192kHz Hi-Res audio
Tuned by JBL";No;Yes, with dual speakers
22;Infinix;Infinix Hot 50 Pro 4G;https://www.gsmarena.com/infinix_hot_50_pro_4g-13461.php;N/A;N/A;"33W wired, 50% in 27 min
Reverse wired
Bypass charging";5000 mAh;IP54 dust protected and water resistant (water splashes);Glass front, plastic back, plastic frame;167 x 76.4 x 7.4 mm (6.57 x 3.01 x 0.29 in);Nano-SIM + Nano-SIM;190 g (6.70 oz);5.4, A2DP, LE;N/A;Yes;GPS;FM radio;USB Type-C 2.0, OTG;Wi-Fi 802.11 a/b/g/n/ac, dual-band;N/A;N/A;1080 x 2436 pixels (~393 ppi density);6.78 inches, 109.9 cm2 (~86.1% screen-to-body ratio);AMOLED, 1B colors, 120Hz, 2160Hz PWM, 550 nits (typ), 1800 nits (peak);N/A;Fingerprint (under display, optical), accelerometer, proximity, compass;2024, October 20;Available. Released 2024, November;N/A;Quad-LED flash, HDR, panorama;N/A;N/A;"50 MP, f/1.6, 27mm (wide), 1/2.8"", AF
2 MP, f/2.4, (depth)
3rd unspecified camera";1440p@30fps, 1080p@30/60fps;UFS;microSDXC (dedicated slot);128GB 8GB RAM, 256GB 8GB RAM;Sleek Black, Titanium Grey, Glacier Blue;X6881;N/A;N/A;N/A;GSM 850 / 900 / 1800 / 1900;HSDPA 850 / 900 / 1700(AWS) / 1900 / 2100;1, 2, 3, 4, 5, 7, 8, 20, 28, 38, 40, 41;N/A;HSPA, LTE;GSM / HSPA / LTE;N/A;N/A;N/A;N/A;N/A;N/A;Octa-core (2x2.2 GHz Cortex-A76 & 6x2.0 GHz Cortex-A55);Mediatek Helio G100 (6 nm);Mali-G57 MC2;Android 14, up to 1 major Android upgrades, XOS 14.5;LED flash;"8 MP, f/2.0, (wide), 1/4.0""";Yes;24-bit/192kHz Hi-Res audio;Yes;Yes, with stereo speakers
23;Infinix;Infinix Note 40 5G;https://www.gsmarena.com/infinix_note_40_5g-13035.php;N/A;N/A;"33W wired, 50% in 31 min
15W wireless MagCharge
Reverse wired
Reverse wireless";5000 mAh;"IP53 dust protected and water resistant
(vertical water sprays)";N/A;165.5 x 75.9 x 7.9 mm (6.52 x 2.99 x 0.31 in);Nano-SIM + Nano-SIM;185 g (6.53 oz);Yes;Yes;Yes (market/region dependent);GPS;FM radio;USB Type-C 2.0, OTG;Wi-Fi 802.11 a/b/g/n/ac;N/A;N/A;1080 x 2436 pixels (~393 ppi density);6.78 inches, 109.9 cm2 (~87.5% screen-to-body ratio);AMOLED, 1B colors, 120Hz, 1300 nits (peak);N/A;Fingerprint (under display, optical), accelerometer, gyro, proximity, compass;2024, May 22;Available. Released 2024, May 22;N/A;Quad-LED flash, HDR, panorama;N/A;N/A;"108 MP, f/1.8, 24mm (wide), PDAF
2 MP, f/2.4
2 MP, f/2.4";1440p@30fps, 1080p@30/60fps;UFS 2.2;microSDXC (dedicated slot);256GB 8GB RAM, 512GB 12GB RAM;Obsidian Black, Titan Gold, Racing Edition;X6852;About 220 EUR;N/A;N/A;GSM 850 / 900 / 1800 / 1900;HSDPA 850 / 900 / 1700(AWS) / 1900 / 2100;1, 2, 3, 4, 5, 7, 8, 12, 17, 20, 28, 38, 40, 41, 42, 66;1, 3, 5, 7, 8, 12, 20, 28, 38, 40, 41, 66, 77, 78 SA/NSA;HSPA, LTE, 5G;GSM / HSPA / LTE / 5G;N/A;N/A;N/A;N/A;N/A;N/A;Octa-core (2x2.2 GHz Cortex-A78 & 6x2.0 GHz Cortex-A55);Mediatek Dimensity 7020 (6 nm);IMG BXM-8-256;Android 14, XOS 14;Dual-LED flash;32 MP, f/2.2, (wide);1080p@30fps;"Tuned by JBL
24-bit/192kHz Hi-Res audio";No;Yes, with stereo speakers
24;Infinix;Infinix Note 30 Pro;https://www.gsmarena.com/infinix_note_30_pro-12273.php;N/A;N/A;"68W wired, PD3.0, 80% in 30 min
15W wireless
Reverse wireless";5000 mAh;"IP53 dust protected and water resistant
(vertical water sprays)";Glass front, plastic frame, glass back;162.7 x 76 x 8.2 mm (6.41 x 2.99 x 0.32 in);Nano-SIM + Nano-SIM;203 g (7.16 oz);Yes;N/A;Yes (market/region dependent);GPS;FM radio;USB Type-C 2.0, OTG;Wi-Fi 802.11 a/b/g/n/ac, dual-band, Wi-Fi Direct;N/A;N/A;1080 x 2400 pixels, 20:9 ratio (~395 ppi density);6.67 inches, 107.4 cm2 (~86.9% screen-to-body ratio);AMOLED, 1B colors, 120Hz, 900 nits (peak);N/A;Fingerprint (side-mounted), accelerometer, gyro, proximity, compass;2023, May 22;Available. Released 2023, May 22;N/A;Quad-LED flash, HDR, panorama;N/A;N/A;"108 MP, (wide), 1/1.67"", PDAF
2 MP, (macro)
2 MP, (depth)";1440p@30fps, 1080p@30fps;UFS 2.2;microSDXC (dedicated slot);256GB 8GB RAM;Magic Black, Variable Gold;X678B;N/A;N/A;N/A;GSM 850 / 900 / 1800 / 1900;HSDPA 850 / 900 / 1700(AWS) / 1900 / 2100;1, 2, 3, 4, 5, 7, 8, 12, 17, 20, 28, 38, 40, 41, 66;N/A;HSPA, LTE;GSM / HSPA / LTE;N/A;N/A;N/A;N/A;N/A;N/A;Octa-core (2x2.2 GHz Cortex-A76 & 6x2.0 GHz Cortex-A55);Mediatek Helio G99 (6 nm);Mali-G57 MC2;Android 13, XOS 13;LED flash, HDR;"32 MP, f/2.0, (wide), 1/2.8""";1080p@30fps;"Tuned by JBL
24-bit/192kHz Hi-Res audio";Yes;Yes, with dual speakers
25;Infinix;Infinix Smart 6;https://www.gsmarena.com/infinix_smart_6-11189.php;N/A;N/A;10W wired;5000 mAh;N/A;Glass front, plastic back, plastic frame;165.6 x 76.4 x 9.1 mm (6.52 x 3.01 x 0.36 in);Nano-SIM + Nano-SIM;-;Yes;N/A;Yes (market/region dependent);GPS;FM radio;microUSB 2.0, OTG;Wi-Fi 802.11 b/g/n;N/A;N/A;720 x 1600 pixels, 20:9 ratio (~266 ppi density);6.6 inches, 105.2 cm2 (~83.1% screen-to-body ratio);IPS LCD, 500 nits (typ);N/A;Fingerprint (rear-mounted), accelerometer, proximity;2021, October 26;Available. Released 2021, October 26;"8 MP, AF
0.8 MP, (depth)";Dual-LED flash;N/A;N/A;N/A;1080p@30fps;eMMC 5.1;microSDXC (dedicated slot);32GB 2GB RAM, 64GB 3GB RAM;Purple, Ocean Blue, Light Sea Green, Polar Black;X6511B, X6511, X6511E;About 100 EUR;N/A;1, 2, 3, 4, 5, 7, 8, 20, 28, 38, 40, 41;GSM 850 / 900 / 1800 / 1900;HSDPA 850 / 900 / 2100;1, 3, 5, 8, 38, 40, 41;N/A;HSPA, LTE;GSM / HSPA / LTE;N/A;N/A;N/A;N/A;N/A;N/A;Octa-core (4x1.6 GHz Cortex-A55 & 4x1.2 GHz Cortex-A55);Unisoc SC9863A (28 nm);IMG8322;Android 11 (Go edition), XOS 7.6;LED flash;5 MP;720p@30fps;N/A;Yes;Yes
26;Infinix;Infinix Note 40 Pro+;https://www.gsmarena.com/infinix_note_40_pro+-12874.php;N/A;N/A;"100W wired, 50% in 12 min
20W wireless MagCharge
Reverse wired
Reverse wireless";4600 mAh;"IP53 dust protected and water resistant
(vertical water sprays)";Glass front, plastic frame, silicone polymer (eco leather) back;164.3 x 74.5 x 8.1 mm (6.47 x 2.93 x 0.32 in);Nano-SIM + Nano-SIM;190 g or 196 g (6.70 oz);Yes;Yes;Yes (market/region dependent);GPS;FM radio;USB Type-C 2.0, OTG;Wi-Fi 802.11 a/b/g/n/ac, dual-band;N/A;Corning Gorilla Glass;1080 x 2436 pixels (~393 ppi density);6.78 inches, 109.9 cm2 (~89.8% screen-to-body ratio);AMOLED, 1B colors, 120Hz, 1300 nits (peak);N/A;Fingerprint (under display, optical), accelerometer, gyro, proximity, compass;2024, March 18;Available. Released 2024, March 19;N/A;Dual-LED flash, HDR, panorama;N/A;N/A;"108 MP, f/1.8, 24mm (wide), 1/1.67"", 0.64µm, PDAF, OIS
2 MP, f/2.4
2 MP, f/2.4";1440p@30fps, 1080p@30/60fps;UFS 2.2;No;256GB 12GB RAM, 512GB 12GB RAM;Obsidian Black, Vintage Green, Racing Edition;X6851B;About 290 EUR;N/A;N/A;GSM 850 / 900 / 1800 / 1900;HSDPA 850 / 900 / 1700(AWS) / 1900 / 2100;1, 2, 3, 4, 5, 7, 8, 12, 17, 20, 28, 38, 40, 41, 42, 66;1, 3, 5, 7, 8, 12, 20, 28, 38, 40, 41, 66, 77, 78 SA/NSA;HSPA, LTE, 5G;GSM / HSPA / LTE / 5G;Active use score 12:23h;N/A;N/A;1130 nits max brightness (measured);-26.5 LUFS (Good);"AnTuTu: 459546 (v10)
GeekBench: 2233 (v6)";Octa-core (2x2.2 GHz Cortex-A78 & 6x2.0 GHz Cortex-A55);Mediatek Dimensity 7020 (6 nm);IMG BXM-8-256;Android 14, up to 2 major Android upgrades, XOS 14;Dual-LED flash;"32 MP, f/2.2, (wide), 1/3.1"", 0.7µm";1440p@30fps, 1080p@30/60fps;"Tuned by JBL
24-bit/192kHz Hi-Res audio";No;Yes, with stereo speakers
27;Infinix;Infinix Hot 20i;https://www.gsmarena.com/infinix_hot_20i-11924.php;N/A;N/A;"10W wired
5W reverse wired";Li-Ion 5000 mAh;N/A;Glass front, plastic back, plastic frame;164.8 x 76.4 x 8.8 mm (6.49 x 3.01 x 0.35 in);Nano-SIM + Nano-SIM;195 g (6.88 oz);Yes;N/A;No;GPS;FM radio;microUSB 2.0, OTG;Wi-Fi 802.11 a/b/g/n/ac, dual-band;N/A;N/A;720 x 1612 pixels, 20:9 ratio (~267 ppi density);6.6 inches, 104.6 cm2 (~83.1% screen-to-body ratio);IPS LCD, 500 nits (peak);N/A;Fingerprint (rear-mounted), accelerometer, proximity;2022, September 28;Available. Released 2022, September 28;N/A;Dual-LED flash;N/A;N/A;"13 MP, f/1.8, (wide), AF
QVGA
QVGA";1080p@30fps;N/A;microSDXC (dedicated slot);64GB 2GB RAM, 64GB 3GB RAM, 64GB 4GB RAM, 128GB 4GB RAM, 128GB 6GB RAM;Wilderness Black, Luna Blue, Energy Green, Sunset Gold;X665C, X665E;About 120 EUR;N/A;N/A;GSM 850 / 900 / 1800 / 1900;HSDPA 900 / 2100;1, 3, 7, 8, 20;N/A;HSPA, LTE;GSM / HSPA / LTE;N/A;N/A;N/A;N/A;N/A;N/A;Octa-core (4x2.0 GHz Cortex-A53 & 4x1.5 GHz Cortex-A53) / Quad-core 2.0 GHz Cortex-A53;Mediatek MT6762G Helio G25 (12 nm) / Mediatek MT6761 Helio A22 (12 nm);PowerVR GE8320;Android 12 or Android 12 (Go edition), XOS 10.6;LED flash;8 MP;1080p@30fps;N/A;Yes;Yes
28;Infinix;Infinix GT 10 Pro;https://www.gsmarena.com/infinix_gt_10_pro-12451.php;N/A;N/A;45W wired, PD3;5000 mAh;LED strip on the back;N/A;162.7 x 75.9 x 8.1 mm (6.41 x 2.99 x 0.32 in);Nano-SIM + Nano-SIM;187 g (6.60 oz);Yes;N/A;Yes;GPS, GLONASS, GALILEO;FM radio;USB Type-C 2.0;Wi-Fi 802.11 a/b/g/n/ac/6, dual-band, Wi-Fi Direct;N/A;N/A;1080 x 2400 pixels, 20:9 ratio (~395 ppi density);6.67 inches, 107.4 cm2 (~87.0% screen-to-body ratio);AMOLED, 1B colors, 120Hz, 900 nits (peak);N/A;Fingerprint (under display, optical), accelerometer, proximity, compass, gyro;2023, August 03;Available. Released 2023, August 13;N/A;Quad-LED flash, HDR, panorama;N/A;N/A;"108 MP, f/1.8, (wide), 1/1.67"", 0.64µm, AF
2 MP, (macro)
2 MP, (depth)";4K@30fps, 1080p@30/60fps;UFS 3.1;microSDXC (dedicated slot);256GB 8GB RAM;Cyber Black, Mirage Silver;X6739;About 260 EUR;N/A;N/A;GSM 850 / 900 / 1800 / 1900;HSDPA 850 / 900 / 1700(AWS) / 1900 / 2100;1, 2, 3, 4, 5, 7, 8, 12, 17, 20, 28, 38, 40, 41, 66;1, 3, 5, 8, 12, 20, 28, 38, 40, 41, 66, 77, 78 SA/NSA;HSPA, LTE, 5G;GSM / HSPA / LTE / 5G;N/A;Endurance rating 112h;Photo / Video;701 nits max brightness (measured);-25.1 LUFS (Very good);"AnTuTu: 666948 (v9), 802301 (v10)
GeekBench: 3080 (v5.5), 3303 (v6.0)
GFXBench: 40fps (ES 3.1 onscreen)";Octa-core (1x3.0 GHz Cortex-A78 & 3x2.6 GHz Cortex-A78 & 4x2.0 GHz Cortex-A55);Mediatek Dimensity 8050 (6 nm);Mali-G77 MC9;Android 13, up to 1 major Android upgrades, XOS 13;Dual-LED flash;32 MP, f/2.5, (wide);1440p@30fps, 1080p@30/60fps;N/A;Yes;Yes, with stereo speakers
29;Infinix;Infinix Hot 10;https://www.gsmarena.com/infinix_hot_10-10452.php;N/A;N/A;N/A;5200 mAh;N/A;Glass front, plastic back, plastic frame;171.1 x 77.6 x 8.9 mm (6.74 x 3.06 x 0.35 in);Nano-SIM + Nano-SIM;195 g (6.88 oz);5.0, A2DP, LE;N/A;No;GPS;FM radio;microUSB 2.0, OTG;Wi-Fi 802.11 a/b/g/n/ac, dual-band, Wi-Fi Direct;N/A;N/A;720 x 1640 pixels (~264 ppi density);6.78 inches, 109.2 cm2 (~82.2% screen-to-body ratio);IPS LCD;N/A;Fingerprint (rear-mounted), accelerometer, gyro, proximity, compass;2020, September 17;Available. Released 2020, October 17;N/A;Quad-LED flash, HDR, panorama;"16 MP, (wide), PDAF
2 MP, (macro)
2 MP, (depth)
QVGA (Low light sensor)";N/A;N/A;1080p@30fps;eMMC 5.1;microSDXC (dedicated slot);64GB 3GB RAM, 64GB 4GB RAM, 128GB 4GB RAM, 128GB 6GB RAM;Obsidian Black, Amber Red, Moonlight Jade, Ocean Wave;X682B, X682C, MZ-Infinix X682B, MZ-Infinix X682C;About 120 EUR;N/A;N/A;GSM 850 / 900 / 1800 / 1900;HSDPA 850 / 900 / 1700(AWS) / 1900 / 2100;1, 2, 3, 4, 5, 7, 8, 20, 38, 40, 41;N/A;HSPA 42.2/5.76 Mbps, LTE Cat4 150/50 Mbps;GSM / HSPA / LTE;N/A;N/A;N/A;N/A;N/A;N/A;Octa-core (2x2.0 GHz Cortex-A75 & 6x1.7 GHz Cortex-A55);Mediatek MT6769V/CB Helio G70 (12 nm);Mali-G52 2EEMC2;Android 10, XOS 6.0;N/A;8 MP, (wide);1080p@30fps;N/A;Yes;Yes
30;Infinix;Infinix Smart 7 HD;https://www.gsmarena.com/infinix_smart_7_hd-12243.php;N/A;N/A;10W wired;5000 mAh;N/A;Glass front, plastic back, plastic frame;163.9 x 75.5 x 8.7 mm (6.45 x 2.97 x 0.34 in);Nano-SIM + Nano-SIM;196.5 g (6.95 oz);5.0, A2DP, LE;N/A;No;GPS;FM radio;microUSB 2.0, OTG;Wi-Fi 802.11 b/g/n;N/A;N/A;720 x 1612 pixels, 20:9 ratio (~267 ppi density);6.6 inches, 104.6 cm2 (~84.6% screen-to-body ratio);IPS LCD, 500 nits;N/A;Fingerprint (rear-mounted), accelerometer, proximity;2023, April 14;Available. Released 2023, April 14;N/A;Dual-LED flash, HDR, panorama;N/A;"8 MP, f/2.0
0.08 MP (auxiliary lens)";N/A;1080p@30fps;UFS 2.1;microSDXC (dedicated slot);64GB 2GB RAM;Ink Black, Silk Blue, Jade White, Green Apple;X6516;About 110 EUR;N/A;1, 2, 3, 4, 5, 7, 8, 20, 28, 38, 40, 41;GSM 850 / 900 / 1800 / 1900;HSDPA 850 / 900 / 2100;1, 3, 5, 8, 38, 40, 41;N/A;HSPA, LTE;GSM / HSPA / LTE;N/A;N/A;N/A;N/A;N/A;N/A;Octa-core 1.6 GHz;N/A;N/A;Android 12 (Go edition);LED flash;5 MP, f/2.0;720p@30fps;N/A;Yes;Yes
31;Infinix;Infinix Hot 10 Play;https://www.gsmarena.com/infinix_hot_10_play-10699.php;N/A;N/A;10W wired;6000 mAh;N/A;Glass front, plastic back, plastic frame;171.8 x 78 x 8.9 mm (6.76 x 3.07 x 0.35 in);Nano-SIM + Nano-SIM;207 g (7.30 oz);5.0, A2DP, LE;N/A;No;GPS;FM radio;microUSB 2.0;Wi-Fi 802.11 a/b/g/n/ac, dual-band, Wi-Fi Direct;N/A;N/A;720 x 1640 pixels (~263 ppi density);6.82 inches, 110.5 cm2 (~82.4% screen-to-body ratio);IPS LCD, 440 nits (typ);N/A;Fingerprint (rear-mounted), accelerometer, proximity, compass;2021, January 21;Available. Released 2021, January 21;"13 MP, f/1.8, (wide), 1/3.1"", 1.12µm, AF
QVGA";Quad-LED flash, panorama, HDR;N/A;N/A;N/A;1080p@30fps;eMMC 5.1;microSDXC (dedicated slot);32GB 2GB RAM, 64GB 4GB RAM;Aegean Blue, Morandi Green, Obsidian Black, Purple;X688C, X688B, MZ-Infinix X688C;About 80 EUR;N/A;1, 2, 3, 4, 5, 7, 8, 20, 28, 38, 40, 41;GSM 850 / 900 / 1800 / 1900;HSDPA 850 / 900 / 2100;1, 3, 5, 8, 38, 40, 41;N/A;HSPA, LTE;GSM / HSPA / LTE;N/A;N/A;N/A;N/A;N/A;N/A;Octa-core (4x2.0 GHz Cortex-A53 & 4x1.5 GHz Cortex-A53);Mediatek MT6762G Helio G25 (12 nm);PowerVR GE8320;Android 10 (Go edition), XOS 7;LED flash;8 MP, f/2.0, (wide);1080p@30fps;N/A;Yes;Yes
32;Infinix;Infinix Hot 9;https://www.gsmarena.com/infinix_hot_9-10156.php;N/A;N/A;N/A;5000 mAh;N/A;Glass front, plastic back, plastic frame;165.4 x 76.8 x 8.8 mm (6.51 x 3.02 x 0.35 in);Nano-SIM + Nano-SIM;185 g (6.53 oz);5.0, A2DP, LE;N/A;No;GPS;FM radio;microUSB 2.0, OTG;Wi-Fi 802.11 a/b/g/n/ac, dual-band, Wi-Fi Direct;N/A;N/A;720 x 1600 pixels, 20:9 ratio (~266 ppi density);6.6 inches, 105.2 cm2 (~82.8% screen-to-body ratio);IPS LCD;N/A;Fingerprint (rear-mounted), accelerometer, gyro, proximity, compass;2020, March 23;Available. Released 2020, April;N/A;Triple-LED flash, panorama, HDR;"13 MP, (wide), 1/3.1"", 1.12µm, PDAF
2 MP, (macro)
2 MP, (depth)
QVGA (Low light sensor)

or

16 MP, (wide), PDAF (64/128 GB models only)
2 MP, (macro)
2 MP, (depth)
QVGA (Low light sensor)";N/A;N/A;1080p@30fps;eMMC 5.1;microSDXC (dedicated slot);32GB 2GB RAM, 32GB 3GB RAM, 64GB 3GB RAM, 64GB 4GB RAM, 128GB 4GB RAM;Midnight Black, Quetzal Cyan, Violet, Ocean Wave;X655C, X655, X655D;About 90 EUR;N/A;N/A;GSM 850 / 900 / 1800 / 1900;HSDPA 850 / 900 / 1700(AWS) / 1900 / 2100;1, 2, 3, 4, 5, 7, 8, 20, 38, 40, 41;N/A;HSPA 42.2/5.76 Mbps, LTE Cat4 150/50 Mbps;GSM / HSPA / LTE;N/A;N/A;N/A;N/A;N/A;N/A;Octa-core (4x1.8 GHz Cortex-A53 & 4x1.5 GHz Cortex-A53);Mediatek MT6762D Helio A25 (12 nm);PowerVR GE8320;Android 10, XOS 6.0;N/A;8 MP, (wide);1080p@30fps;N/A;Yes;Yes
33;Infinix;Infinix Hot 40 Pro;https://www.gsmarena.com/infinix_hot_40_pro-12733.php;N/A;N/A;"33W wired, 20-75% in 35 min
Reverse wired";5000 mAh;N/A;Glass front, plastic back, plastic frame;168.6 x 76.6 x 8.3 mm (6.64 x 3.02 x 0.33 in);Nano-SIM + Nano-SIM;199 g (7.02 oz);Yes;N/A;Yes;GPS;FM radio;USB Type-C 2.0, OTG;Wi-Fi 802.11 a/b/g/n/ac, dual-band;N/A;N/A;1080 x 2460 pixels (~396 ppi density);6.78 inches, 109.2 cm2 (~84.5% screen-to-body ratio);IPS LCD, 120Hz, 500 nits (peak);N/A;Fingerprint (side-mounted), accelerometer, gyro, proximity, compass;2023, December 05;Available. Released 2023, December;"108 MP, f/1.8, (wide), 1/1.67"", 0.64µm, AF
2 MP, f/2.4, (macro)
0.08 MP, (auxiliary lens)";Quad-LED flash, HDR, panorama;N/A;N/A;N/A;1440p@30fps, 1080p@30fps;UFS 2.2;microSDXC (dedicated slot);128GB 8GB RAM, 256GB 8GB RAM, 256GB 12GB RAM;Palm Blue, Horizon Gold, Starlit Black, Starfall Green, Free Fire;X6837;€ 228.12 / £ 184.95;N/A;N/A;GSM 850 / 900 / 1800 / 1900;HSDPA 850 / 900 / 1700(AWS) / 1900 / 2100;1, 2, 3, 4, 5, 7, 8, 20, 28, 38, 40, 41;N/A;HSPA, LTE;GSM / HSPA / LTE;Active use score 12:56h;N/A;Photo / Video;1822:1 contrast ratio, 534 nits max brightness (measured);-24.5 LUFS (Very good);"AnTuTu: 428551 (v10)
GeekBench: 1975 (v6)";Octa-core (2x2.2 GHz Cortex-A76 & 6x2.0 GHz Cortex-A55);Mediatek Helio G99 (6 nm);Mali-G57 MC2;Android 13, XOS 13.5;Dual-LED flash;"32 MP, f/2.2, (wide), 1/3.15"", 0.7µm";1080p@30fps;24-bit/192kHz Hi-Res audio;Yes;Yes, with stereo speakers
34;Infinix;Infinix Hot 9 Play;https://www.gsmarena.com/infinix_hot_9_play-10285.php;N/A;N/A;N/A;6000 mAh;N/A;Glass front, plastic back, plastic frame;171.8 x 78 x 8.9 mm (6.76 x 3.07 x 0.35 in);Nano-SIM + Nano-SIM;209 g (7.37 oz);5.0, A2DP, LE;N/A;No;GPS;FM radio;microUSB 2.0, OTG;Wi-Fi 802.11 a/b/g/n/ac, dual-band, Wi-Fi Direct;N/A;N/A;720 x 1640 pixels (~263 ppi density);6.82 inches, 110.5 cm2 (~82.4% screen-to-body ratio);IPS LCD;N/A;Fingerprint (rear-mounted), accelerometer, gyro, proximity, compass;2020, April 09;Available. Released 2020, April 09;"13 MP, (wide), 1/3.1"", 1.12µm, AF
QVGA (Low light sensor)";Triple-LED flash, panorama, HDR;N/A;N/A;N/A;1080p@30fps;eMMC 5.1;microSDXC (dedicated slot);32GB 2GB RAM, 32GB 3GB RAM, 64GB 3GB RAM, 64GB 4GB RAM;Midnight Black, Quetzal Cyan, Violet, Ocean Wave;X680, X680B, X680C;About 100 EUR;N/A;N/A;GSM 850 / 900 / 1800 / 1900;HSDPA 850 / 900 / 1700(AWS) / 1900 / 2100;1, 2, 3, 4, 5, 7, 8, 20, 38, 40, 41;N/A;HSPA 42.2/5.76 Mbps, LTE Cat4 150/50 Mbps;GSM / HSPA / LTE;N/A;N/A;N/A;N/A;N/A;N/A;Quad-core 2.0 GHz Cortex-A53 - 32/2GBOcta-core (4x1.8 GHz Cortex-A53 & 4x1.5 GHz Cortex-A53) - 32/3GB, 64/3-4GB;Mediatek MT6761 Helio A22 (12 nm) - 32/2GBMediatek MT6762D Helio A25 (12 nm) - 32/3GB, 64/3-4GB;PowerVR GE8300PowerVR GE8320;Android 9.0 Pie (Go edition) - 32/2GBAndroid 9.0 (Pie) - 32/3GB, 64/3-4GB;N/A;8 MP, (wide);1080p@30fps;N/A;Yes;Yes
35;Infinix;Infinix Hot 12;https://www.gsmarena.com/infinix_hot_12-11498.php;N/A;N/A;18W wired;Li-Ion 5000 mAh;N/A;Glass front, plastic back, plastic frame;170.5 x 77.6 x 8.3 mm (6.71 x 3.06 x 0.33 in);Nano-SIM + Nano-SIM;195 g (6.88 oz);Yes;N/A;No;GPS;FM radio;Yes;Wi-Fi 802.11 a/b/g/n/ac, dual-band;N/A;N/A;720 x 1612 pixels, 20:9 ratio (~259 ppi density);6.82 inches, 111.7 cm2 (~84.5% screen-to-body ratio);IPS LCD, 90Hz;N/A;Fingerprint (side-mounted), accelerometer, proximity, compass;2022, April 26;Available. Released 2022, April 26;N/A;Dual-LED flash;N/A;N/A;"13 MP, f/1.8, (wide), AF
2 MP
QVGA";1080p@30fps;N/A;microSDXC (dedicated slot);128GB 4GB RAM, 128GB 6GB RAM;Racing Black, Legend White, Origin Blue, Lucky Green;X6817, X6817B;About 150 EUR;N/A;1, 3, 7, 8, 20;GSM 850 / 900 / 1800 / 1900;HSDPA 850 / 900 / 2100;1, 3, 5, 8, 38, 40, 41;N/A;HSPA, LTE;GSM / HSPA / LTE;N/A;N/A;N/A;N/A;N/A;N/A;Octa-core (2x2.0 GHz Cortex-A75 & 6x1.8 GHz Cortex-A55);Mediatek MT6769Z Helio G85 (12 nm);Mali-G52 MC2;Android 12, XOS 10.6;Dual-LED flash;8 MP;1080p@30fps;N/A;Yes;Yes, with dual speakers
36;Infinix;Infinix Note 40;https://www.gsmarena.com/infinix_note_40-12877.php;N/A;N/A;"45W wired, 50% in 26 min
20W wireless MagCharge
Reverse wired
Reverse wireless";5000 mAh;IP54 dust protected and water resistant (water splashes);N/A;164.1 x 74.5 x 7.8 mm (6.46 x 2.93 x 0.31 in);Nano-SIM + Nano-SIM;190 g (6.70 oz);Yes;N/A;Yes (market/region dependent);GPS;FM radio;USB Type-C 2.0, OTG;Wi-Fi 802.11 a/b/g/n/ac, dual-band;N/A;Corning Gorilla Glass;1080 x 2436 pixels (~393 ppi density);6.78 inches, 109.9 cm2 (~89.9% screen-to-body ratio);AMOLED, 120Hz, 1300 nits (peak);N/A;Fingerprint (under display, optical), accelerometer, gyro, proximity, compass;2024, March 18;Available. Released 2024, March 19;N/A;Quad-LED flash, HDR, panorama;N/A;N/A;"108 MP, f/1.9, (wide), 1/1.52"", PDAF
2 MP, f/2.4
3rd unspecified camera";1440p@30fps, 1080p@30/60fps;UFS 2.2;Unspecified;256GB 8GB RAM;Titan Gold, Obsidian Black, Racing Edition;X6853;About 180 EUR;N/A;1, 3, 5, 8, 38, 40, 41;GSM 850 / 900 / 1800 / 1900;HSDPA 850 / 900 / 1700(AWS) / 1900 / 2100;1, 2, 3, 4, 5, 7, 8, 12, 17, 13, 26, 28, 38, 40, 41, 66;N/A;HSPA, LTE;GSM / HSPA / LTE;N/A;N/A;N/A;N/A;N/A;N/A;Octa-core (2x2.2 GHz Cortex-A76 & 6x2.0 GHz Cortex-A55);Mediatek Helio G99 Ultimate;Mali-G57 MC2;Android 14, XOS 14;N/A;"32 MP, f/2.2, (wide), 1/3.1""";1080p@30fps;"Tuned by JBL
24-bit/192kHz Hi-Res audio";No;Yes, with stereo speakers
37;Infinix;Infinix Zero 30;https://www.gsmarena.com/infinix_zero_30-12518.php;N/A;N/A;68W wired, 80% in 30 min;5000 mAh;"IP53 dust protected and water resistant
(vertical water sprays)";Glass front (Gorilla Glass 5), glass back (Gorilla Glass 5) or eco leather back, plastic frame;164.5 x 75 x 7.9 mm (6.48 x 2.95 x 0.31 in);Nano-SIM + Nano-SIM;185 g (6.53 oz);Yes;N/A;Yes;GPS;FM radio;USB Type-C 2.0, OTG;Wi-Fi 802.11 a/b/g/n/ac/6, dual-band;N/A;Corning Gorilla Glass 5;1080 x 2400 pixels, 20:9 ratio (~388 ppi density);6.78 inches, 111.0 cm2 (~90.0% screen-to-body ratio);AMOLED, 1B colors, 144Hz, 950 nits (peak);N/A;Fingerprint (under display, optical), accelerometer, gyro, proximity, compass;2023, September 01;Available. Released 2023, September;N/A;LED flash, HDR, panorama;N/A;N/A;"108 MP, f/1.7, (wide), 1/1.67"", PDAF, OIS
13 MP, f/2.2, 120˚ (ultrawide)
2 MP, f/2.4";4K@30/60fps, 1080p@30/60fps;UFS 3.1;No;256GB 8GB RAM, 256GB 12GB RAM;Rome Green, Golden Hour, Fantasy Purple;X6731;N/A;N/A;N/A;GSM 850 / 900 / 1800 / 1900;HSDPA 850 / 900 / 1700(AWS) / 1900 / 2100;1, 2, 3, 4, 5, 7, 8, 12, 20, 28, 38, 40, 41, 66;1, 3, 5, 7, 8, 12, 20, 28, 38, 40, 41, 66, 77, 78 SA/NSA/Sub6;HSPA, LTE, 5G;GSM / HSPA / LTE / 5G;N/A;Endurance rating 102h;Photo / Video;764 nits max brightness (measured);-26.6 LUFS (Good);"AnTuTu: 635016 (v9), 758738 (v10)
GeekBench: 2952 (v5), 3122 (v6)
GFXBench: 39fps (ES 3.1 onscreen)";Octa-core (4x2.6 GHz Cortex-A78 & 4x2.0 GHz Cortex-A55);Mediatek Dimensity 8020 (6 nm);Mali-G77 MC9;Android 13, XOS 13;LED flash;"50 MP, f/2.5, (wide), 1/2.76"", PDAF";4K@30/60fps, 1080p@30fps;24-bit/192kHz Hi-Res audio;No;Yes, with dual speakers
38;Infinix;Infinix Note 12;https://www.gsmarena.com/infinix_note_12-11497.php;N/A;N/A;33W wired;5000 mAh;N/A;Glass front, plastic frame, plastic back;164.4 x 76.7 x 7.9 mm (6.47 x 3.02 x 0.31 in);Nano-SIM + Nano-SIM;184.5 g (6.49 oz);Yes;N/A;Yes (market/region dependent);GPS;FM radio;USB Type-C 2.0, OTG;Wi-Fi 802.11 a/b/g/n/ac, dual-band, Wi-Fi Direct;N/A;N/A;1080 x 2400 pixels, 20:9 ratio (~393 ppi density);6.7 inches, 108.4 cm2 (~86.0% screen-to-body ratio);AMOLED, 1000 nits (peak);N/A;Fingerprint (side-mounted), accelerometer, gyro, proximity, compass;2022, April 26;Available. Released 2022, April 26;N/A;Quad-LED flash, HDR, panorama;N/A;N/A;"50 MP, f/1.6, (wide), 1/2.8"", 0.64µm, PDAF
2 MP, f/2.4, (depth)
QVGA";1440p@30fps;N/A;microSDXC (dedicated slot);64GB 4GB RAM, 128GB 4GB RAM, 128GB 6GB RAM;Jewel Blue, Force Black, Sunset Golden;X663, X663C, X663D;About 190 EUR;N/A;1, 3, 7, 8, 20, 28, 38, 40, 41;GSM 850 / 900 / 1800 / 1900;HSDPA 850 / 900 / 1700(AWS) / 1900 / 2100;1, 2, 3, 4, 5, 7, 8, 20, 28, 38, 41, 40;N/A;HSPA, LTE;GSM / HSPA / LTE;N/A;N/A;N/A;N/A;N/A;N/A;Octa-core (2x2.0 GHz Cortex-A75 & 6x1.8 GHz Cortex-A55);Mediatek MT6769H Helio G88 (12 nm);Mali-G52 MC2;Android 11, XOS 10.6;N/A;16 MP;1080p@30fps;N/A;Yes;Yes, with dual speakers
39;Infinix;Infinix Note 40 Pro;https://www.gsmarena.com/infinix_note_40_pro-12875.php;N/A;N/A;"45W wired, 50% in 26 min
20W wireless MagCharge
Reverse wired
Reverse wireless";5000 mAh;"IP53 dust protected and water resistant
(vertical water sprays)";N/A;164.3 x 74.5 x 8.1 mm (6.47 x 2.93 x 0.32 in);Nano-SIM + Nano-SIM;190 g or 196 g (6.70 oz);Yes;Yes;Yes (market/region dependent);GPS;FM radio;USB Type-C 2.0, OTG;Wi-Fi 802.11 a/b/g/n/ac, dual-band;N/A;Corning Gorilla Glass;1080 x 2436 pixels (~393 ppi density);6.78 inches, 109.9 cm2 (~89.8% screen-to-body ratio);AMOLED, 1B colors, 120Hz, 2160Hz PWM, 1300 nits (peak);N/A;Fingerprint (under display, optical), accelerometer, gyro, proximity, compass;2024, March 18;Available. Released 2024, March 19;N/A;Dual-LED flash, HDR, panorama;N/A;N/A;"108 MP, f/1.8, (wide), PDAF, OIS
2 MP, f/2.4
2 MP, f/2.4";1440p@30fps, 1080p@30/60fps;UFS 2.2;Unspecified;256GB 8GB RAM;Vintage Green, Titan Gold, Racing Edition;X6851;₹ 18,999;N/A;N/A;GSM 850 / 900 / 1800 / 1900;HSDPA 850 / 900 / 1700(AWS) / 1900 / 2100;1, 2, 3, 4, 5, 7, 8, 12, 17, 20, 28, 38, 40, 41, 42, 66;1, 3, 5, 7, 8, 12, 20, 28, 38, 40, 41, 66, 77, 78 SA/NSA;HSPA, LTE, 5G;GSM / HSPA / LTE / 5G;N/A;N/A;N/A;N/A;N/A;N/A;Octa-core (2x2.2 GHz Cortex-A78 & 6x2.0 GHz Cortex-A55);Mediatek Dimensity 7020 (6 nm);IMG BXM-8-256;Android 14, XOS 14;Dual-LED flash;"32 MP, f/2.2, (wide), 1/3.1""";1080p@30fps;"Tuned by JBL
24-bit/192kHz Hi-Res audio";No;Yes, with stereo speakers
40;Infinix;Infinix Note 50x;https://www.gsmarena.com/infinix_note_50x-13747.php;N/A;N/A;"45W wired
10W reverse wired
Bypass Charging";5500 mAh;"IP64 dust tight and water resistant (water splashes)
RGB notification light (on the back)
MIL-STD-810H compliant*
* does not guarantee ruggedness or use in extreme conditions";N/A;165.4 x 76.4 x 8.0 mm or 8.2 mm;Nano-SIM + Nano-SIM;195.4 g or 198.9 g (6.88 oz);5.4, A2DP, LE;Yes;No;GPS;FM radio;USB Type-C 2.0, OTG;Wi-Fi 802.11 a/b/g/n/ac/6, dual-band;N/A;N/A;720 x 1600 pixels, 20:9 ratio (~263 ppi density);6.67 inches, 107.4 cm2 (~85.0% screen-to-body ratio);IPS LCD, 120Hz, 560 nits (typ);N/A;Fingerprint (side-mounted), accelerometer, gyro, proximity, compass;2025, March 27;Available. Released 2025, April;N/A;Dual-LED flash, HDR, panorama;N/A;50 MP, f/1.6, (wide), PDAF;N/A;4K@30fps, 1080p@30/120/240fps;UFS 2.2;microSDXC (uses shared SIM slot);128GB 6GB RAM, 128GB 8GB RAM;Titanium Gray, Enchanted Purple, Sea Breeze Green, Sunset Spice Pink;X6857B;About 130 EUR;N/A;N/A;GSM 850 / 900 / 1800 / 1900;HSDPA 850 / 900 / 1700(AWS) / 1900 / 2100;1, 2, 3, 4, 5, 7, 8, 12, 17, 20, 28, 38, 40, 41, 42, 66;1, 3, 5, 7, 8, 12, 20, 28, 38, 40, 41, 66, 71, 77, 78 SA/NSA;HSPA, LTE, 5G;GSM / HSPA / LTE / 5G;N/A;N/A;N/A;N/A;N/A;N/A;Octa-core (4x2.5 GHz Cortex-A78 & 4x2.0 GHz Cortex-A55);Mediatek Dimensity 7300 Ultimate (4 nm);Mali-G615 MC2;Android 15, up to 2 major Android upgrades, XOS 15;N/A;8 MP, f/2.0, (wide);1440p@30fps, 1080p@30fps;24-bit/192kHz Hi-Res audio;No;Yes, with stereo speakers
41;Infinix;Infinix Hot 40;https://www.gsmarena.com/infinix_hot_40-12732.php;N/A;N/A;"33W wired, 20-75% in 35 min
Reverse wired";5000 mAh;N/A;Glass front, plastic back, plastic frame;168.6 x 76.6 x 8.3 mm (6.64 x 3.02 x 0.33 in);Nano-SIM + Nano-SIM;196 g (6.91 oz);Yes;N/A;Yes;GPS;FM radio;USB Type-C 2.0, OTG;Wi-Fi 802.11 a/b/g/n/ac, dual-band;N/A;N/A;1080 x 2460 pixels (~396 ppi density);6.78 inches, 109.2 cm2 (~84.5% screen-to-body ratio);IPS LCD, 90Hz, 500 nits (peak);N/A;Fingerprint (side-mounted), accelerometer, proximity, compass;2023, December 05;Available. Released 2023, December;"50 MP, f/1.6, (wide), AF
2 MP, f/2.4, (macro)
0.08 MP, (auxiliary lens)";Quad-LED flash, HDR, panorama;N/A;N/A;N/A;1440p@30fps, 1080p@30fps;N/A;microSDXC (dedicated slot);128GB 8GB RAM, 256GB 8GB RAM;Palm Blue, Horizon Gold, Starlit Black, Starfall Green;X6836;N/A;N/A;N/A;GSM 850 / 900 / 1800 / 1900;HSDPA 850 / 900 / 1700(AWS) / 1900 / 2100;1, 2, 3, 4, 5, 7, 8, 20, 28, 38, 40, 41;N/A;HSPA, LTE;GSM / HSPA / LTE;N/A;N/A;N/A;N/A;N/A;N/A;Octa-core (2x2.0 GHz Cortex-A75 & 6x1.8 GHz Cortex-A55);Mediatek MT6769H Helio G88 (12 nm);Mali-G52 MC2;Android 13, XOS 13.5;Dual-LED flash;32 MP, f/2.2, (wide);1080p@30fps;N/A;Yes;Yes, with stereo speakers
42;Infinix;Infinix Hot 40i;https://www.gsmarena.com/infinix_hot_40i-12731.php;N/A;N/A;"18W wired
Reverse wired";5000 mAh;N/A;Glass front, plastic back, plastic frame;163.6 x 75.6 x 8.3 mm (6.44 x 2.98 x 0.33 in);Nano-SIM + Nano-SIM;190 g (6.70 oz);Yes;N/A;Yes (market/region dependent);GPS;FM radio;USB Type-C 2.0, OTG;Wi-Fi 802.11 a/b/g/n/ac, dual-band;N/A;N/A;720 x 1612 pixels, 20:9 ratio (~269 ppi density);6.56 inches, 103.4 cm2 (~83.6% screen-to-body ratio);IPS LCD, 90Hz, 480 nits (peak);N/A;Fingerprint (side-mounted), accelerometer, proximity, compass;2023, December 05;Available. Released 2023, December;N/A;Quad-LED flash, HDR, panorama;N/A;"50 MP, f/1.6, (wide), AF
0.08 MP, (auxiliary lens)";N/A;1080p@30fps;N/A;microSDXC (dedicated slot);128GB 4GB RAM, 128GB 8GB RAM, 256GB 8GB RAM;Starlit Black, Palm Blue, Horizon Gold, Starfall Green;X6528B;₹ 10,999;N/A;N/A;GSM 850 / 900 / 1800 / 1900;HSDPA 850 / 900 / 1700(AWS) / 1900 / 2100;1, 2, 3, 4, 5, 7, 8, 20, 28, 38, 40, 41;N/A;HSPA, LTE;GSM / HSPA / LTE;N/A;N/A;N/A;N/A;N/A;N/A;Octa-core (2x1.6 GHz Cortex-A75 & 6x1.6 GHz Cortex-A55);Unisoc T606 (12 nm);Mali-G57 MP1;Android 13, XOS 13;Dual-LED flash;32 MP, f/2.2, (wide);1080p@30fps;N/A;Yes;Yes
43;Infinix;Infinix Hot 30;https://www.gsmarena.com/infinix_hot_30-12214.php;N/A;N/A;33W wired, 55% in 30 min;5000 mAh;N/A;Glass front, plastic frame, plastic back;168.7 x 76.6 x 8.4 mm (6.64 x 3.02 x 0.33 in);Nano-SIM + Nano-SIM;196 g (6.91 oz);Yes;N/A;Yes;GPS;FM radio;USB Type-C 2.0, OTG;Wi-Fi 802.11 a/b/g/n/ac, dual-band;N/A;N/A;1080 x 2460 pixels (~396 ppi density);6.78 inches, 109.2 cm2 (~84.5% screen-to-body ratio);IPS LCD, 90Hz, 500 nits (typ), 600 nits (peak);N/A;Fingerprint (side-mounted), accelerometer, proximity, compass;2023, March 31;Available. Released 2023, March 31;N/A;Quad-LED flash, HDR, panorama;N/A;"50 MP, f/1.6, (wide), 1/2.55"", AF
0.08 MP (auxiliary lens)";N/A;1440p@30fps, 1080p@30fps;N/A;microSDXC (dedicated slot);128GB 4GB RAM, 128GB 8GB RAM, 256GB 8GB RAM;Racing Black, Surfing Green, Sonic White, Free Fire;X6831;N/A;N/A;N/A;GSM 850 / 900 / 1800 / 1900;HSDPA 850 / 900 / 1700(AWS) / 1900 / 2100;1, 2, 3, 4, 5, 7, 8, 20, 28, 38, 40, 41;N/A;HSPA, LTE;GSM / HSPA / LTE;N/A;N/A;N/A;N/A;N/A;N/A;Octa-core (2x2.0 GHz Cortex-A75 & 6x1.8 GHz Cortex-A55);Mediatek MT6769H Helio G88 (12 nm);Mali-G52 MC2;Android 13, XOS 12.6;Dual-LED flash;8 MP, f/2.5, (wide);1080p@30fps;24-bit/192kHz Hi-Res audio;Yes;Yes, with stereo speakers
44;Infinix;Infinix GT 30;https://www.gsmarena.com/infinix_gt_30_5g-14044.php;N/A;N/A;"45W wired
10W reverse wired
Bypass Charging";5500 mAh;"IP64 dust tight and water resistant (water splashes)
Customizable RGB LEDs on the back
Pressure sensitive zones (Gaming triggers)";Glass front (Gorilla Glass 7i), plastic frame, plastic back;163.7 x 75.8 x 8 mm (6.44 x 2.98 x 0.31 in);Nano-SIM + Nano-SIM;187 g (6.60 oz);5.4, A2DP, LE;Yes;Yes;GPS, GLONASS, GALILEO;FM radio;USB Type-C 2.0, OTG;Wi-Fi 802.11 a/b/g/n/ac/6, dual-band;N/A;Corning Gorilla Glass 7i;1224 x 2720 pixels, 20:9 ratio (~440 ppi density);6.78 inches, 111.0 cm2 (~89.4% screen-to-body ratio);AMOLED, 1B colors, 144Hz, 2304Hz PWM, 700 nits (typ), 1600 nits (peak), 4500 nits (peak);N/A;Fingerprint (under display, optical), accelerometer, proximity, compass, gyro;2025, August 08;Available. Released 2025, August 11;"64 MP, f/1.8, 23mm (wide), 1/1.73"", 0.8μm, PDAF
8 MP, f/2.2, 111˚, (ultrawide), AF";Dual-LED flash, HDR, panorama;N/A;N/A;N/A;4K@30fps, 1080p@30/120fps;UFS 2.2;No;128GB 8GB RAM, 256GB 8GB RAM;Pulse Green, Cyber Blue, Blade White;X6876;About 190 EUR;N/A;N/A;GSM 850 / 900 / 1800 / 1900;HSDPA 850 / 900 / 2100;1, 3, 5, 8, 28, 38, 40, 41;1, 3, 5, 8, 28, 38, 40, 41, 77, 78 SA/NSA/Sub6;HSPA, LTE, 5G;GSM / HSPA / LTE / 5G;N/A;N/A;N/A;N/A;N/A;N/A;Octa-core (4x2.6 GHz Cortex-A78 & 4x2.0 GHz Cortex-A55);Mediatek Dimensity 7400 (4 nm);Mali-G615 MC2;Android 15, up to 2 major Android upgrades, XOS 15;N/A;13 MP, f/2.2, 25mm (wide);4K@30fps, 1080p@30fps;"Tuned by JBL
24-bit/192kHz Hi-Res & Hi-Res Wireless audio";No;Yes, with stereo speakers
45;Infinix;Infinix Zero 40;https://www.gsmarena.com/infinix_zero_40-13290.php;N/A;N/A;"45W wired, 60% in 25 min
20W wireless
10W reverse wired
Bypass Charging 2.0";5000 mAh;IP54 dust protected and water resistant (water splashes);N/A;164.3 x 74.8 x 7.9 mm (6.47 x 2.94 x 0.31 in);Nano-SIM + Nano-SIM;195 g (6.88 oz);Yes;Yes;Yes;GPS;FM radio;USB Type-C 2.0, OTG;Wi-Fi 802.11 a/b/g/n/ac/6e, dual-band;N/A;Corning Gorilla Glass 5;1080 x 2436 pixels (~393 ppi density);6.78 inches, 109.9 cm2 (~89.4% screen-to-body ratio);AMOLED, 1B colors, HDR, 144Hz, 1300 nits (HBM);N/A;Fingerprint (under display, optical), accelerometer, gyro, proximity, compass;2024, August 29;Available. Released 2024, September 08;N/A;Triple-LED flash, HDR, panorama;N/A;N/A;"108 MP, f/1.8, (wide), 1/1.67"", PDAF, OIS
50 MP, f/2.0, 120˚, (ultrawide), 1/2.76"", PDAF
2 MP, f/2.4, (depth)";4K@30/60fps, 1080p@30/60/120/240fps, gyro-EIS, OIS;UFS 3.1;No;256GB 12GB RAM, 512GB 12GB RAM;Rock Black, Violet Garden, Moving Titanium;X6861;₹ 25,999;N/A;N/A;GSM 850 / 900 / 1800 / 1900;HSDPA 850 / 900 / 1700(AWS) / 1900 / 2100;1, 2, 3, 4, 5, 7, 8, 12, 17, 20, 28, 38, 40, 41, 42, 66;1, 3, 5, 7, 8, 12, 20, 28, 38, 40, 41, 66, 77, 78 SA/NSA/Sub6;HSPA, LTE, 5G;GSM / HSPA / LTE / 5G;N/A;N/A;N/A;N/A;N/A;N/A;Octa-core (1x3.1 GHz Cortex-A78 & 3x3.0 GHz Cortex-A78 & 4x2.0 GHz Cortex-A55);Mediatek Dimensity 8200 Ultimate (4 nm);Mali-G610 MC6;Android 14, up to 2 major Android upgrades, XOS 14.5;Dual-LED flash;"50 MP, f/2.5, 21mm (wide), 1/2.76"", PDAF";4K@30/60fps, 1080p@30/60fps;"24-bit/192kHz Hi-Res & Hi-Res Wireless audio
Tuned by JBL";No;Yes, with dual speakers
46;Infinix;Infinix Smart 8 Pro;https://www.gsmarena.com/infinix_smart_8_pro-12812.php;N/A;N/A;"10W wired
Reverse wired";5000 mAh;N/A;Glass front, plastic back, plastic frame;163.6 x 75.6 x 8.5 mm (6.44 x 2.98 x 0.33 in);Nano-SIM + Nano-SIM;189 g (6.67 oz);5.0, A2DP, LE;N/A;No;GPS;FM radio;USB Type-C 2.0, OTG;Wi-Fi 802.11 a/b/g/n/ac, dual-band;N/A;N/A;720 x 1612 pixels, 20:9 ratio (~267 ppi density);6.6 inches, 104.6 cm2 (~84.6% screen-to-body ratio);IPS LCD, 90Hz, 500 nits (peak);N/A;Fingerprint (side-mounted), accelerometer, gyro, proximity, compass;2024, January 29;Available. Released 2024, February;N/A;Ring-LED flash, HDR, panorama;N/A;"50 MP, f/1.9, (wide), AF
0.08 MP, (auxiliary lens)";N/A;1080p@30fps;N/A;microSDXC (dedicated slot);64GB 4GB RAM, 128GB 8GB RAM, 256GB 4GB RAM;Rainbow Blue, Galaxy White, Shiny Gold, Timber Black;X6525B;About 100 EUR;N/A;N/A;GSM 850 / 900 / 1800 / 1900;HSDPA 850 / 900 / 1700(AWS) / 1900 / 2100;1, 2, 3, 4, 5, 7, 8, 20, 28, 38, 41, 40;N/A;HSPA, LTE;GSM / HSPA / LTE;N/A;N/A;N/A;N/A;N/A;N/A;Octa-core (4x2.2 GHz Cortex-A53 & 4x1.6 GHz Cortex-A53);Mediatek Helio G36 (12 nm);PowerVR GE8320;Android 13 (Go edition), XOS 13;N/A;8 MP, f/2.0, (wide);Yes;N/A;Yes;Yes
47;Infinix;Infinix Zero 40 4G;https://www.gsmarena.com/infinix_zero_40_4g-13276.php;N/A;N/A;"45W wired, 50% in 25 min
10W reverse wired
Bypass Charging 2.0";5000 mAh;IP54 dust protected and water resistant (water splashes);N/A;164.3 x 74.6 x 7.7 mm (6.47 x 2.94 x 0.30 in);Nano-SIM + Nano-SIM;180 g (6.35 oz);Yes;Yes;Yes;GPS;FM radio;USB Type-C 2.0, OTG;Wi-Fi 802.11 a/b/g/n/ac, dual-band;N/A;Corning Gorilla Glass 5;1080 x 2436 pixels (~393 ppi density);6.78 inches, 109.9 cm2 (~89.7% screen-to-body ratio);AMOLED, 1B colors, 120Hz, 1300 nits (HBM);N/A;Fingerprint (under display, optical), accelerometer, gyro, proximity, compass;2024, August 29;Available. Released 2024, September 08;N/A;Dual-LED flash, HDR, panorama;N/A;N/A;"108 MP, f/1.8, (wide), 1/1.67"", PDAF, OIS
50 MP, f/2.0, 120˚, (ultrawide), 1/2.76"", PDAF
2 MP, f/2.4, (depth)";1440p@30fps, 1080p@30/60fps, gyro-EIS, OIS;UFS 2.2;No;256GB 8GB RAM, 512GB 8GB RAM;Misty Aqua, Rock Black, Blossom Glow;X6860;About 250 EUR;N/A;N/A;GSM 850 / 900 / 1800 / 1900;HSDPA 850 / 900 / 1700(AWS) / 1900 / 2100;1, 2, 3, 4, 5, 7, 8, 20, 28, 38, 40, 41;N/A;HSPA, LTE;GSM / HSPA / LTE;N/A;N/A;N/A;N/A;N/A;N/A;Octa-core (2x2.2 GHz Cortex-A76 & 6x2.0 GHz Cortex-A55);Mediatek Helio G100 (6 nm);Mali-G57 MC2;Android 14, up to 2 major Android upgrades, XOS 14.5;Dual-LED flash;"50 MP, f/2.5, 21mm (wide), 1/2.76"", PDAF";1440p@30fps, 1080p@30/60fps;"24-bit/192kHz Hi-Res & Hi-Res Wireless audio
Tuned by JBL";No;Yes, with dual speakers
48;Infinix;Infinix Note 40S;https://www.gsmarena.com/infinix_note_40s-13460.php;N/A;N/A;"33W wired, 50% in 31 min
20W wireless MagCharge
Reverse wired
Reverse wireless
Bypass charging";5000 mAh;IP54 dust protected and water resistant (water splashes);N/A;164.1 x 74.6 x 7.8 mm (6.46 x 2.94 x 0.31 in);Nano-SIM + Nano-SIM;176 g (6.21 oz);Yes;N/A;Yes (market/region dependent);GPS;FM radio;USB Type-C 2.0, OTG;Wi-Fi 802.11 a/b/g/n/ac, dual-band;N/A;Corning Gorilla Glass;1080 x 2436 pixels (~393 ppi density);6.78 inches, 109.9 cm2 (~89.8% screen-to-body ratio);AMOLED, 1B colors, 120Hz, 550 nits (typ), 1300 nits (peak);N/A;Fingerprint (under display, optical), accelerometer, gyro, proximity, compass;2024, September;Available. Released 2024, October;N/A;Quad-LED flash, HDR, panorama;N/A;N/A;"108 MP, f/1.9, 24mm (wide), 1/1.52"", PDAF
2 MP, f/2.4, (macro)
3rd unspecified camera";1440p@30fps, 1080p@30/60fps;UFS 2.2;Unspecified;256GB 8GB RAM;Obsidian Black, Vintage Green;X6850B;N/A;N/A;N/A;GSM 850 / 900 / 1800 / 1900;HSDPA 850 / 900 / 1700(AWS) / 1900 / 2100;1, 2, 3, 4, 5, 7, 8, 20, 28, 38, 40, 41;N/A;HSPA, LTE;GSM / HSPA / LTE;N/A;N/A;N/A;N/A;N/A;N/A;Octa-core (2x2.2 GHz Cortex-A76 & 6x2.0 GHz Cortex-A55);Mediatek Helio G99 Ultimate;Mali-G57 MC2;Android 14, up to 2 major Android upgrades, XOS 14;Dual-LED flash;"32 MP, f/2.2, (wide), 1/3.1""";1080p@30fps;"Tuned by JBL
24-bit/192kHz Hi-Res audio";No;Yes, with stereo speakers
49;Infinix;Infinix Zero Ultra;https://www.gsmarena.com/infinix_zero_ultra-11922.php;N/A;N/A;180W wired, 100% in 12 min;4500 mAh;N/A;N/A;165.5 x 74.5 x 8.8 mm - Coslight Silver165.5 x 75.1 x 9.2 mm - Genesis Noir;Nano-SIM + Nano-SIM;213 g (7.51 oz);Yes;N/A;Yes (market/region dependent);GPS;FM radio;USB Type-C 2.0, OTG;Wi-Fi 802.11 a/b/g/n/ac/6, dual-band;N/A;Corning Gorilla Glass 3;1080 x 2400 pixels, 20:9 ratio (~387 ppi density);6.8 inches, 111.6 cm2 (~90.5% screen-to-body ratio);AMOLED, 120Hz, 900 nits (HBM);N/A;Fingerprint (under display, optical), accelerometer, gyro, proximity, compass;2022, October 05;Available. Released 2022, October 25;N/A;Dual-LED flash, HDR, panorama;N/A;N/A;"200 MP, f/2.0, (wide), 1/1.22"", 0.64µm, dual pixel PDAF, OIS
13 MP, f/2.4, (ultrawide), AF
2 MP";4K@30fps, 1080p@30/60fps;N/A;No;256GB 8GB RAM;Coslight Silver, Genesis Noir;X6820;About 500 EUR;N/A;1, 3, 5, 7, 8, 20, 28, 38, 40, 41, 77, 78 SA/NSA/Sub6;GSM 850 / 900 / 1800 / 1900;HSDPA 850 / 900 / 1700(AWS) / 1900 / 2100;1, 2, 3, 4, 5, 7, 8, 20, 28, 38, 40, 41, 66;1, 2, 3, 5, 20, 28, 38, 40, 41, 71, 77, 78, 79 SA/NSA/Sub6;HSPA 42.2/11.5 Mbps, LTE Cat7 300/75 Mbps, 5G;GSM / HSPA / LTE / 5G;N/A;N/A;N/A;N/A;N/A;N/A;Octa-core (2x2.5 GHz Cortex-A78 & 6x2.0 GHz Cortex-A55);Mediatek Dimensity 920 (6 nm);Mali-G68 MC4;Android 12, XOS 12;Dual-LED flash;32 MP, f/2.0, (wide);1080p@30fps;N/A;No;Yes, with dual speakers
50;Infinix;Infinix Smart 7;https://www.gsmarena.com/infinix_smart_7-12116.php;N/A;N/A;10W wired;5000 mAh;N/A;Glass front, plastic back, plastic frame;163.8 x 75.6 x 8.7 mm (6.45 x 2.98 x 0.34 in);Nano-SIM + Nano-SIM;188 g (6.63 oz);5.0, A2DP, LE;N/A;No;GPS;FM radio;microUSB 2.0, OTG;Wi-Fi 802.11 a/b/g/n/ac, dual-band;N/A;N/A;720 x 1612 pixels, 20:9 ratio (~267 ppi density);6.6 inches, 104.6 cm2 (~84.5% screen-to-body ratio);IPS LCD, 500 nits;N/A;Fingerprint (rear-mounted), accelerometer, proximity;2023, February 09;Available. Released 2023, February 22;"13 MP, AF
0.3 MP, (depth)";Dual-LED flash, HDR, panorama;N/A;N/A;N/A;1080p@30fps;eMMC 5.1;microSDXC (dedicated slot);64GB 3GB RAM, 64GB 4GB RAM;Polar Black, Coastal Green, Iceland White, Peacock Blue;X6515;About 90 EUR;N/A;1, 2, 3, 4, 5, 7, 8, 20, 28, 38, 40, 41;GSM 850 / 900 / 1800 / 1900;HSDPA 850 / 900 / 2100;1, 3, 5, 8, 38, 40, 41;N/A;HSPA, LTE;GSM / HSPA / LTE;N/A;N/A;N/A;N/A;N/A;N/A;Quad-core 2.0 GHz Cortex-A53;Mediatek MT6761 Helio A22 (12 nm);PowerVR GE8320;Android 12;LED flash;5 MP;720p@30fps;N/A;Yes;Yes
51;Infinix;Infinix Hot 8;https://www.gsmarena.com/infinix_hot_8-9856.php;N/A;N/A;N/A;5000 mAh, non-removable;N/A;Glass front, glass back;165 x 76.3 x 8.7 mm (6.50 x 3.00 x 0.34 in);Nano-SIM + Nano-SIM;179 g (6.31 oz);5.0, A2DP, LE;N/A;No;GPS;FM radio;microUSB 2.0, OTG;Wi-Fi 802.11 a/b/g/n/ac, dual-band, Wi-Fi Direct;N/A;N/A;720 x 1600 pixels, 20:9 ratio (~269 ppi density);6.52 inches, 102.6 cm2 (~81.5% screen-to-body ratio);IPS LCD;N/A;Fingerprint (rear-mounted), accelerometer, proximity, compass;2019, September 04. Released 2019, September;Discontinued;N/A;Quad-LED flash, panorama, HDR;N/A;N/A;"13 MP, f/1.8, 26mm (wide), 1/3.1"", 1.12µm, PDAF
2 MP, (depth)
QVGA (Low light sensor)";1080p@30fps;eMMC 5.1;microSDXC (dedicated slot);32GB 2GB RAM, 64GB 4GB RAM;Quetzal Cyan, Cosmic Purple, Shark Grey, Midnight Black;X650C, X650B, X650D;About 7000 INR;N/A;N/A;GSM 850 / 900 / 1800 / 1900;HSDPA 850 / 900 / 2100;1, 3, 5, 8, 38, 40, 41;N/A;HSPA 42.2/5.76 Mbps, LTE Cat4 150/50 Mbps;GSM / HSPA / LTE;N/A;N/A;N/A;N/A;N/A;N/A;Quad-core 2.0 GHz Cortex-A53Octa-core 1.8 GHz Cortex-A53;Mediatek MT6761 Helio A22 (12 nm) - 32/2 GBMediatek MT6762 Helio P22 (12 nm) - 64/4 GB;PowerVR GE8320;Android 10;LED flash;8 MP, f/2.0, 25mm (wide);1080p@30fps;Dirac Surround Sound;Yes;Yes
52;Infinix;Infinix Hot 50;https://www.gsmarena.com/infinix_hot_50-13305.php;N/A;N/A;"18W wired
Reverse wired";Li-Po 5000 mAh;IP54 dust protected and water resistant (water splashes);Glass front, plastic back, plastic frame;165.7 x 77.1 x 7.8 mm (6.52 x 3.04 x 0.31 in);Nano-SIM + Nano-SIM;188 g (6.63 oz);5.4, A2DP, LE;N/A;No;GPS, GALILEO, GLONASS, BDS;FM radio;USB Type-C 2.0, OTG;Wi-Fi 802.11 a/b/g/n/ac, dual-band;N/A;N/A;720 x 1600 pixels, 20:9 ratio (~262 ppi density);6.7 inches, 108.4 cm2 (~84.8% screen-to-body ratio);IPS LCD, 120Hz, 480 nits (typ);N/A;Fingerprint (side-mounted), accelerometer, proximity, compass;2024, September 05;Available. Released 2024, October;"48 MP, f/1.8, (wide), 1/2.0"", 0.8µm, AF
2 MP, f/2.4, (depth)
Auxiliary lens";Dual-LED flash;N/A;N/A;N/A;1440p@30fps, 1080p@30/60fps;UFS 2.2;microSDXC (uses shared SIM slot);128GB 4GB RAM, 128GB 8GB RAM, 256GB 6GB RAM, 256GB 8GB RAM;Vibrant Blue, Sleek Black, Sage Green, Dreamy Purple;X6720;$ 348.01 / € 161.76 / ₹ 10,499;N/A;N/A;GSM 850 / 900 / 1800 / 1900;HSDPA 850 / 900 / 1700(AWS) / 1900 / 2100;1, 2, 3, 4, 5, 7, 8, 12, 17, 20, 28, 38, 40, 41, 42, 66;1, 3, 5, 7, 8, 12, 20, 28, 38, 40, 41, 66, 77, 78 SA/NSA/Sub6;HSPA, LTE, 5G;GSM / HSPA / LTE / 5G;N/A;N/A;N/A;N/A;N/A;N/A;Octa-core (2x2.4 GHz Cortex-A76 & 6x2.0 GHz Cortex-A55);Mediatek Dimensity 6300 (6 nm);Mali-G57 MC2;Android 14, XOS 14.5;LED flash;"8 MP, f/2.0, (wide), 1/4.0""";Yes;N/A;Yes;Yes
53;Infinix;Infinix Smart 5;https://www.gsmarena.com/infinix_smart_5-10367.php;N/A;N/A;10W wired;5000 mAh;N/A;Glass front, plastic back, plastic frame;165.4 x 76.4 x 8.8 mm (6.51 x 3.01 x 0.35 in);Nano-SIM + Nano-SIM;183 g (6.46 oz);4.2, A2DP;N/A;No;GPS;FM radio;microUSB 2.0;Wi-Fi 802.11 a/b/g/n/ac, dual-band, Wi-Fi Direct;N/A;N/A;720 x 1600 pixels, 20:9 ratio (~266 ppi density);6.6 inches, 105.2 cm2 (~83.2% screen-to-body ratio);IPS LCD;N/A;Fingerprint (rear-mounted), accelerometer, gyro, proximity;2020, August 13;Available. Released 2020, August 20;N/A;Triple-LED flash;N/A;N/A;"13 MP + QVGA + QVGA (X657 model)
or
8 MP + QVGA (X657C model)";1080p@30fps;eMMC 5.1;microSDXC (dedicated slot);32GB 2GB RAM, 64GB 3GB RAM;Ocean Wave, Quetzal Cyan, Midnight Black;X657, X657C, MZ-Infinix X657C, MZ-Infinix X657B;About 70 EUR;N/A;N/A;GSM 850 / 900 / 1800 / 1900;HSDPA 850 / 900 / 2100;1, 3, 5, 7, 8, 20, 38, 40, 41;N/A;HSPA 21.1/5.76 Mbps, LTE Cat4 150/50 Mbps;GSM / HSPA / LTE;N/A;N/A;N/A;N/A;N/A;N/A;Quad-core 1.8 GHz Cortex-A53;Mediatek MT6761D Helio A20 (12 nm);PowerVR GE8320;Android 10 (Go edition);Dual-LED flash;8 MP;1080p@30fps;N/A;Yes;Yes
54;Infinix;Infinix Hot 50i;https://www.gsmarena.com/infinix_hot_50i-13375.php;N/A;N/A;"18W wired
Reverse wired
Bypass charging";5000 mAh;IP54 dust protected and water resistant (water splashes);Glass front, plastic back, plastic frame;165.7 x 77.1 x 8.1 mm (6.52 x 3.04 x 0.32 in);Nano-SIM + Nano-SIM;184 g (6.49 oz);Yes;N/A;No;GPS;FM radio;USB Type-C 2.0, OTG;Wi-Fi 802.11 a/b/g/n/ac, dual-band;N/A;N/A;720 x 1600 pixels, 20:9 ratio (~262 ppi density);6.7 inches, 108.4 cm2 (~84.8% screen-to-body ratio);IPS LCD, 120Hz, 500 nits (peak);N/A;Fingerprint (side-mounted), accelerometer, proximity, compass;2024, September 23;Available. Released 2024, October;N/A;Dual-LED flash, HDR, panorama;N/A;"48 MP, f/1.8, (wide), AF
Auxiliary lens";N/A;1080p@30fps;N/A;microSDXC (dedicated slot);128GB 4GB RAM, 128GB 6GB RAM, 256GB 4GB RAM, 256GB 6GB RAM, 256GB 8GB RAM;Sleek Black, Sage Green, Titanium Grey;X6531, X6531B;N/A;N/A;N/A;GSM 850 / 900 / 1800 / 1900;HSDPA 850 / 900 / 1700(AWS) / 1900 / 2100;1, 2, 3, 4, 5, 7, 8, 12, 13, 17, 20, 25, 26, 28, 38, 41, 40, 66;N/A;HSPA, LTE;GSM / HSPA / LTE;N/A;N/A;N/A;N/A;N/A;N/A;Octa-core (2x2.0 GHz Cortex-A75 & 6x1.7 GHz Cortex-A55);Mediatek Helio G81;Mali-G52 MC2;Android 14, XOS 14.5;N/A;8 MP, f/2.0, (wide);Yes;N/A;Yes;Yes, with stereo speakers
55;Infinix;Infinix Zero Flip;https://www.gsmarena.com/infinix_zero_flip-13347.php;N/A;N/A;"70W wired
10W reverse wired";4720 mAh;N/A;N/A;Unfolded: 170.4 x 73.4 x 7.6 mmFolded: 87.5 x 73.4 x 16 mm;Nano-SIMNano-SIM + Nano-SIM;195 g (6.88 oz);5.4, A2DP, LE;N/A;Yes;GPS;FM radio;USB Type-C, OTG;Wi-Fi 802.11 a/b/g/n/ac/6, dual-band;"Cover display:
AMOLED, 120Hz, 1100 nits (peak)
3.64 inches, 1056 x 1066 pixels, 413 ppi, Gorilla Glass Victus 2";N/A;1080 x 2640 pixels (~413 ppi density);6.9 inches, 107.6 cm2 (~86.1% screen-to-body ratio);Foldable LTPO AMOLED, 120Hz, 1400 nits (peak);N/A;Fingerprint (side-mounted), accelerometer, gyro, proximity, compass;2024, September 27;Available. Released 2024, October;"50 MP, f/1.9, 24mm (wide), 1/1.57"", 1.0µm, PDAF, OIS
50 MP, f/2.2, 115˚ (ultrawide), 1/2.8"", 0.64µm, PDAF";Dual-LED flash, HDR, panorama;N/A;N/A;N/A;4K@30fps, 1080p@30/60/120fps;UFS 3.1;No;256GB 8GB RAM, 512GB 8GB RAM;Rock Black, Blossom Glow;X6962;₹ 39,999;N/A;N/A;GSM 850 / 900 / 1800 / 1900;HSDPA 850 / 900 / 1700(AWS) / 1900 / 2100;1, 2, 3, 4, 5, 7, 8, 12, 13, 17, 20, 28, 34, 38, 39, 40, 41, 42, 66;1, 3, 5, 7, 8, 12, 20, 28, 38, 40, 41, 66, 77, 78 SA/NSA;HSPA, LTE, 5G;GSM / HSPA / LTE / 5G;Active use score 11:01h;N/A;N/A;N/A;-24.6 LUFS (Very good);N/A;Octa-core (4x2.6 GHz Cortex-A78 & 4x2.0 GHz Cortex-A55);Mediatek Dimensity 8020 (6 nm);Mali-G77 MC9;Android 14, up to 2 major Android upgrades, XOS 14.5;Dual-LED flash;"50 MP, f/2.5, 25mm (wide), 1/2.76"", 0.64µm, PDAF";4K@30/60fps, 1080p@30/60/120fps;"24-bit/192kHz Hi-Res & Hi-Res Wireless audio
Tuned by JBL";No;Yes, with stereo speakers
56;Infinix;Infinix Note 30 5G;https://www.gsmarena.com/infinix_note_30_5g-12272.php;N/A;N/A;45W wired, bypass charging;5000 mAh;N/A;Glass front, plastic frame, glass or leather back;168.5 x 76.5 x 8.5 mm (6.63 x 3.01 x 0.33 in);Nano-SIM + Nano-SIM;205 g (7.23 oz);Yes;N/A;Yes;GPS;FM radio;USB Type-C 2.0, OTG;Wi-Fi 802.11 a/b/g/n/ac, dual-band, Wi-Fi Direct;N/A;N/A;1080 x 2460 pixels (~396 ppi density);6.78 inches, 109.2 cm2 (~84.7% screen-to-body ratio);IPS LCD, 120Hz, 580 nits (peak);N/A;Fingerprint (side-mounted), accelerometer, gyro, proximity, compass;2023, May 22;Available. Released 2023, May 22;N/A;Quad-LED flash, HDR, panorama;N/A;N/A;"108 MP, f/1.75, 26mm (wide), 1/1.67"", 0.64µm, PDAF
2 MP, f/2.4, (depth)
QVGA";1440p@30fps, 1080p@30/60fps;N/A;microSDXC (dedicated slot);128GB 4GB RAM, 256GB 8GB RAM;Magic Black, Interstellar Blue, Sunset Gold;X6711;N/A;N/A;N/A;GSM 850 / 900 / 1800 / 1900;HSDPA 850 / 900 / 1700(AWS) / 1900 / 2100;1, 2, 3, 4, 5, 7, 8, 12, 17, 20, 28, 38, 40, 41, 66;1, 3, 5, 7, 8, 12, 22, 28, 38, 40, 41, 66, 77, 78;HSPA, LTE, 5G;GSM / HSPA / LTE / 5G;N/A;N/A;N/A;1521:1 contrast ratio, 607 nits max brightness (measured);N/A;N/A;Octa-core (2x2.4 GHz Cortex-A76 & 6x2.0 GHz Cortex-A55);Mediatek Dimensity 6080 (6 nm);Mali-G57 MC2;Android 13;Dual-LED flash, HDR;16 MP, f/2.0, (wide);1080p@30fps;"Tuned by JBL
24-bit/192kHz Hi-Res audio";Yes;Yes, with dual speakers
57;Infinix;Infinix Hot 20;https://www.gsmarena.com/infinix_hot_20-11929.php;N/A;N/A;"18W wired
5W reverse wired";5000 mAh;N/A;Glass front, plastic frame, plastic back;170.7 x 77.4 x 8.3 mm (6.72 x 3.05 x 0.33 in);Nano-SIM + Nano-SIM;198 g (6.98 oz);5.0, A2DP, LE;N/A;Yes (except 128/4 option);GPS;FM radio;USB Type-C 2.0, OTG;Wi-Fi 802.11 a/b/g/n/ac, dual-band;N/A;N/A;720 x 1640 pixels (~263 ppi density);6.82 inches, 110.5 cm2 (~83.6% screen-to-body ratio);IPS LCD, 90Hz;N/A;Fingerprint (side-mounted), accelerometer, proximity, compass;2022, October 13;Available. Released 2022, October 13;"50 MP, f/1.6, (wide), PDAF
QVGA";Quad-LED flash, HDR, panorama;N/A;N/A;N/A;1080p@30fps;N/A;microSDXC (dedicated slot);128GB 4GB RAM, 128GB 6GB RAM, 128GB 8GB RAM;Sonic Black, Legend White, Tempo Blue, Fantasy Purple;X6826, X6826B, X6826C;About 190 EUR;N/A;1, 3, 5, 8, 38, 40, 41;GSM 850 / 900 / 1800 / 1900;HSDPA 850 / 900 / 1700(AWS) / 1900 / 2100;1, 2, 3, 4, 5, 7, 8, 20, 28A, 28, 38, 40, 41;N/A;HSPA, LTE;GSM / HSPA / LTE;N/A;N/A;N/A;N/A;N/A;N/A;Octa-core (2x2.0 GHz Cortex-A75 & 6x1.8 GHz Cortex-A55);Mediatek MT6769Z Helio G85 (12 nm);Mali-G52 MC2;Android 12, XOS 12;Dual-LED flash;8 MP, f/2.0, (wide);1080p@30fps;N/A;Yes;Yes, with stereo speakers
58;Infinix;Infinix Hot 50 4G;https://www.gsmarena.com/infinix_hot_50_4g-13367.php;N/A;N/A;"18W wired
Reverse wired
Bypass charging";5000 mAh;Splash proof;Glass front, plastic back, plastic frame;167.9 x 75.6 x 7.7 mm (6.61 x 2.98 x 0.30 in);Nano-SIM + Nano-SIM;187 g (6.60 oz);Yes;N/A;Yes;GPS;FM radio;USB Type-C 2.0, OTG;Wi-Fi 802.11 a/b/g/n/ac, dual-band;N/A;N/A;1080 x 2460 pixels (~396 ppi density);6.78 inches, 109.2 cm2 (~86.0% screen-to-body ratio);IPS LCD, 120Hz, 800 nits (typ);N/A;Fingerprint (side-mounted), accelerometer, proximity, compass;2024, September 30;Available. Released 2024, October;N/A;Dual-LED flash, panorama;N/A;N/A;"50 MP, f/1.6, 27mm (wide), 1/2.76"", AF
other unspecified cameras";1440p@30fps, 1080p@30/60fps;UFS;microSDXC (dedicated slot);128GB 6GB RAM, 128GB 8GB RAM, 256GB 6GB RAM, 256GB 8GB RAM;Sleek Black, Sage Green, Titanium Grey;X6882, X6882B;N/A;N/A;N/A;GSM 850 / 900 / 1800 / 1900;HSDPA 850 / 900 / 1700(AWS) / 1900 / 2100;1, 2, 3, 4, 5, 7, 8, 20, 28, 38, 41, 40;N/A;HSPA, LTE;GSM / HSPA / LTE;N/A;N/A;N/A;N/A;N/A;N/A;Octa-core (2x2.2 GHz Cortex-A76 & 6x2.0 GHz Cortex-A55);Mediatek Helio G100 (6 nm);Mali-G57 MC2;Android 14, XOS 14.5;LED flash;"8 MP, f/2.0, (wide), 1/4.0""";Yes;N/A;Yes;Yes
59;Infinix;Infinix Smart 9 HD;https://www.gsmarena.com/infinix_smart_9_hd-13590.php;N/A;N/A;"10W wired
Reverse wired";5000 mAh;IP54 dust protected and water resistant (water splashes);Glass front, plastic back, plastic frame;165.7 x 77.1 x 8.4 mm (6.52 x 3.04 x 0.33 in);Nano-SIM + Nano-SIM;188 g (6.63 oz);Yes;Yes;No;GPS;FM radio;USB Type-C 2.0, OTG;Wi-Fi 802.11 a/b/g/n/ac, dual-band;N/A;N/A;720 x 1600 pixels, 20:9 ratio (~262 ppi density);6.7 inches, 108.4 cm2 (~84.8% screen-to-body ratio);IPS LCD, 90Hz, 500 nits (peak);N/A;Fingerprint (side-mounted), accelerometer, proximity, compass;2024, November;Available. Released 2024, December;N/A;Dual-LED flash, HDR, panorama;N/A;"13 MP, f/1.9, 27mm (wide), AF
Auxiliary lens";N/A;1080p@30fps;N/A;microSDXC (dedicated slot);64GB 3GB RAM, 64GB 4GB RAM;Metallic Black, Neo Titanium, Mint Green, Coral Gold;X6532C;N/A;N/A;N/A;GSM 850 / 900 / 1800 / 1900;HSDPA 850 / 900 / 1700(AWS) / 1900 / 2100;1, 2, 3, 4, 5, 7, 8, 12, 13, 17, 20, 25, 26, 28, 38, 41, 40, 66;N/A;HSPA, LTE;GSM / HSPA / LTE;N/A;N/A;N/A;N/A;N/A;N/A;Octa-core 8x2.2 GHz Cortex-A53;Mediatek Helio;Mali-G57 MC1;Android 14 (Go edition), XOS 14;LED flash;8 MP, f/2.0, (wide);Yes;N/A;Yes;Yes, with stereo speakers
60;Infinix;Infinix Smart 10 HD;https://www.gsmarena.com/infinix_smart_10_hd-13954.php;N/A;N/A;"10W wired
Reverse wired";5000 mAh;N/A;Glass front, plastic back, plastic frame;163.6 x 75.6 x 8.5 mm (6.44 x 2.98 x 0.33 in);Nano-SIM + Nano-SIM;184 g (6.49 oz);Yes;Yes;No;GPS;FM radio;USB Type-C 2.0, OTG;Wi-Fi 802.11 a/b/g/n/ac;N/A;N/A;720 x 1612 pixels, 20:9 ratio (~267 ppi density);6.6 inches, 104.6 cm2 (~84.6% screen-to-body ratio);IPS LCD, 90Hz, 500 nits (peak);N/A;Fingerprint (side-mounted), accelerometer, proximity, compass;2025, June 16;Available. Released 2025, June 16;N/A;Quad-LED flash;N/A;13 MP, f/1.9, 27mm (wide), AF;N/A;1080p@30fps;eMMC 5.1;microSDXC (dedicated slot);64GB 2GB RAM;Timber Black, Shiny Gold, Crystal Green, Galaxy White;X6525D;About 60 EUR;N/A;N/A;GSM 850 / 900 / 1800 / 1900;HSDPA 850 / 900 / 1700(AWS) / 1900 / 2100;1, 2, 3, 4, 5, 7, 8, 20, 28, 38, 40, 41;N/A;HSPA, LTE;GSM / HSPA / LTE;N/A;N/A;N/A;N/A;N/A;N/A;Octa-core (2x1.6 GHz Cortex-A75 & 6x1.6 GHz Cortex-A55);(12 nm);Mali-G57 MC1;Android 14 (Go edition);N/A;"8 MP, f/2.0, (wide), 1/4.0"", 1.12µm";1080p@30fps;N/A;Yes;Yes
61;Infinix;Infinix Smart 9;https://www.gsmarena.com/infinix_smart_9-13374.php;N/A;N/A;"10W wired
Reverse wired";5000 mAh;IP54 dust protected and water resistant (water splashes);Glass front, plastic back, plastic frame;165.7 x 77.1 x 8.4 mm (6.52 x 3.04 x 0.33 in);Nano-SIM + Nano-SIM;188 g (6.63 oz);Yes;Yes;No;GPS;FM radio;USB Type-C 2.0, OTG;Wi-Fi 802.11 a/b/g/n/ac, dual-band;N/A;N/A;720 x 1600 pixels, 20:9 ratio (~262 ppi density);6.7 inches, 108.4 cm2 (~84.8% screen-to-body ratio);IPS LCD, 120Hz, 500 nits (peak);N/A;Fingerprint (side-mounted), accelerometer, proximity, compass;2024, September 23;Available. Released 2024, October;N/A;LED flash, HDR, panorama;N/A;"13 MP, f/1.9, 27mm (wide), 1/3.07"", 1.12µm, AF
Auxiliary lens";N/A;1080p@30fps;N/A;microSDXC (dedicated slot);64GB 3GB RAM, 64GB 4GB RAM, 128GB 3GB RAM, 128GB 4GB RAM, 128GB 6GB RAM;Metallic Black, Neo Titanium, Mint Green, Sandstone Gold;X6532;About 70 EUR;N/A;N/A;GSM 850 / 900 / 1800 / 1900;HSDPA 850 / 900 / 1700(AWS) / 1900 / 2100;1, 2, 3, 4, 5, 7, 8, 12, 13, 17, 20, 25, 26, 28, 38, 41, 40, 66;N/A;HSPA, LTE;GSM / HSPA / LTE;N/A;N/A;N/A;N/A;N/A;N/A;Octa-core (2x2.0 GHz Cortex-A75 & 6x1.7 GHz Cortex-A55);Mediatek Helio G81;Mali-G52 MC2;Android 14 (Go edition), XOS 14;N/A;"8 MP, f/2.0, 26mm (wide), 1/3.96"", 1.12µm";Yes;N/A;Yes;Yes, with stereo speakers
62;Infinix;Infinix Hot 12 Play;https://www.gsmarena.com/infinix_hot_12_play-11547.php;N/A;N/A;10W wired;6000 mAh;N/A;Glass front, plastic back, plastic frame;171 x 78 x 8.9 mm (6.73 x 3.07 x 0.35 in);Nano-SIM + Nano-SIM;209 g (7.37 oz);Yes;N/A;No;GPS;FM radio;USB Type-C 2.0, OTG;Wi-Fi 802.11 a/b/g/n/ac, dual-band, Wi-Fi Direct;N/A;N/A;720 x 1612 pixels, 20:9 ratio (~259 ppi density);6.82 inches, 111.7 cm2 (~83.8% screen-to-body ratio);IPS LCD, 90Hz;N/A;Fingerprint (rear-mounted), accelerometer, proximity, compass;2022, May 23;Available. Released 2022, May 30;"13 MP, f/1.8, (wide), 1/3.1"", 1.12µm, AF
QVGA";Dual-LED flash, panorama, HDR;N/A;N/A;N/A;1080p@30fps;eMMC 5.1;microSDXC (dedicated slot);64GB 4GB RAM, 128GB 4GB RAM, 128GB 6GB RAM;Racing Black, Horizon Blue, Daylight Green, Champagne Gold;X6816C, X6816;About 60 EUR;N/A;1, 2, 3, 4, 5, 7, 8, 20, 28, 38, 40, 41;GSM 850 / 900 / 1800 / 1900;HSDPA 850 / 900 / 2100;1, 3, 5, 8, 38, 40, 41;N/A;HSPA, LTE;GSM / HSPA / LTE;N/A;N/A;N/A;N/A;N/A;N/A;Octa-core (4x2.3 GHz Cortex-A53 & 4x1.8 GHz Cortex-A53) - X6816Octa-core (2x1.8 GHz Cortex-A75 & 6x1.8 GHz Cortex-A55) - X6816C;Mediatek MT6765V/CB Helio G37 (12 nm) - X6816Unisoc T610 (12 nm) - X6816C;PowerVR GE8320 - X6816Mali-G52 MP2 - X6816C;Android 11, XOS 10;Dual-LED flash;8 MP;1080p@30fps;N/A;Yes;Yes
63;Infinix;Infinix GT 20 Pro;https://www.gsmarena.com/infinix_gt_20_pro-12962.php;N/A;N/A;45W wired, PD3;5000 mAh;"IP54 dust protected and water resistant (water splashes)
Customizable RGB LEDs on the back";N/A;164.3 x 75.4 x 8.2 mm (6.47 x 2.97 x 0.32 in);Nano-SIM + Nano-SIM;194 g (6.84 oz);Yes;Yes;Yes;GPS, GLONASS, GALILEO;FM radio;USB Type-C 2.0, OTG;Wi-Fi 802.11 a/b/g/n/ac/6, dual-band, Wi-Fi Direct;N/A;N/A;1080 x 2436 pixels (~388 ppi density);6.78 inches, 112.7 cm2 (~91.0% screen-to-body ratio);AMOLED, 1B colors, 144Hz, 2304Hz PWM, 1300 nits (peak);N/A;Fingerprint (under display, optical), accelerometer, proximity, compass, gyro;2024, April 26;Available. Released 2024, April 26;N/A;Quad-LED flash, HDR, panorama;N/A;N/A;"108 MP, f/1.8, 24mm (wide), 1/1.67"", 0.64µm, AF, OIS
2 MP, (macro)
2 MP, (depth)";4K@30/60fps, 1080p@30/60/120/240fps;UFS 3.1;Unspecified;256GB 8GB RAM, 256GB 12GB RAM;Mecha Blue, Mecha Orange, Mecha Silver;X6871;About 250 EUR;N/A;N/A;GSM 850 / 900 / 1800 / 1900;HSDPA 850 / 900 / 1700(AWS) / 1900 / 2100;1, 2, 3, 4, 5, 7, 8, 12, 17, 20, 28, 38, 40, 41, 42, 66;1, 3, 5, 7, 8, 12, 20, 28, 38, 40, 41, 66, 77, 78 SA/NSA;HSPA, LTE, 5G;GSM / HSPA / LTE / 5G;N/A;N/A;N/A;N/A;N/A;N/A;Octa-core (1x3.1 GHz Cortex-A78 & 3x3.0 GHz Cortex-A78 & 4x2.0 GHz Cortex-A55);Mediatek Dimensity 8200 Ultimate (4 nm);Mali-G610 MC6;Android 14, XOS 14;Dual-LED flash;32 MP, f/2.2, 22mm (wide);1440p@30fps, 1080p@30/60fps;"Tuned by JBL
24-bit/192kHz Hi-Res audio";No;Yes, with stereo speakers
64;Infinix;Infinix Hot 30 Play NFC;https://www.gsmarena.com/infinix_hot_30_play_nfc-12289.php;N/A;N/A;18W wired;6000 mAh;N/A;Glass front, plastic frame, plastic back;170.6 x 77.5 x 8.6 mm (6.72 x 3.05 x 0.34 in);Nano-SIM + Nano-SIM;205 g (7.23 oz);Yes;N/A;Yes;GPS;FM radio;USB Type-C 2.0, OTG;Wi-Fi 802.11 a/b/g/n/ac, dual-band, Wi-Fi Direct;N/A;N/A;720 x 1640 pixels (~263 ppi density);6.82 inches, 110.5 cm2 (~83.5% screen-to-body ratio);IPS LCD, 90Hz, 500 nits (peak);N/A;Fingerprint (side-mounted), accelerometer, proximity, compass;2023, May 22;Available. Released 2023, May 22;"16 MP, f/1.8, (wide), PDAF
QVGA";Dual-LED flash, HDR, panorama;N/A;N/A;N/A;1080p@30fps;eMMC 5.1;microSDXC (dedicated slot);128GB 4GB RAM, 128GB 8GB RAM;Mirage Black, Blade White, Bora Purple;X6835B, X6835;N/A;N/A;N/A;GSM 850 / 900 / 1800 / 1900;HSDPA 850 / 900 / 1700(AWS) / 1900 / 2100;1, 2, 3, 4, 5, 7, 8, 20, 28, 38, 40, 41;N/A;HSPA, LTE;GSM / HSPA / LTE;N/A;N/A;N/A;N/A;N/A;N/A;Octa-core (4x2.3 GHz Cortex-A53 & 4x1.7 GHz Cortex-A53);Mediatek MT6765 Helio G37 (12 nm);PowerVR GE8320;Android 13, XOS 12.6;Dual-LED flash, HDR;8 MP, f/2.0, (wide);1080p@30fps;N/A;Yes;Yes
65;Infinix;Infinix Smart 10;https://www.gsmarena.com/infinix_smart_10-13933.php;N/A;N/A;"15W wired
Reverse wired";5000 mAh;"IP64 dust tight and water resistant (water splashes)
Drop resistant up to 1.5m";Glass front, plastic back, plastic frame;165.6 x 77 x 8.3 mm (6.52 x 3.03 x 0.33 in);Nano-SIM + Nano-SIM;187 g (6.60 oz);Yes;Yes;"Yes (data transfer only; not for payments - market/region dependent)";GPS;FM radio;USB Type-C 2.0, OTG;Wi-Fi 802.11 a/b/g/n/ac, dual-band;N/A;N/A;720 x 1600 pixels, 20:9 ratio (~263 ppi density);6.67 inches, 107.4 cm2 (~84.2% screen-to-body ratio);IPS LCD, 120Hz, 700 nits (HBM);N/A;Fingerprint (side-mounted), accelerometer, proximity, compass;2025, June 16;Available. Released 2025, June 16;N/A;Dual-LED flash, panorama;N/A;"8 MP, f/2.0, (wide), 1/4.0"", 1.12µm, AF";N/A;1440p@30fps, 1080p@30fps;eMMC 5.1;microSDXC (dedicated slot);64GB 3GB RAM, 64GB 4GB RAM, 128GB 4GB RAM, 128GB 6GB RAM, 256GB 4GB RAM;Sleek Black Titanium Silver, Iris Blue, Twilight Gold;X6725;About 60 EUR;N/A;N/A;GSM 850 / 900 / 1800 / 1900;HSDPA 850 / 900 / 1700(AWS) / 1900 / 2100;1, 2, 3, 4, 5, 7, 8, 20, 28, 38, 40, 41;N/A;HSPA, LTE;GSM / HSPA / LTE;N/A;N/A;N/A;N/A;N/A;N/A;Octa-core (2x1.8 GHz Cortex-A75 & 6x1.6 GHz Cortex-A55);Unisoc T7250 (12 nm);Mali-G57 MP1;Android 15/15 (Go edition), XOS 15.1;N/A;"8 MP, f/2.0, (wide), 1/4.0"", 1.12µm";1440p@30fps, 1080p@30fps;N/A;Yes;Yes, with stereo speakers
66;Infinix;Infinix Hot 60 Pro+;https://www.gsmarena.com/infinix_hot_60_pro+-14002.php;N/A;N/A;"45W wired, 50% in 22 min
10W reverse wired
Bypass charging";5160 mAh;"IP65 dust tight and water resistant (low pressure water jets)
Drop resistant up to 1.5m";Glass front (Gorilla Glass 7i), plastic frame, fiberglass back or silicone polymer (eco leather) back;164 x 75.8 x 6 mm (6.46 x 2.98 x 0.24 in);Nano-SIM + Nano-SIM;155 g (5.47 oz);5.4, A2DP, LE;Yes;"Yes (data transfer only; not for payments - market/region dependent)";GPS;FM radio;USB Type-C 2.0, OTG;Wi-Fi 802.11 a/b/g/n/ac, dual-band;N/A;Corning Gorilla Glass 7i;1224 x 2720 pixels, 20:9 ratio (~440 ppi density);6.78 inches, 111.0 cm2 (~89.3% screen-to-body ratio);AMOLED, 144Hz, 2160 PWM, 700 nits (typ), 1600 nits (HBM), 4500 nits (peak);N/A;Fingerprint (under display, optical), accelerometer, gyro, proximity, compass;2025, July 10;Available. Released 2025, July 13;N/A;Dual-LED flash, HDR, panorama;N/A;"50 MP, 26mm (wide), 1/1.95"", 0.8µm, PDAF
Auxiliary lens";N/A;1440p@30fps, 1080p@30/60fps;UFS 2.2;No;128GB 6GB RAM, 128GB 8GB RAM, 256GB 8GB RAM;Sleek Black, Titanium Silver, Coral Tides, Misty Violet, Sonic Yellow, Moco Cyber Green;X6886;N/A;N/A;N/A;GSM 850 / 900 / 1800 / 1900;HSDPA 850 / 900 / 1700(AWS) / 1900 / 2100;1, 2, 3, 4, 5, 7, 8, 20, 28, 38, 40, 41;N/A;HSPA, LTE;GSM / HSPA / LTE;Active use score 11:11h;N/A;N/A;1650 nits max brightness (measured);-25.1 LUFS (Very good);"AnTuTu: 446336 (v10)
GeekBench: 1945 (v6)
3DMark: 380 (Wild Life Extreme)";Octa-core (2x2.2 GHz Cortex-A76 & 6x2.0 GHz Cortex-A55);Mediatek Helio G200 (6 nm);Mali-G57 MC2 (1.1GHz);Android 15, up to 3 major Android upgrades, XOS 15.1;Dual-LED flash;13 MP, f/2.0, 22mm (wide);1440p@30fps, 1080p@30/60fps;"Tuned by JBL
24-bit/192kHz Hi-Res audio";No;Yes, with stereo speakers
