No;Brand;Device Name;Product URL;Estimated_Price;Popularity_Fans;Battery_Charging;Battery_Type;Body_;Body_Build;Body_Dimensions;Body_SIM;Body_Weight;Comms_Bluetooth;Comms_Infraredport;Comms_NFC;Comms_Positioning;Comms_Radio;Comms_USB;Comms_WLAN;Display_;Display_Protection;Display_Resolution;Display_Size;Display_Type;EULABEL_Battery;EULABEL_Energy;EULABEL_Freefall;EULABEL_Repairability;Features_;Features_Sensors;Launch_Announced;Launch_Status;MainCamera_Dual;MainCamera_Features;MainCamera_Quad;MainCamera_Single;MainCamera_Triple;MainCamera_Video;Memory_;Memory_Cardslot;Memory_Internal;Misc_Colors;Misc_Models;Misc_Price;Misc_SAREU;Network_;Network_2Gbands;Network_3Gbands;Network_4Gbands;Network_5Gbands;Network_Speed;Network_Technology;OurTests_Audioquality;OurTests_Battery;OurTests_Batteryold;OurTests_Camera;OurTests_Display;OurTests_Loudspeaker;OurTests_Performance;Platform_CPU;Platform_Chipset;Platform_GPU;Platform_OS;Selfiecamera_Dual;Selfiecamera_Features;Selfiecamera_Single;Selfiecamera_Video;Sound_;Sound_35mmjack;Sound_Loudspeaker
1;Honor;Honor 200 Pro;https://www.gsmarena.com/honor_200_pro-13049.php;N/A;N/A;"100W wired, 60% in 15 min, 100% in 41 min
66W wireless, 64% in 30 min
5W reverse wired
Reverse wireless";Si/C Li-Ion 5200 mAh;"IP65 dust tight and water resistant (low pressure water jets) - INT
IP55 dust protected and water resistant (low pressure water jets) - CN";N/A;163.3 x 75.2 x 8.2 mm (6.43 x 2.96 x 0.32 in);Nano-SIM + eSIMNano-SIM + Nano-SIM;199 g (7.02 oz);5.3, A2DP, LE, aptX HD;Yes;Yes;GPS, GALILEO, GLONASS, QZSS, BDS (B1I+B1c);No;USB Type-C 2.0, OTG;Wi-Fi 802.11 a/b/g/n/ac/6, dual-band, Wi-Fi Direct;N/A;N/A;1224 x 2700 pixels (~437 ppi density);6.78 inches, 111.5 cm2 (~90.8% screen-to-body ratio);OLED, 1B colors, 120Hz, 3840Hz PWM, HDR, 4000 nits (peak);N/A;N/A;N/A;N/A;Circle to Search;Fingerprint (under display, optical), accelerometer, gyro, compass, ultrasound proximity;2024, May 27;Available. Released 2024, May 31;N/A;LED flash, HDR, panorama;N/A;N/A;"50 MP, f/1.9, (wide), 1/1.3"", 1.2µm, PDAF, OIS
50 MP, f/2.4, (telephoto), PDAF, OIS, 2.5x optical zoom
12 MP, f/2.2, 112˚ (ultrawide), AF";4K@30fps, 1080p@30/60fps, gyro-EIS, OIS;N/A;No;256GB 12GB RAM, 512GB 12GB RAM, 512GB 16GB RAM, 1TB 16GB RAM;Moonlight White, Black, Ocean Cyan, Pink;ELP-AN00, ELP-NX9;$ 457.60 / € 393.98 / £ 379.99;N/A;CDMA2000 1x;GSM 850 / 900 / 1800 / 1900;HSDPA 800 / 850 / 900 / 1700(AWS) / 1900 / 2100;LTE;SA/NSA;HSPA, LTE, 5G;GSM / CDMA / HSPA / CDMA2000 / LTE / 5G;N/A;Active use score 11:08h;N/A;N/A;1110 nits max brightness (measured);-24.7 LUFS (Very good);"AnTuTu: 1281655 (v10)
GeekBench: 4759 (v6)
3DMark: 2955 (Wild Life Extreme)";Octa-core (1x3.0 GHz Cortex-X4 & 4x2.8 GHz Cortex-A720 & 3x2.0 GHz Cortex-A520);Qualcomm SM8635 Snapdragon 8s Gen 3 (4 nm);Adreno 735;Android 14, up to 4 major Android upgrades, MagicOS 8;"50 MP, f/2.1, (wide)
2 MP, f/2.4, (depth)";HDR;N/A;4K@30fps, 1080p@30fps, gyro-EIS;N/A;No;Yes, with stereo speakers
2;Honor;Honor X5b;https://www.gsmarena.com/honor_x5b-13463.php;N/A;N/A;10W wired;Li-Po 5200 mAh;N/A;N/A;163.9 x 75.8 x 8.7 mm (6.45 x 2.98 x 0.34 in);Nano-SIM + Nano-SIM;194 g (6.84 oz);5.1, A2DP, LE, aptX HD;N/A;No;GPS, GLONASS, GALILEO, BDS;Unspecified;USB Type-C 2.0, OTG;Wi-Fi 802.11 a/b/g/n/ac, dual-band, Wi-Fi Direct;N/A;N/A;720 x 1612 pixels, 20:9 ratio (~269 ppi density);6.56 inches, 103.4 cm2 (~83.2% screen-to-body ratio);TFT LCD, 90Hz, 530 nits (HBM);N/A;N/A;N/A;N/A;N/A;Fingerprint (side-mounted), accelerometer, proximity;2024, October 22;Available. Released 2024, October;N/A;LED flash;N/A;"13 MP, f/1.8, (wide)
Auxiliary lens";N/A;1080p@30fps;N/A;microSDXC;64GB 4GB RAM, 128GB 4GB RAM;Ocean Blue, Starry Purple, Midnight Black;N/A;About 80 EUR;N/A;N/A;GSM 850 / 900 / 1800 / 1900;HSDPA 850 / 900 / 1900 / 2100;LTE;N/A;HSPA, LTE;GSM / HSPA / LTE;N/A;N/A;N/A;N/A;N/A;N/A;N/A;Octa-core (4x2.2 GHz Cortex-A53 & 4x1.6 GHz Cortex-A53);Mediatek Helio G36 (12 nm);PowerVR GE8320;Android 14, Magic OS 8;N/A;N/A;5 MP, f/2.2, (wide);1080p@30fps;N/A;Yes;Yes
3;Honor;Honor X9c;https://www.gsmarena.com/honor_x9c-13490.php;N/A;N/A;"66W wired
Reverse wired";Si/C Li-Ion 6600 mAh;"IP65M dust tight and water resistant (low pressure water jets)
Drop resistant up to 2m";N/A;162.8 x 75.5 x 8 mm (6.41 x 2.97 x 0.31 in);Nano-SIM + Nano-SIM;189 g (6.67 oz);5.1, A2DP, LE;N/A;Yes (market/region dependent);GPS, GLONASS, GALILEO, BDS;No;USB Type-C 2.0, OTG;Wi-Fi 802.11 a/b/g/n/ac, dual-band, Wi-Fi Direct;N/A;N/A;1224 x 2700 pixels (~437 ppi density);6.78 inches, 111.5 cm2 (~90.7% screen-to-body ratio);AMOLED, 1B colors, 120Hz, 3840Hz PWM, 4000 nits (peak);N/A;N/A;N/A;N/A;N/A;Fingerprint (under display, optical), accelerometer, gyro, proximity, compass;2024, November 05;Available. Released 2024, November 15;N/A;LED flash, panorama, HDR;N/A;N/A;"108 MP, f/1.8, (wide), 1/1.67"", PDAF, OIS
5 MP, f/2.2, (ultrawide)";4K@30fps, 1080p@30/60fps;N/A;No;256GB 8GB RAM, 256GB 12GB RAM, 512GB 12GB RAM;Titanium Purple, Titanium Black, Jade Cyan;N/A;$ 479.99 / £ 485.00 / ₹ 20,998;N/A;N/A;GSM 850 / 900 / 1800 / 1900;HSDPA 850 / 900 / 1900 / 2100;LTE;SA/NSA;HSPA, LTE, 5G;GSM / HSPA / LTE / 5G;N/A;N/A;N/A;N/A;N/A;N/A;N/A;Octa-core (4x2.2 GHz Cortex-A78 & 4x1.8 GHz Cortex-A55);Qualcomm SM6450 Snapdragon 6 Gen 1 (4 nm);Adreno 710;Android 14, Magic OS 8;N/A;N/A;16 MP, f/2.5, (wide);1080p@30fps;N/A;No;Yes, with stereo speakers
4;Honor;Honor Magic7 RSR Porsche Design;https://www.gsmarena.com/honor_magic7_rsr_porsche_design-13588.php;N/A;N/A;"100W wired
80W wireless
Reverse wireless
5W reverse wired";Si/C Li-Ion 5850 mAh;"IP68/IP69 dust tight and water resistant (high pressure water jets; immersible up to 1.5m for 30 min)";Glass front (NanoCrystal Shield), glass back, aluminum frame;162.7 x 77.1 x 8.8 mm (6.41 x 3.04 x 0.35 in);Nano-SIM + Nano-SIM + eSIM + eSIM (max 2 at a time) - INTNano-SIM + Nano-SIM - CN;228 g (8.04 oz);5.4, A2DP, LE, aptX HD;Yes;Yes;GPS (L1+L5), GLONASS, BDS (B1I+B1c+B2a), GALILEO (E1+E5a), QZSS (L1+L5);No;USB Type-C 3.2, DisplayPort 1.2, OTG;Wi-Fi 802.11 a/b/g/n/ac/6/7, dual-band, Wi-Fi Direct;N/A;NanoCrystal Shield;1280 x 2800 pixels, 19.5:9 ratio (~453 ppi density);6.8 inches, 112.8 cm2 (~89.9% screen-to-body ratio);LTPO OLED, 1B colors, 120Hz, 4320Hz PWM, Dolby Vision, HDR, 1600 nits (HBM), 5000 nits (peak);N/A;N/A;N/A;N/A;Emergency SOS via satellite (messages only) - China only;Fingerprint (under display, ultrasonic), Face ID, accelerometer, gyro, proximity, compass;2024, December 23;Available. Released 2024, December 24;N/A;LiDAR AF, color spectrum sensor, LED flash, HDR, panorama;N/A;N/A;"50 MP, f/1.4-2.0, 23mm (wide), 1/1.3"", 1.2µm, multi-directional PDAF, OIS
200 MP, f/1.9, 72mm (periscope telephoto), 1/1.4"", 0.56µm, multi-directional PDAF, OIS, 3x optical zoom
50 MP, f/2.0, 13mm, 122˚ (ultrawide), 1/2.88"", 0.61µm, dual pixel PDAF";4K@24/30/60fps, 1080p@30/60/120/240fps, gyro-EIS, OIS, HDR, 10-bit video;UFS 4.0;No;512GB 16GB RAM, 1TB 24GB RAM;Provence, Agate Grey;PTP-AN20;About 1050 EUR;N/A;CDMA2000 1x;GSM 850 / 900 / 1800 / 1900;HSDPA 800 / 850 / 900 / 1700(AWS) / 1900 / 2100;LTE;SA/NSA;HSPA, LTE, 5G;GSM / CDMA / HSPA / CDMA2000 / LTE / 5G;N/A;Active use score 15:11h;N/A;N/A;1510 nits max brightness (measured);-22.5 LUFS (Excellent);"AnTuTu: 2476857 (v10)
GeekBench: 9559 (v6)
3DMark: 6039 (Wild Life Extreme)";Octa-core (2x4.32 GHz Oryon V2 Phoenix L + 6x3.53 GHz Oryon V2 Phoenix M);Qualcomm SM8750-AB Snapdragon 8 Elite (3 nm);Adreno 830;Android 15, MagicOS 9;N/A;N/A;"50 MP, f/2.0, 22mm (wide), 1/2.93"", 0.6µm, AF
TOF 3D, (depth/biometrics sensor)";4K@30/60fps, 1080p@30/60fps, gyro-EIS;N/A;No;Yes, with stereo speakers
5;Honor;Honor X5 Plus;https://www.gsmarena.com/honor_x5_plus-12645.php;N/A;N/A;10W wired;Li-Po 5200 mAh;N/A;N/A;163.3 x 75.1 x 8.4 mm (6.43 x 2.96 x 0.33 in);Nano-SIM + Nano-SIM;188 g (6.63 oz);5.1, A2DP, LE, aptX HD;N/A;Yes (market/region dependent);GPS, GLONASS, GALILEO, BDS;Unspecified;USB Type-C 2.0, OTG;Wi-Fi 802.11 a/b/g/n/ac, dual-band, Wi-Fi Direct;N/A;N/A;720 x 1612 pixels, 20:9 ratio (~269 ppi density);6.56 inches, 103.4 cm2 (~84.3% screen-to-body ratio);TFT LCD, 90Hz;N/A;N/A;N/A;N/A;N/A;Fingerprint (side-mounted), accelerometer, proximity;2023, August 16;Available. Released 2023, August;"50 MP, f/1.8, (wide), PDAF
2 MP, f/2.4, (depth)";LED flash, HDR, panorama;N/A;N/A;N/A;1080p@30fps;N/A;microSDXC;64GB 4GB RAM, 128GB 4GB RAM;Cyan Lake, Midnight Black;WOD-LX1, WOD-LX2, WOD-LX3;About 100 EUR;N/A;N/A;GSM 850 / 900 / 1800 / 1900;HSDPA 850 / 900 / 1900 / 2100;LTE;N/A;HSPA, LTE;GSM / HSPA / LTE;N/A;N/A;N/A;N/A;N/A;N/A;N/A;Octa-core (4x2.2 GHz Cortex-A53 & 4x1.6 GHz Cortex-A53);Mediatek Helio G36 (12 nm);PowerVR GE8320;Android 13, MagicOS 7.1;N/A;N/A;5 MP, f/2.2, (wide);1080p@30fps;N/A;Yes;Yes
6;Honor;Honor X7c;https://www.gsmarena.com/honor_x7c_5g-14065.php;N/A;N/A;35W wired;Li-Po 5200 mAh;IP64 dust tight and water resistant (water splashes);N/A;166.9 x 76.8 x 8.2 mm (6.57 x 3.02 x 0.32 in);Nano-SIM + Nano-SIM;193 g (6.81 oz);5.0, A2DP, LE;N/A;Yes (market/region dependent);GPS, GLONASS, GALILEO, BDS;No;USB Type-C 2.0, OTG;Wi-Fi 802.11 a/b/g/n/ac, dual-band, Wi-Fi Direct;N/A;Aluminosilicate glass;1080 x 2412 pixels, 20:9 ratio (~389 ppi density);6.8 inches, 111.3 cm2 (~86.8% screen-to-body ratio);TFT LCD, 120Hz, 850 nits (peak);N/A;N/A;N/A;N/A;N/A;Fingerprint (side-mounted), accelerometer, proximity, compass;2025, August 18;Available. Released 2025, August 20;"50 MP, f/1.8, (wide), PDAF
2 MP, f/2.4, (depth)";LED flash, HDR;N/A;N/A;N/A;1080p@30fps;N/A;No;256GB 8GB RAM;Moonlight White, Forest Green;ALT-NX1;About 150 EUR;N/A;N/A;GSM 850 / 900 / 1800 / 1900;HSDPA 850 / 900 / 1700(AWS) / 1900 / 2100;LTE;SA/NSA;HSPA, LTE, 5G;GSM / HSPA / LTE / 5G;N/A;N/A;N/A;N/A;N/A;N/A;N/A;Octa-core (2x2.2 GHz Cortex-A78 & 6x1.95 GHz Cortex-A55);Qualcomm SM4450 Snapdragon 4 Gen 2 (4 nm);Adreno 613;Android 14, MagicOS 8;N/A;N/A;5 MP, f/2.2, (wide);1080p@30fps;24-bit/192kHz Hi-Res audio;Yes;Yes
7;Honor;Honor Magic7 Lite;https://www.gsmarena.com/honor_magic7_lite-13581.php;N/A;N/A;"66W wired
Reverse wired";Si/C Li-Ion 6600 mAh;"IP64 dust tight and water resistant (water splashes)
Drop resistant up to 2m";N/A;162.8 x 75.5 x 8 mm (6.41 x 2.97 x 0.31 in);Nano-SIM + eSIM;189 g (6.67 oz);5.1, A2DP, LE;N/A;Yes (market/region dependent);GPS, GLONASS, GALILEO, BDS;No;USB Type-C 2.0, OTG;Wi-Fi 802.11 a/b/g/n/ac, dual-band, Wi-Fi Direct;N/A;Mohs level 4;1224 x 2700 pixels (~437 ppi density);6.78 inches, 111.5 cm2 (~90.7% screen-to-body ratio);AMOLED, 1B colors, 120Hz, 3840Hz PWM, 4000 nits (peak);59:33h endurance, 1200 cycles;Class B;Class A (270 falls);Class B;N/A;Fingerprint (under display, optical), accelerometer, gyro, compass, proximity (ultrasonic);2025, January 02;Available. Released 2025, January 02;"108 MP, f/1.8, (wide), 1/1.67"", PDAF, OIS
5 MP, f/2.2, (ultrawide)";LED flash, panorama, HDR;N/A;N/A;N/A;4K@30fps, 1080p@30fps;N/A;No;256GB 8GB RAM, 256GB 12GB RAM, 512GB 6GB RAM, 512GB 8GB RAM, 512GB 12GB RAM;Titanium Purple, Titanium Black;BRP-NX1;€ 297.42 / £ 275.94;N/A;N/A;GSM 850 / 900 / 1800 / 1900;HSDPA 850 / 900 / 1900 / 2100;LTE;SA/NSA;HSPA, LTE, 5G;GSM / HSPA / LTE / 5G;N/A;Active use score 15:02h;N/A;N/A;N/A;N/A;"AnTuTu: 594450 (v10)
GeekBench: 2705 (v6)
3DMark: 617 (Wild Life Extreme)";Octa-core (4x2.2 GHz Cortex-A78 & 4x1.8 GHz Cortex-A55);Qualcomm SM6450 Snapdragon 6 Gen 1 (4 nm);Adreno 710;Android 14, MagicOS 8;N/A;N/A;16 MP, f/2.5, (wide);1080p@30fps;N/A;No;Yes, with stereo speakers
8;Honor;Honor 90 Lite;https://www.gsmarena.com/honor_90_lite-12377.php;N/A;N/A;"35W wired, 55% in 30 min (Europe)
22.5W wired (Global)";Li-Po 4500 mAh;N/A;N/A;162.9 x 74.5 x 7.5 mm (6.41 x 2.93 x 0.30 in);Nano-SIM + Nano-SIM;179 g (6.31 oz);5.1, A2DP, LE (5.3, France);N/A;Yes (market/region dependent);GPS, GLONASS, GALILEO, BDS;Unspecified;USB Type-C 2.0, OTG;Wi-Fi 802.11 a/b/g/n/ac, dual-band, Wi-Fi Direct;N/A;N/A;1080 x 2388 pixels (~391 ppi density);6.7 inches, 108.7 cm2 (~89.6% screen-to-body ratio);IPS LCD, 90Hz;N/A;N/A;N/A;N/A;Virtual proximity sensing;Fingerprint (side-mounted), accelerometer, compass;2023, June 20;Available. Released 2023, June 20;N/A;LED flash, HDR, panorama;N/A;N/A;"100 MP, f/1.9, (wide), PDAF
5 MP, f/2.2, (ultrawide)
2 MP, f/2.4, (macro)";1080p@30fps;N/A;No;256GB 4GB RAM, 256GB 8GB RAM;Titanium Silver, Cyan Lake, Midnight Black;CRT-NX1;$ 499.00 / € 202.87 / £ 141.55;N/A;N/A;GSM 850 / 900 / 1800 / 1900;HSDPA 850 / 900 / 1900 / 2100;LTE;SA/NSA;HSPA, LTE, 5G;GSM / HSPA / LTE / 5G;N/A;N/A;N/A;N/A;N/A;N/A;N/A;Octa-core (2x2.2 GHz Cortex-A76 & 6x2.0 GHz Cortex-A55);Mediatek Dimensity 6020 (7 nm);Mali-G57 MC2;Android 13, Magic OS 7.1;N/A;N/A;16 MP, f/2.5, (wide);1080p@30fps;24-bit/192kHz Hi-Res audio;No;Yes
9;Honor;Honor X9 5G;https://www.gsmarena.com/honor_x9_5g-11447.php;N/A;N/A;66W wired, 81% in 30 min;Li-Po 4800 mAh;N/A;Glass front, plastic frame, plastic back;166.1 x 75.8 x 8.1 mm (6.54 x 2.98 x 0.32 in);Nano-SIM + Nano-SIM;189 g (6.67 oz);5.1, A2DP, LE;N/A;Yes;GPS, GLONASS, GALILEO, BDS;No;USB Type-C 2.0, OTG;Wi-Fi 802.11 a/b/g/n/ac, dual-band, Wi-Fi Direct;N/A;N/A;1080 x 2388 pixels (~385 ppi density);6.81 inches, 112.3 cm2 (~89.2% screen-to-body ratio);IPS LCD, 120Hz;N/A;N/A;N/A;N/A;Virtual proximity sensing;Fingerprint (side-mounted), accelerometer, gyro, compass;2022, March 29;Available. Released 2022, March 29;N/A;LED flash, panorama, HDR;N/A;N/A;"48 MP, f/1.8, 26mm (wide), PDAF
2 MP, f/2.4, (macro)
2 MP, f/2.4, (depth)";1080p@30fps;N/A;No;128GB 8GB RAM, 256GB 8GB RAM;Titanium Silver, Ocean Blue, Midnight Black;ANY-NX1;About 240 EUR;N/A;N/A;GSM 850 / 900 / 1800 / 1900;HSDPA 850 / 900 / 1700(AWS) / 1900 / 2100;LTE;SA/NSA;HSPA, LTE, 5G;GSM / HSPA / LTE / 5G;N/A;N/A;N/A;N/A;N/A;N/A;N/A;Octa-core (2x2.2 GHz Kryo 660 Gold & 6x1.8 GHz Kryo 660 Silver);Qualcomm SM6375 Snapdragon 695 5G (6 nm);Adreno 619;Android 11, Magic UI 4.2;N/A;N/A;16 MP, f/2.5;1080p@30fps;N/A;No;Yes
10;Honor;Honor 400 (China);https://www.gsmarena.com/honor_400_5g_(china)-13930.php;N/A;N/A;"80W wired, 39% in 15 min
5W reverse wired";Si/C Li-Ion 7200 mAh;"IP68/IP69 dust tight and water resistant (high pressure water jets; immersible up to 1.5m for 30 min)";Glass front, aluminum frame;156.3 x 74.7 x 7.8 mm (6.15 x 2.94 x 0.31 in);Nano-SIM + Nano-SIM;196 g (6.91 oz);5.4, A2DP, LE, aptX HD, aptX Adaptive;Yes;Yes;GPS, GALILEO, GLONASS, QZSS, NavIC, BDS (B1I+B1c);No;USB Type-C 2.0, OTG;Wi-Fi 802.11 a/b/g/n/ac/6, dual-band, Wi-Fi Direct;N/A;Aluminosilicate glass;1264 x 2736 pixels, 19.5:9 ratio (~460 ppi density);6.55 inches, 105.4 cm2 (~90.3% screen-to-body ratio);AMOLED, 1B colors, 120Hz, HDR, 5000 nits (peak);N/A;N/A;N/A;N/A;N/A;Fingerprint (under display, optical), accelerometer, gyro, proximity, compass;2025, June 02;Available. Released 2025, June 06;"200 MP, f/1.9, (wide), 1/1.4"", PDAF, OIS
12 MP, f/2.2, 112˚ (ultrawide), AF";LED flash, HDR, panorama;N/A;N/A;N/A;4K, 1080p, gyro-EIS, OIS;N/A;No;256GB 12GB RAM, 512GB 12GB RAM, 512GB 16GB RAM;Black, Silver, Blue, Pink;DNN-AN00;About 310 EUR;N/A;N/A;GSM 850 / 900 / 1800 / 1900;HSDPA 800 / 850 / 900 / 1700(AWS) / 1900 / 2100;LTE;SA/NSA;HSPA, LTE, 5G;GSM / HSPA / LTE / 5G;N/A;N/A;N/A;N/A;N/A;N/A;N/A;Octa-core (1x2.8 GHz Cortex-720 & 4x2.4 GHz Cortex-720 & 3x1.8 GHz Cortex-520);Qualcomm SM7750-AB Snapdragon 7 Gen 4 (4 nm);Adreno 722;Android 15, MagicOS 9;N/A;HDR;50 MP, f/2.0, (wide);4K, 1080p, gyro-EIS;N/A;No;Yes, with stereo speakers
11;Honor;Honor X8a;https://www.gsmarena.com/honor_x8a-12113.php;N/A;N/A;22.5W wired, 50% in 30 min;Li-Po 4500 mAh;N/A;Glass front, plastic frame, plastic back;162.9 x 74.5 x 7.5 mm (6.41 x 2.93 x 0.30 in);Nano-SIM + Nano-SIM;179 g (6.31 oz);5.1, A2DP, LE;N/A;Yes (CRT-LX1 only);GPS, GLONASS, GALILEO, BDS;No;USB Type-C 2.0, OTG;Wi-Fi 802.11 a/b/g/n/ac, dual-band, Wi-Fi Direct;N/A;N/A;1080 x 2388 pixels (~391 ppi density);6.7 inches, 108.7 cm2 (~89.6% screen-to-body ratio);IPS LCD, 90Hz;N/A;N/A;N/A;N/A;Virtual proximity sensing;Fingerprint (side-mounted), accelerometer, compass;2023, February 08;Available. Released 2023, February 11;N/A;LED flash, panorama, HDR;N/A;N/A;"100 MP, f/1.9, (wide), AF
5 MP, f/2.2, (ultrawide)
2 MP, f/2.4, (macro)";1080p@30fps;N/A;No;128GB 4GB RAM, 128GB 6GB RAM, 128GB 8GB RAM, 128GB 12GB RAM, 256GB 4GB RAM, 256GB 8GB RAM;Cyan Lake, Titanium Silver, Midnight Black;CRT-LX1, CRT-LX2, CRT-LX3;About 170 EUR;N/A;N/A;GSM 850 / 900 / 1800 / 1900;HSDPA 850 / 900 / 2100;LTE;N/A;HSPA, LTE;GSM / HSPA / LTE;N/A;N/A;N/A;N/A;N/A;N/A;N/A;Octa-core (2x2.0 GHz Cortex-A75 & 6x1.8 GHz Cortex-A55);Mediatek MT6769H Helio G88 (12 nm);Mali-G52 MC2;Android 12, Magic UI 6.1;N/A;N/A;16 MP, f/2.5;1080p@30fps;N/A;No;Yes
12;Honor;Honor X9b;https://www.gsmarena.com/honor_x9b-12629.php;N/A;N/A;"35W wired
Reverse wired";Li-Po 5800 mAh;"IP53 dust protected and water resistant (vertical water sprays)*
* market/region dependent availability";N/A;163.6 x 75.5 x 8 mm (6.44 x 2.97 x 0.31 in);Nano-SIM + Nano-SIM;185 g (6.53 oz);5.1, A2DP, LE;Yes;Yes (market/region dependent);GPS, GLONASS, GALILEO, BDS;No;USB Type-C 2.0, OTG;Wi-Fi 802.11 a/b/g/n/ac, dual-band, Wi-Fi Direct;N/A;N/A;1220 x 2652 pixels, 19.5:9 ratio (~431 ppi density);6.78 inches, 112.6 cm2 (~91.2% screen-to-body ratio);AMOLED, 1B colors, 120Hz, 1200 nits (peak);N/A;N/A;N/A;N/A;N/A;Fingerprint (under display, optical), accelerometer, gyro, proximity, compass;2023, October 18;Available. Released 2023, October;N/A;LED flash, panorama, HDR;N/A;N/A;"108 MP, f/1.8, (wide), 1/1.67"", PDAF
5 MP, f/2.2, (ultrawide)
2 MP, f/2.4, (macro)";4K@30fps, 1080p@30fps;UFS 3.1 (market/region dependent);No;256GB 8GB RAM, 256GB 12GB RAM, 512GB 8GB RAM, 512GB 12GB RAM;Sunrise Orange, Midnight Black, Emerald Green;ALI-NX1;$ 965.00 / ₹ 21,990;N/A;N/A;GSM 850 / 900 / 1800 / 1900;HSDPA 850 / 900 / 1900 / 2100;1, 2, 3, 4, 5, 7, 8, 20, 28, 32, 38, 40, 41;1, 3, 7, 8, 20, 28, 38, 40, 41, 77, 78 SA/NSA;HSPA, LTE, 5G;GSM / HSPA / LTE / 5G;N/A;N/A;N/A;N/A;N/A;N/A;N/A;Octa-core (4x2.2 GHz Cortex-A78 & 4x1.8 GHz Cortex-A55);Qualcomm SM6450 Snapdragon 6 Gen 1 (4 nm);Adreno 710;Android 13, Magic OS 7.2;N/A;N/A;16 MP, f/2.5, (wide);1080p@30fps;N/A;No;Yes
13;Honor;Honor 300 Pro;https://www.gsmarena.com/honor_300_pro-13538.php;N/A;N/A;"100W wired, 59% in 15 min
80W wireless, 39% in 15 min
5W reverse wired
Reverse wireless";Si/C Li-Ion 5300 mAh;IP65 dust tight and water resistant (low pressure water jets);N/A;163.8 x 75.3 x 8.2 mm (6.45 x 2.96 x 0.32 in);Nano-SIM + Nano-SIM;199 g (7.02 oz);5.3, A2DP, LE, aptX HD;Yes;Yes;GPS, GALILEO, GLONASS, QZSS, BDS (B1I+B1c);No;USB Type-C 2.0, OTG;Wi-Fi 802.11 a/b/g/n/ac/6/7, dual-band, Wi-Fi Direct;N/A;N/A;1224 x 2700 pixels (~437 ppi density);6.78 inches, 111.5 cm2 (~90.4% screen-to-body ratio);AMOLED, 1B colors, 120Hz, HDR, 1200 nits (HBM), 4000 nits (peak);N/A;N/A;N/A;N/A;N/A;Fingerprint (under display, optical), accelerometer, gyro, compass, ultrasound proximity;2024, December 02;Available. Released 2024, December 07;N/A;LED flash, HDR, panorama;N/A;N/A;"50 MP, f/2.0, (wide), 1/1.56"", 1.0µm, PDAF, OIS
50 MP, f/2.4, (telephoto), PDAF, OIS, 3x optical zoom
12 MP, f/2.2, 112˚ (ultrawide), AF";4K, 1080p, gyro-EIS, OIS;N/A;No;256GB 12GB RAM, 512GB 12GB RAM, 512GB 16GB RAM;Black, White, Green;AMP-AN00;About 480 EUR;N/A;N/A;GSM 850 / 900 / 1800 / 1900;HSDPA 800 / 850 / 900 / 1700(AWS) / 1900 / 2100;LTE;SA/NSA;HSPA, LTE, 5G;GSM / HSPA / LTE / 5G;N/A;N/A;N/A;N/A;N/A;N/A;N/A;Octa-core (1x3.0 GHz Cortex-X4 & 5x2.95 GHz Cortex-A720 & 2x2.0 GHz Cortex-A520);Qualcomm SM8650-AB Snapdragon 8 Gen 3 (4 nm);Adreno 750;Android 15, MagicOS 9;"50 MP, f/2.1, (wide)
2 MP, f/2.4, (depth)";HDR;N/A;4K, 1080p, gyro-EIS;N/A;No;Yes, with stereo speakers
14;Honor;Honor Magic6 Lite;https://www.gsmarena.com/honor_magic6_lite-12730.php;N/A;N/A;"35W wired
Reverse wired";Li-Po 5300 mAh (Europe)Li-Po 5800 mAh (LATAM);"IP53 dust protected and water resistant
(vertical water sprays)";N/A;163.6 x 75.5 x 8 mm (6.44 x 2.97 x 0.31 in);Nano-SIM + Nano-SIM;185 g (6.53 oz);5.1, A2DP, LE;N/A;Yes (market/region dependent);GPS, GLONASS, GALILEO, BDS;No;USB Type-C 2.0, OTG;Wi-Fi 802.11 a/b/g/n/ac, dual-band, Wi-Fi Direct;N/A;N/A;1220 x 2652 pixels, 19.5:9 ratio (~431 ppi density);6.78 inches, 112.6 cm2 (~91.2% screen-to-body ratio);AMOLED, 1B colors, 120Hz, 1200 nits (peak);N/A;N/A;N/A;N/A;N/A;Fingerprint (under display, optical), accelerometer, gyro, proximity, compass;2023, December 04;Available. Released 2023, December 27;N/A;LED flash, panorama, HDR;N/A;N/A;"108 MP, f/1.8, (wide), 1/1.67"", PDAF
5 MP, f/2.2, (ultrawide)
2 MP, f/2.4, (macro)";4K@30fps, 1080p@30fps;N/A;No;256GB 8GB RAM, 512GB 8GB RAM;Sunrise Orange, Midnight Black, Emerald Green;ALI-NX3;About 180 EUR;N/A;N/A;GSM 850 / 900 / 1800 / 1900;HSDPA 850 / 900 / 1900 / 2100;LTE;SA/NSA;HSPA, LTE, 5G;GSM / HSPA / LTE / 5G;N/A;Active use score 13:08h;N/A;N/A;N/A;N/A;N/A;Octa-core (4x2.2 GHz Cortex-A78 & 4x1.8 GHz Cortex-A55);Qualcomm SM6450 Snapdragon 6 Gen 1 (4 nm);Adreno 710;Android 13, Magic OS 7.2;N/A;N/A;16 MP, f/2.5, (wide);1080p@30fps;N/A;No;Yes
15;Honor;Honor 90;https://www.gsmarena.com/honor_90-12297.php;N/A;N/A;"66W wired
5W reverse wired";Li-Po 5000 mAh;N/A;N/A;161.9 x 74.1 x 7.8 mm (6.37 x 2.92 x 0.31 in);Nano-SIM + eSIMNano-SIM + Nano-SIM;183 g (6.46 oz);5.2, A2DP, LE, aptX HD;N/A;Yes;GPS, GALILEO, GLONASS, BDS, QZSS;No;USB Type-C 2.0, OTG;Wi-Fi 802.11 a/b/g/n/ac/6, dual-band, Wi-Fi Direct;N/A;N/A;1200 x 2664 pixels (~435 ppi density);6.7 inches, 108.9 cm2 (~90.8% screen-to-body ratio);AMOLED, 1B colors, 120Hz, HDR10+, 1600 nits (peak);N/A;N/A;N/A;N/A;N/A;Fingerprint (under display, optical), accelerometer, gyro, compass, ultrasound proximity;2023, May 29;Available. Released 2023, June 07;N/A;LED flash, HDR, panorama;N/A;N/A;"200 MP, f/1.9, (wide), 1/1.4"", 0.56µm, PDAF
12 MP, f/2.2, 112˚ (ultrawide), AF
2 MP, f/2.4, (depth)";4K@30fps, 1080p@30/60fps, gyro-EIS;N/A;No;256GB 8GB RAM, 256GB 12GB RAM, 256GB 16GB RAM, 512GB 8GB RAM, 512GB 12GB RAM, 512GB 16GB RAM;Midnight Black, Emerald Green, Diamond Silver, Peacock Blue;REA-AN00, REA-NX9;$ 459.99 / € 192.48 / £ 499.99;N/A;CDMA2000 1x;GSM 850 / 900 / 1800 / 1900;HSDPA 800 / 850 / 900 / 1700(AWS) / 1900 / 2100;1, 3, 4, 5, 8, 19, 28, 34, 38, 39, 40, 41;1, 5, 8, 28, 41, 77, 78 SA/NSA;HSPA, LTE, 5G;GSM / CDMA / HSPA / CDMA2000 / LTE / 5G;N/A;Active use score 10:28h;Endurance rating 95h;Photo / Video;1176 nits max brightness (measured);-29.9 LUFS (Average);"AnTuTu: 575122 (v9), 694546 (v10)
GeekBench: 3011 (v5), 2888 (v6)
GFXBench: 32fps (ES 3.1 onscreen)";Octa-core (1x2.5 GHz Cortex-A710 & 3x2.36 GHz Cortex-A710 & 4x1.8 GHz Cortex-A510);Qualcomm Snapdragon 7 Gen 1 Accelerated Edition (4 nm);Adreno 644;Android 13, upgradable to Android 14, MagicOS 8;N/A;HDR;50 MP, f/2.4, 100˚, (ultrawide);4K@30fps, 1080p@30fps, gyro-EIS;N/A;No;Yes
16;Honor;Honor 200 Lite;https://www.gsmarena.com/honor_200_lite-12948.php;N/A;N/A;35W wired;Li-Po 4500 mAh;N/A;N/A;161.1 x 74.6 x 6.8 mm (6.34 x 2.94 x 0.27 in);Nano-SIM + Nano-SIM;166 g (5.86 oz);5.1, A2DP, LE;N/A;Yes (market/region dependent);GPS, GLONASS, GALILEO, BDS;Unspecified;USB Type-C 2.0, OTG;Wi-Fi 802.11 a/b/g/n/ac, dual-band, Wi-Fi Direct;N/A;N/A;1080 x 2412 pixels, 20:9 ratio (~394 ppi density);6.7 inches, 108.0 cm2 (~89.9% screen-to-body ratio);AMOLED, 90Hz, 3240Hz PWM;N/A;N/A;N/A;N/A;N/A;Fingerprint (side-mounted), accelerometer, proximity, compass;2024, April 25;Available. Released 2024, May 03;N/A;LED flash, HDR, panorama;N/A;N/A;"108 MP, f/1.8, (wide), PDAF
5 MP, f/2.2, (ultrawide)
2 MP, f/2.4, (macro)";1080p@30fps;N/A;No;256GB 8GB RAM, 256GB 12GB RAM;Starry Blue, Cyan Lake, Black;LLY-NX1;$ 199.00 / € 189.99 / £ 148.49;0.84 W/kg (head)     1.25 W/kg (body);N/A;GSM 850 / 900 / 1800 / 1900;HSDPA 850 / 900 / 1900 / 2100;LTE;SA/NSA;HSPA, LTE, 5G;GSM / HSPA / LTE / 5G;N/A;N/A;N/A;N/A;N/A;N/A;N/A;Octa-core (2x2.4 GHz Cortex-A76 & 6x2.0 GHz Cortex-A55);Mediatek Dimensity 6080 (6 nm);Mali-G57 MC2;Android 14, MagicOS 8;N/A;LED flash;50 MP, f/2.1, (wide);1080p@30fps;N/A;No;Yes
17;Honor;Honor 400 Pro (China);https://www.gsmarena.com/honor_400_pro_5g_(china)-13929.php;N/A;N/A;"90W wired, 40% in 15 min
50W wireless, 28% in 15 min
5W reverse wired
Reverse wireless";Si/C Li-Ion 7200 mAh;"IP68/IP69 dust tight and water resistant (high pressure water jets; immersible up to 1.5m for 30 min)";Glass front, aluminum frame;156.3 x 74.7 x 7.8 mm (6.15 x 2.94 x 0.31 in);Nano-SIM + Nano-SIM;204 g (7.20 oz);5.4, A2DP, LE, aptX HD, aptX Adaptive;Yes;Yes;GPS (L1+L5), BDS (B1I+B1C+B2a+B2b), GALILEO (E1+E5a+E5b), QZSS (L1+L5), NavIC (L5), GLONASS;No;USB Type-C 2.0, OTG;Wi-Fi 802.11 a/b/g/n/ac/6/7, dual-band, Wi-Fi Direct;N/A;Aluminosilicate glass;1264 x 2736 pixels, 19.5:9 ratio (~460 ppi density);6.55 inches, 105.4 cm2 (~90.3% screen-to-body ratio);AMOLED, 1B colors, 120Hz, HDR Vivid, 5000 nits (peak);N/A;N/A;N/A;N/A;N/A;Fingerprint (under display, optical), accelerometer, gyro, proximity, compass;2025, June 02;Available. Released 2025, June 08;N/A;LED flash, HDR, panorama;N/A;N/A;"200 MP, f/1.9, (wide), 1/1.4"", PDAF, OIS
50 MP, f/2.4, (telephoto), 1/2.0"", 0.8µm, PDAF, OIS, 3x optical zoom
12 MP, f/2.2, 112˚ (ultrawide), AF";4K, 1080p, gyro-EIS, OIS;N/A;No;256GB 12GB RAM, 512GB 12GB RAM, 512GB 16GB RAM, 1TB 16GB RAM;Black, Silver, Blue, Pink;DNP-AN00;About 420 EUR;N/A;N/A;GSM 850 / 900 / 1800 / 1900;HSDPA 800 / 850 / 900 / 1700(AWS) / 1900 / 2100;LTE;SA/NSA;HSPA, LTE, 5G;GSM / HSPA / LTE / 5G;N/A;N/A;N/A;N/A;N/A;N/A;N/A;Octa-core (1x3.3 GHz Cortex-X4 & 3x3.2 GHz Cortex-A720 & 2x3.0 GHz Cortex-A720 & 2x2.3 GHz Cortex-A520);Qualcomm SM8650-AB Snapdragon 8 Gen 3 (4 nm);Adreno 750;Android 15, MagicOS 9;"50 MP, f/2.0, (wide)
2 MP, f/2.4, (depth)";HDR;N/A;4K, 1080p, gyro-EIS;N/A;No;Yes, with stereo speakers
18;Honor;Honor Magic6 Pro;https://www.gsmarena.com/honor_magic6_pro-12786.php;N/A;N/A;"80W wired
66W wireless
Reverse wireless
5W reverse wired";Si/C Li-Ion 5600 mAh;IP68 dust tight and water resistant (immersible up to 1.5m for 30 min);Glass front (NanoCrystal Shield), glass back or silicone polymer back (eco leather);162.5 x 75.8 x 8.9 mm (6.40 x 2.98 x 0.35 in);Nano-SIM + eSIMNano-SIM + Nano-SIM;225 g or 229 g (7.94 oz);5.3, A2DP, LE, aptX HD;Yes;Yes;GPS (L1+L5), GLONASS, BDS (B1I+B1c+B2a), GALILEO (E1+E5a);No;USB Type-C 3.2, DisplayPort 1.2, OTG;Wi-Fi 802.11 a/b/g/n/ac/6/7, dual-band, Wi-Fi Direct;N/A;NanoCrystal Shield;1280 x 2800 pixels, 19.5:9 ratio (~453 ppi density);6.8 inches, 112.8 cm2 (~91.6% screen-to-body ratio);LTPO OLED, 1B colors, 120Hz, Dolby Vision, HDR, 1600 nits (HBM), 5000 nits (peak);N/A;N/A;N/A;N/A;Emergency SOS via satellite (messages and calls);Fingerprint (under display, optical), Face ID, accelerometer, gyro, proximity, compass;2024, January 11;Available. Released 2024, January 18;N/A;Laser AF, color spectrum sensor, LED flash, HDR, panorama;N/A;N/A;"50 MP, f/1.4-2.0, 23mm (wide), 1/1.3"", 1.2µm, PDAF, OIS
180 MP, f/2.6, (periscope telephoto), 1/1.49"", 0.56µm, PDAF, OIS, 2.5x optical zoom
50 MP, f/2.0, 13mm, 122˚ (ultrawide), 1/2.88"", 0.61µm, AF";4K@24/30/60fps, 1080p@30/60/120/240fps, gyro-EIS, OIS, HDR, 10-bit video;UFS 4.0;No;256GB 12GB RAM, 256GB 16GB RAM, 512GB 12GB RAM, 512GB 16GB RAM, 1TB 16GB RAM;Black, Green, Blue, Purple, White;BVL-AN16, BVL-N49;$ 795.00 / € 514.58 / £ 599.99;N/A;CDMA2000 1x;GSM 850 / 900 / 1800 / 1900;HSDPA 800 / 850 / 900 / 1700(AWS) / 1900 / 2100;LTE;SA/NSA;HSPA, LTE, 5G;GSM / CDMA / HSPA / CDMA2000 / LTE / 5G;N/A;Active use score 14:06h;N/A;N/A;1578 nits max brightness (measured);-25.6 LUFS (Very good);"AnTuTu: 2017400 (v10)
GeekBench: 6787 (v6)
3DMark: 5254 (Wild Life Extreme)";Octa-core (1x3.3 GHz Cortex-X4 & 3x3.2 GHz Cortex-A720 & 2x3.0 GHz Cortex-A720 & 2x2.3 GHz Cortex-A520);Qualcomm SM8650-AB Snapdragon 8 Gen 3 (4 nm);Adreno 750;Android 14, up to 4 major Android upgrades, MagicOS 8;N/A;N/A;"50 MP, f/2.0, 22mm (wide), 1/2.93"", 0.6µm, AF
TOF 3D, (depth/biometrics sensor)";4K@30fps, 1080p@30/60fps, gyro-EIS;N/A;No;Yes, with stereo speakers
19;Honor;Honor X6c;https://www.gsmarena.com/honor_x6c-13938.php;N/A;N/A;35W wired;Li-Po 5300 mAh;"IP64 dust tight and water resistant (water splashes)
Drop resistant up to 1.5m";N/A;164 x 75.6 x 8.4 mm (6.46 x 2.98 x 0.33 in);Nano-SIM + Nano-SIM;199 g (7.02 oz);5.1, A2DP, LE;N/A;Yes (NIC-LX1, NIC-LX2 only);GPS, GLONASS, GALILEO, BDS;FM radio;USB Type-C 2.0, OTG;Wi-Fi 802.11 a/b/g/n/ac, dual-band, Wi-Fi Direct;N/A;N/A;720 x 1604 pixels, 20:9 ratio (~266 ppi density);6.61 inches, 105.3 cm2 (~84.9% screen-to-body ratio);TFT LCD, 120Hz, 1010 nits (peak);N/A;N/A;N/A;N/A;N/A;Fingerprint (side-mounted), accelerometer, proximity;2025, June 06;Available. Released 2025, June 06;"50 MP, f/1.8, (wide), PDAF
QVGA, (depth)";LED flash, HDR, panorama;N/A;N/A;N/A;1080p@30fps;N/A;microSDXC (uses shared SIM slot);128GB 6GB RAM, 256GB 6GB RAM, 256GB 8GB RAM;Midnight Black, Ocean Cyan, Moonlight White;NIC-LX1, NIC-LX2, NIC-LX3;About 130 EUR;N/A;HSDPA 850 / 900 / 1700(AWS) / 1900 / 2100 - LATAM;GSM 850 / 900 / 1800 / 1900;HSDPA 850 / 900 / 1900 / 2100;1, 2, 3, 4, 5, 7, 8, 13, 26, 28, 38, 40, 41, 66 - LATAM;N/A;HSPA, LTE;GSM / HSPA / LTE;N/A;N/A;N/A;N/A;N/A;N/A;N/A;Octa-core (2x2.0 GHz Cortex-A75 & 6x1.7 GHz Cortex-A55);Mediatek Helio G81 Ultra (12 nm);Mali-G52 MC2;Android 15, Magic OS 9;N/A;N/A;5 MP, f/2.2, (wide);1080p@30fps;N/A;Yes;Yes
20;Honor;Honor GT;https://www.gsmarena.com/honor_gt-13569.php;N/A;N/A;"100W wired, 60% in 15 min
5W reverse wired";Si/C Li-Ion 5300 mAh;IP65 dust tight and water resistant (low pressure water jets);N/A;161 x 74.2 x 7.7 mm (6.34 x 2.92 x 0.30 in);Nano-SIM + Nano-SIM;196 g (6.91 oz);5.3, A2DP, LE, aptX HD;Yes;Yes;GPS, GALILEO, GLONASS, BDS (B1I+B1c);No;USB Type-C 2.0, OTG;Wi-Fi 802.11 a/b/g/n/ac/6/7, dual-band, Wi-Fi Direct;N/A;N/A;1200 x 2664 pixels (~436 ppi density);6.7 inches, 108.5 cm2 (~90.8% screen-to-body ratio);AMOLED, 1B colors, 120Hz, HDR, 1200 nits (HBM), 4000 nits (peak);N/A;N/A;N/A;N/A;N/A;Fingerprint (under display, optical), accelerometer, gyro, compass, ultrasound proximity;2024, December 17;Available. Released 2024, December 17;"50 MP, f/2.0, (wide), 1/1.56"", 1.0µm, PDAF, OIS
12 MP, f/2.2, 112˚ (ultrawide), AF";LED flash, HDR, panorama;N/A;N/A;N/A;4K, 1080p, gyro-EIS, OIS;UFS 4.0;No;256GB 12GB RAM, 256GB 16GB RAM, 512GB 12GB RAM, 512GB 16GB RAM, 1TB 16GB RAM;Black, White, Green;AMG-AN00;About 290 EUR;N/A;N/A;GSM 850 / 900 / 1800 / 1900;HSDPA 850 / 900 / 1900 / 2100;LTE;SA/NSA;HSPA, LTE, 5G;GSM / HSPA / LTE / 5G;N/A;N/A;N/A;N/A;N/A;N/A;N/A;8-core (1x3.3GHz Cortex-X4 & 3x3.2GHz Cortex-A720 & 2x3.0GHz Cortex-A720 & 2x2.3GHz Cortex-A520);Qualcomm SM8650-AB Snapdragon 8 Gen 3 (4 nm);Adreno 750;Android 15, MagicOS 9;N/A;HDR;16 MP, f/2.5, (wide);1080p, gyro-EIS;N/A;No;Yes, with stereo speakers
21;Honor;Honor X8;https://www.gsmarena.com/honor_x8-11417.php;N/A;N/A;22.5W wired;Li-Po 4000 mAh;N/A;Glass front, plastic frame, plastic back;163.4 x 74.7 x 7.5 mm (6.43 x 2.94 x 0.30 in);Nano-SIMNano-SIM + Nano-SIM;177 g (6.24 oz);5.0, A2DP, LE;N/A;Yes (market/region dependent);GPS, GLONASS, GALILEO, BDS;No;USB Type-C 2.0, OTG;Wi-Fi 802.11 a/b/g/n/ac, dual-band, Wi-Fi Direct;N/A;N/A;1080 x 2388 pixels (~391 ppi density);6.7 inches, 108.7 cm2 (~89.1% screen-to-body ratio);IPS LCD, 90Hz;N/A;N/A;N/A;N/A;Virtual proximity sensing;Fingerprint (side-mounted), accelerometer, compass;2022, March 11;Available. Released 2022, March 24;N/A;LED flash, panorama, HDR;N/A;N/A;"64 MP, f/1.8, (wide), PDAF
5 MP, f/2.2, (ultrawide)
2 MP, f/2.4, (macro)
2 MP, f/2.4, (depth)";1080p@30fps;N/A;No;128GB 6GB RAM;Titanium Silver, Midnight Black, Ocean Blue;TFY-LX1, TFY-LX2, TFY-LX3;About 150 EUR;N/A;N/A;GSM 850 / 900 / 1800 / 1900;HSDPA 850 / 900 / 1700(AWS) / 1900 / 2100;LTE;N/A;HSPA, LTE;GSM / HSPA / LTE;N/A;N/A;N/A;N/A;N/A;N/A;N/A;Octa-core (4x2.4 GHz Kryo 265 Gold & 4x1.9 GHz Kryo 265 Silver);Qualcomm SM6225 Snapdragon 680 4G (6 nm);Adreno 610;Android 11, Magic UI 4.2;N/A;N/A;16 MP, f/2.5;1080p@30fps;N/A;Yes;Yes
22;Honor;Honor X7a;https://www.gsmarena.com/honor_x7a-12076.php;N/A;N/A;"22.5W wired
5W reverse wired";Li-Po 5330 or 6000 mAh (market/region dependent);N/A;N/A;167.5 x 76.9 x 8.3 mm (6.59 x 3.03 x 0.33 in);Nano-SIMNano-SIM + Nano-SIM;196 g (6.91 oz);5.1, A2DP, LE;N/A;Yes (market/region dependent);GPS, GLONASS, GALILEO, BDS;FM radio;USB Type-C 2.0, OTG;Wi-Fi 802.11 a/b/g/n/ac, dual-band, Wi-Fi Direct;N/A;N/A;720 x 1600 pixels, 20:9 ratio (~260 ppi density);6.75 inches, 110.0 cm2 (~85.4% screen-to-body ratio);TFT LCD;N/A;N/A;N/A;N/A;N/A;Fingerprint (side-mounted), accelerometer, proximity, compass;2023, January 04;Available. Released 2023, January 06;N/A;LED flash, HDR, panorama;"50 MP, f/1.8, (wide), PDAF
5 MP, f/2.2, (ultrawide)
2 MP, f/2.4, (macro)
2 MP, f/2.4, (depth)";N/A;N/A;1080p@30fps;N/A;microSDXC;128GB 4GB RAM, 128GB 6GB RAM;Titanium Silver, Ocean Blue, Midnight Black;RKY-LX1, RKY-LX2, RKY-LX3;About 120 EUR;N/A;N/A;GSM 850 / 900 / 1800 / 1900;HSDPA 850 / 900 / 1900 / 2100;LTE;N/A;HSPA, LTE;GSM / HSPA / LTE;N/A;N/A;N/A;N/A;N/A;N/A;N/A;Octa-core (4x2.3 GHz Cortex-A53 & 4x1.7 GHz Cortex-A53);Mediatek MT6765H Helio G37 (12 nm);PowerVR GE8320;Android 12, Magic UI 6.1;N/A;N/A;8 MP, f/2.0, (wide);1080p@30fps;N/A;Yes;Yes
23;Honor;Honor X7b;https://www.gsmarena.com/honor_x7b-12721.php;N/A;N/A;35W wired;Li-Po 5330 mAh (Europe and LATAM)Li-Po 6000 mAh (ROW);N/A;N/A;166.7 x 76.5 x 8.2 mm (6.56 x 3.01 x 0.32 in);Nano-SIM + Nano-SIM;199 g (7.02 oz);5.0, A2DP, LE;N/A;Yes (CLK-LX1 only);GPS, GLONASS, GALILEO, BDS;No;USB Type-C 2.0, OTG;Wi-Fi 802.11 a/b/g/n/ac, dual-band, Wi-Fi Direct;N/A;N/A;1080 x 2412 pixels, 20:9 ratio (~389 ppi density);6.8 inches, 111.3 cm2 (~87.3% screen-to-body ratio);IPS LCD, 90Hz, 850 nits (peak);N/A;N/A;N/A;N/A;Virtual proximity sensing;Fingerprint (side-mounted), accelerometer;2023, December 01;Available. Released 2023, December 01;N/A;LED flash, HDR, panorama;N/A;N/A;"108 MP, f/1.8, 24mm (wide), 1/1.67"", 0.64µm, PDAF
5 MP, f/2.2, (ultrawide)
2 MP, f/2.4, (depth)";1080p@30fps;N/A;microSDXC;128GB 6GB RAM, 128GB 8GB RAM, 256GB 6GB RAM, 256GB 8GB RAM, 256GB 12GB RAM;Flowing Silver, Emerald Green, Midnight Black;CLK-LX1, CLK-LX2, CLK-LX3;$ 345.00 / £ 104.99;N/A;N/A;GSM 850 / 900 / 1800 / 1900;HSDPA 850 / 900 / 1900 / 2100;LTE;N/A;HSPA, LTE;GSM / HSPA / LTE;N/A;N/A;N/A;N/A;N/A;N/A;N/A;Octa-core (4x2.4 GHz Kryo 265 Gold & 4x1.9 GHz Kryo 265 Silver);Qualcomm SM6225 Snapdragon 680 4G (6 nm);Adreno 610;Android 13, upgradable to Android 14, MagicOS 8;N/A;N/A;8 MP, f/2.0, (wide);1080p@30fps;24-bit/192kHz Hi-Res audio;Yes;Yes, with stereo speakers
24;Honor;Honor X6;https://www.gsmarena.com/honor_x6-11894.php;N/A;N/A;10W wired;Li-Po 5000 mAh;N/A;N/A;163.7 x 75.1 x 8.7 mm (6.44 x 2.96 x 0.34 in);Nano-SIM + Nano-SIM;194 g (6.84 oz);5.1, A2DP, LE;N/A;Yes (VNE-LX1 only);GPS, GLONASS, GALILEO, BDS;Unspecified;USB Type-C 2.0, OTG;Wi-Fi 802.11 a/b/g/n/ac, dual-band, Wi-Fi Direct;N/A;N/A;720 x 1600 pixels, 20:9 ratio (~270 ppi density);6.5 inches, 102.0 cm2 (~83.0% screen-to-body ratio);TFT LCD;N/A;N/A;N/A;N/A;N/A;Fingerprint (side-mounted), accelerometer, proximity;2022, September 21;Available. Released 2022, September 21;N/A;LED flash, HDR, panorama;N/A;N/A;"50 MP, f/1.8, (wide), PDAF
2 MP, f/2.4, (macro)
2 MP, f/2.4, (depth)";1080p@30fps;N/A;microSDXC;64GB 4GB RAM, 128GB 4GB RAM;Ocean Blue, Titanium Silver, Midnight Black;VNE-LX1, VNE-LX2, VNE-LX3;About 100 EUR;N/A;N/A;GSM 850 / 900 / 1800 / 1900;HSDPA 850 / 900 / 1900 / 2100;LTE;N/A;HSPA, LTE;GSM / HSPA / LTE;N/A;N/A;N/A;N/A;N/A;N/A;N/A;Octa-core (4x2.0 GHz Cortex-A53 & 4x1.5 GHz Cortex-A53);Mediatek MT6762G Helio G25 (12 nm);PowerVR GE8320;Android 12, Magic UI 6.1;N/A;N/A;5 MP, f/2.2, (wide);1080p@30fps;N/A;Yes;Yes
25;Honor;Honor X7d 4G;https://www.gsmarena.com/honor_x7d-14093.php;N/A;N/A;35W wired;Li-Po 6500 mAh;IP65 dust tight and water resistant (low pressure water jets);N/A;166.9 x 76.8 x 8.2 mm (6.57 x 3.02 x 0.32 in);Nano-SIM + Nano-SIM;208 g (7.34 oz);5.0, A2DP, LE;N/A;Yes (market/region dependent);GPS, GLONASS, GALILEO, BDS;No;USB Type-C 2.0, OTG;Wi-Fi 802.11 a/b/g/n/ac, dual-band, Wi-Fi Direct;N/A;Tempered glass;720 x 1610 pixels, 20:9 ratio (~261 ppi density);6.77 inches, 110.2 cm2 (~86.0% screen-to-body ratio);TFT LCD, 120Hz;N/A;N/A;N/A;N/A;N/A;Fingerprint (side-mounted), accelerometer, proximity, compass;2025, August 25;Coming soon. Exp. release 2025, September;"108 MP, f/1.8, 24mm (wide), 1/1.67"", 0.64µm, PDAF
2 MP, f/2.4, (depth)";LED flash, HDR;N/A;N/A;N/A;1080p@30fps;N/A;Unspecified;128GB 6GB RAM, 128GB 8GB RAM, 256GB 8GB RAM;Desert Gold, Ocean Cyan, Meteor Silver, Velvet Black;N/A;N/A;N/A;N/A;GSM 850 / 900 / 1800 / 1900;HSDPA 850 / 900 / 1900 / 2100;LTE;N/A;HSPA, LTE;GSM / HSPA / LTE;N/A;N/A;N/A;N/A;N/A;N/A;N/A;Octa-core (4x2.8 GHz Cortex-A73 & 4x1.9 GHz Cortex-A53);Qualcomm SM6225 Snapdragon 685 (6 nm);Adreno 610;Android 15, MagicOS 9;N/A;N/A;8 MP, f/2.0, (wide);1080p@30fps;N/A;No;Yes
26;Honor;Honor 50;https://www.gsmarena.com/honor_50-10962.php;N/A;N/A;66W wired, 70% in 20 min, 100% in 45 min;Li-Po 4300 mAh;N/A;Glass front, plastic frame, glass back;160 x 73.8 x 7.8 mm (6.30 x 2.91 x 0.31 in);Nano-SIMNano-SIM + Nano-SIM;175 g (6.17 oz);5.2, A2DP, LE, aptX HD;N/A;Yes;GPS, GLONASS, GALILEO, BDS, QZSS;No;USB Type-C 2.0, OTG;Wi-Fi 802.11 a/b/g/n/ac/6, dual-band, Wi-Fi Direct;N/A;N/A;1080 x 2340 pixels, 19.5:9 ratio (~392 ppi density);6.57 inches, 106.0 cm2 (~89.7% screen-to-body ratio);OLED, 1B colors, 120Hz;N/A;N/A;N/A;N/A;N/A;Fingerprint (under display, optical), accelerometer, gyro, proximity, compass;2021, June 16;Available. Released 2021, June 25;N/A;LED flash, HDR, panorama;"108 MP, f/1.9, (wide), 1/1.52"", 0.7µm, PDAF
8 MP, f/2.2, 120˚, 17mm (ultrawide)
2 MP, f/2.4, (macro)
2 MP, f/2.4, (depth)";N/A;N/A;4K@30fps, 1080p@30/60fps, gyro-EIS;N/A;No;128GB 6GB RAM, 128GB 8GB RAM, 256GB 8GB RAM, 256GB 12GB RAM;Frost Crystal, Amber Red, Emerald Green, Midnight Black, Honor Code;NTH-AN00, NTH-NX9;About 180 EUR;N/A;1, 5, 8, 41, 77, 78 SA/NSA - China;GSM 850 / 900 / 1800 / 1900;HSDPA 800 / 850 / 900 / 1700(AWS) / 1900 / 2100;1, 2, 3, 4, 5, 7, 8, 12, 17, 18, 19, 20, 26, 28, 34, 38, 39, 40, 41, 66 - International;1, 3, 7, 28, 38, 40, 41, 77, 78 SA/NSA - International;HSPA, LTE, 5G;GSM / CDMA / HSPA / CDMA2000 / LTE / 5G;N/A;N/A;Endurance rating 100h;Photo / Video;748 nits max brightness (measured);-28.2 LUFS (Average);"AnTuTu: 470348 (v9)
GeekBench: 2971 (v5.1)
GFXBench: 27fps (ES 3.1 onscreen)";Octa-core (1x2.4 GHz Cortex-A78 & 3x2.2 GHz Cortex-A78 & 4x1.9 GHz Cortex-A55);Qualcomm SM7325 Snapdragon 778G 5G (6 nm);Adreno 642L;Android 11, Magic UI 4.2;N/A;N/A;"32 MP, f/2.2, 22mm (wide), 1/3.14""";1080p@30fps;N/A;No;Yes
27;Honor;Honor 300 Ultra;https://www.gsmarena.com/honor_300_ultra-13537.php;N/A;N/A;"100W wired, 59% in 15 min
80W wireless, 39% in 15 min
5W reverse wired
Reverse wireless";Si/C Li-Ion 5300 mAh;IP65 dust tight and water resistant (low pressure water jets);Glass front, glass back or silicone polymer back (eco leather);163.8 x 75.3 x 8.2 mm (6.45 x 2.96 x 0.32 in);Nano-SIM + Nano-SIM;198 g (6.98 oz);5.3, A2DP, LE, aptX HD;Yes;Yes;GPS, GALILEO, GLONASS, QZSS, BDS (B1I+B1c);No;USB Type-C 2.0, OTG;Wi-Fi 802.11 a/b/g/n/ac/6/7, dual-band, Wi-Fi Direct;N/A;Giant rhino glass;1224 x 2700 pixels (~437 ppi density);6.78 inches, 111.5 cm2 (~90.4% screen-to-body ratio);AMOLED, 1B colors, 120Hz, HDR, 1200 nits (HBM), 4000 nits (peak);N/A;N/A;N/A;N/A;BDS Satellite Messaging;Fingerprint (under display, ultrasonic), accelerometer, gyro, compass, ultrasound proximity;2024, December 02;Available. Released 2024, December 07;N/A;LED flash, HDR, panorama;N/A;N/A;"50 MP, f/2.0, (wide), 1/1.56"", 1.0µm, PDAF, OIS
50 MP, f/3.0, (periscope telephoto), 1/2.51"", 0.7µm, PDAF, OIS, 3.8x optical zoom
12 MP, f/2.2, 112˚ (ultrawide), AF";4K, 1080p, gyro-EIS, OIS;N/A;No;512GB 12GB RAM, 1TB 16GB RAM;Black, White;N/A;About 550 EUR;N/A;N/A;GSM 850 / 900 / 1800 / 1900;HSDPA 800 / 850 / 900 / 1700(AWS) / 1900 / 2100;LTE;SA/NSA;HSPA, LTE, 5G;GSM / HSPA / LTE / 5G;N/A;N/A;N/A;N/A;N/A;N/A;N/A;Octa-core (1x3.0 GHz Cortex-X4 & 5x2.95 GHz Cortex-A720 & 2x2.0 GHz Cortex-A520);Qualcomm SM8650-AB Snapdragon 8 Gen 3 (4 nm);Adreno 750;Android 15, MagicOS 9;"50 MP, f/2.1, (wide)
2 MP, f/2.4, (depth)";HDR;N/A;4K, 1080p, gyro-EIS;N/A;No;Yes, with stereo speakers
28;Honor;Honor X9a;https://www.gsmarena.com/honor_x9a-12075.php;N/A;N/A;40W wired;Li-Po 5100 mAh;N/A;N/A;161.6 x 73.9 x 7.9 mm (6.36 x 2.91 x 0.31 in);Nano-SIM + Nano-SIM;175 g (6.17 oz);5.1, A2DP, LE, aptX HD;Yes;Yes;GPS, GLONASS, GALILEO, BDS;No;USB Type-C 2.0, OTG;Wi-Fi 802.11 a/b/g/n/ac, dual-band, Wi-Fi Direct;N/A;N/A;1080 x 2400 pixels, 20:9 ratio (~395 ppi density);6.67 inches, 107.4 cm2 (~89.9% screen-to-body ratio);AMOLED, 1B colors, 120Hz, 800 nits (HBM);N/A;N/A;N/A;N/A;N/A;Fingerprint (under display, optical), accelerometer, gyro, proximity, compass;2023, January 04;Available. Released 2023, January 06;"64 MP, f/1.8, (wide), PDAF
5 MP, f/2.2, (ultrawide)
2 MP, f/2.4, (macro)";LED flash, panorama, HDR;N/A;N/A;N/A;1080p@30fps;N/A;No;128GB 6GB RAM, 128GB 8GB RAM, 256GB 8GB RAM;Titanium Silver, Emerald Green, Midnight Black;RMO-NX1;$ 367.00;N/A;N/A;GSM 850 / 900 / 1800 / 1900;HSDPA 850 / 900 / 1900 / 2100;LTE;SA/NSA;HSPA, LTE, 5G;GSM / HSPA / LTE / 5G;N/A;N/A;N/A;N/A;N/A;N/A;N/A;Octa-core (2x2.2 GHz Kryo 660 Gold & 6x1.7 GHz Kryo 660 Silver);Qualcomm SM6375 Snapdragon 695 5G (6 nm);Adreno 619;Android 12, upgradable to Android 13, MagicOS 7;N/A;N/A;16 MP, f/2.5, (wide);1080p@30fps;24-bit/192kHz Hi-Res audio;No;Yes
29;Honor;Honor Play10;https://www.gsmarena.com/honor_play10-14126.php;N/A;N/A;"10W wired
Reverse wired";Li-Po 5000 mAh;Dust protected and water resistant (water splashes);N/A;167.7 x 77.7 x 8.6 mm (6.60 x 3.06 x 0.34 in);Nano-SIM + Nano-SIM;189 g (6.67 oz);5.1, A2DP, LE;N/A;No;GPS, GLONASS, GALILEO, BDS;FM radio;USB Type-C 2.0, OTG;Wi-Fi 802.11 a/b/g/n/ac, dual-band, Wi-Fi Direct;N/A;N/A;720 x 1600 pixels, 20:9 ratio (~260 ppi density);6.74 inches, 109.7 cm2 (~84.2% screen-to-body ratio);TFT LCD;N/A;N/A;N/A;N/A;N/A;Fingerprint (side-mounted), accelerometer, proximity;2025, September 08;Coming soon. Exp. release 2025, September;N/A;LED flash;N/A;13 MP, f/2.2, (wide), AF;N/A;1080p@30fps;N/A;microSDXC (uses shared SIM slot);64GB 3GB RAM, 128GB 4GB RAM;Ocean Cyan, Starry Purple, Midnight Black;ELA-LX3;N/A;N/A;N/A;GSM 850 / 900 / 1800 / 1900;HSDPA 850 / 900 / 1700(AWS) / 1900 / 2100;1, 2, 3, 4, 5, 7, 8, 13, 26, 28, 38, 40, 41, 66;N/A;HSPA, LTE;GSM / HSPA / LTE;N/A;N/A;N/A;N/A;N/A;N/A;N/A;Octa-core (2x2.0 GHz Cortex-A75 & 6x1.7 GHz Cortex-A55);Mediatek Helio G81 (12 nm);Mali-G52 MC2;Android 15 (Go edition);N/A;N/A;5 MP, f/2.2, (wide);1080p@30fps;N/A;Yes;Yes
30;Honor;Honor Magic4 Pro;https://www.gsmarena.com/honor_magic4_pro-11390.php;N/A;N/A;"100W wired, 100% in 30 min
100W wireless, 50% in 15 min
Reverse wireless
5W reverse wired";Li-Po 4600 mAh;IP68 dust tight and water resistant (immersible up to 1.5m for 30 min);Glass front, aluminum frame, glass back;163.6 x 74.7 x 9.1 mm or 9.2 mm;Nano-SIM + eSIMNano-SIM + Nano-SIM;209 g / 215 g (7.37 oz);5.2, A2DP, LE, aptX HD;Yes;Yes;GPS (L1+L5), GLONASS (L1), BDS (B1I+B1c+B2a), GALILEO (E1+E5a);No;USB Type-C 3.1, OTG;Wi-Fi 802.11 a/b/g/n/ac/6, dual-band, Wi-Fi Direct;N/A;Aluminosilicate glass;1312 x 2848 pixels, 19.5:9 ratio (~460 ppi density);6.81 inches, 113.7 cm2 (~93.0% screen-to-body ratio);LTPO OLED, 1B colors, 120Hz, HDR10+, 1000 nits (peak);N/A;N/A;N/A;N/A;N/A;Fingerprint (under display, ultrasonic), Face ID, accelerometer, gyro, proximity, compass;2022, February 28;Available. Released 2022, April 09;N/A;Laser AF, color spectrum sensor, LED flash, HDR, panorama;N/A;N/A;"50 MP, f/1.8, 23mm (wide), 1/1.56"", 1.0µm, multi-directional PDAF
50 MP, f/2.2, 122˚ (ultrawide), 1/2.5"", AF
64 MP, f/3.5, 90mm (periscope telephoto), 1/2.0"", 0.7µm, PDAF, OIS, 3.5x optical zoom
TOF 3D (depth)";4K@30/60fps, 1080p@30/60fps, gyro-EIS, HDR10, 10-bit video;N/A;No;256GB 8GB RAM, 256GB 12GB RAM, 512GB 12GB RAM;Black, White, Cyan, Gold, Orange;LGE-NX9, LGE-N49B, LGE-N19B, LGE-AN10, GBD-NX9;$ 1,169.00 / € 637.49 / £ 379.99;N/A;CDMA2000 1xEV-DO;GSM 850 / 900 / 1800 / 1900;HSDPA 800 / 850 / 900 / 1700(AWS) / 1900 / 2100;1, 2, 3, 4, 5, 7, 8, 12, 17, 18, 19, 20, 26, 28, 34, 38, 39, 40, 41 - China;1, 3, 5, 8, 28, 38, 41, 77, 78, 79 SA/NSA - China;HSPA, LTE, 5G;GSM / CDMA / HSPA / EVDO / LTE / 5G;N/A;N/A;Endurance rating 82h;Photo / Video;957 nits max brightness (measured);-23.6 LUFS (Very good);"AnTuTu: 980755 (v9)
GeekBench: 3512 (v5.1)
GFXBench: 59fps (ES 3.1 onscreen)";Octa-core (1x3.00 GHz Cortex-X2 & 3x2.50 GHz Cortex-A710 & 4x1.80 GHz Cortex-A510);Qualcomm SM8450 Snapdragon 8 Gen 1 (4 nm);Adreno 730;Android 12, Magic UI 6;N/A;HDR;"12 MP, f/2.4, 100˚ (ultrawide), 1.22µm
TOF 3D, (depth/biometrics sensor)";4K@30fps, 1080p@30fps;24-bit audio stereo recording;No;Yes, with stereo speakers
31;Honor;Honor X8b;https://www.gsmarena.com/honor_x8b-12748.php;N/A;N/A;35W wired;Li-Po 4500 mAh;N/A;N/A;161.1 x 74.6 x 6.8 mm (6.34 x 2.94 x 0.27 in);Nano-SIM + Nano-SIM;166 g (5.86 oz);5.0, A2DP, LE;N/A;No;GPS, GLONASS, GALILEO, BDS;No;USB Type-C 2.0, OTG;Wi-Fi 802.11 a/b/g/n/ac, dual-band, Wi-Fi Direct;N/A;N/A;1080 x 2412 pixels, 20:9 ratio (~394 ppi density);6.7 inches, 108.0 cm2 (~89.9% screen-to-body ratio);AMOLED, 90Hz, 1200 nits (HBM), 2000 nits (peak);N/A;N/A;N/A;N/A;Virtual proximity sensing;Fingerprint (side-mounted), accelerometer, compass;2023, December 14;Available. Released 2023, December 22;N/A;LED flash, HDR, panorama;N/A;N/A;"108 MP, f/1.8, 24mm (wide), 1/1.67"", PDAF
5 MP, f/2.2, (ultrawide)
2 MP, f/2.4, (macro)";1080p@30fps;N/A;No;128GB 8GB RAM, 256GB 6GB RAM, 256GB 8GB RAM, 512GB 8GB RAM;Glamorous Green, Titanium Silver, Midnight Black, Blue;LLY-LX1, LLY-LX2, LLY-LX3;$ 187.40 / € 177.47;N/A;N/A;GSM 850 / 900 / 1800 / 1900;HSDPA 850 / 900 / 1900 / 2100;LTE;N/A;HSPA, LTE;GSM / HSPA / LTE;N/A;N/A;N/A;N/A;N/A;N/A;N/A;Octa-core (4x2.4 GHz Kryo 265 Gold & 4x1.9 GHz Kryo 265 Silver);Qualcomm SM6225 Snapdragon 680 4G (6 nm);Adreno 610;Android 13, MagicOS 7.2;N/A;LED flash;50 MP, f/2.1, (wide);1080p@30fps;N/A;No;Yes
32;Honor;Honor 300;https://www.gsmarena.com/honor_300-13539.php;N/A;N/A;"100W wired, 53% in 15 min
5W reverse wired";Si/C Li-Ion 5300 mAh;IP65 dust tight and water resistant (low pressure water jets);N/A;161 x 74.2 x 7 mm (6.34 x 2.92 x 0.28 in);Nano-SIM + Nano-SIM;175 g (6.17 oz);5.3, A2DP, LE, aptX HD;Yes;Yes;GPS, GALILEO, GLONASS, QZSS, BDS (B1I+B1c);No;USB Type-C 2.0, OTG;Wi-Fi 802.11 a/b/g/n/ac/6, dual-band, Wi-Fi Direct;N/A;N/A;1200 x 2664 pixels (~436 ppi density);6.7 inches, 108.5 cm2 (~90.8% screen-to-body ratio);AMOLED, 1B colors, 120Hz, 1200 nits (HBM), 4000 nits (peak);N/A;N/A;N/A;N/A;N/A;Fingerprint (under display, optical), accelerometer, gyro, compass, ultrasound proximity;2024, December 02;Available. Released 2024, December 02;"50 MP, f/2.0, (wide), 1/1.56"", 1.0µm, PDAF, OIS
12 MP, f/2.2, 112˚ (ultrawide), AF";LED flash, HDR, panorama;N/A;N/A;N/A;4K, 1080p, gyro-EIS, OIS;N/A;No;256GB 8GB RAM, 256GB 12GB RAM, 512GB 12GB RAM, 512GB 16GB RAM;Black, White, Green, Purple, Gray;AMM-AN00;About 300 EUR;N/A;N/A;GSM 850 / 900 / 1800 / 1900;HSDPA 800 / 850 / 900 / 1700(AWS) / 1900 / 2100;LTE;SA/NSA;HSPA, LTE, 5G;GSM / HSPA / LTE / 5G;N/A;N/A;N/A;N/A;N/A;N/A;N/A;Octa-core (1x2.63 GHz Cortex-A715 & 3x2.4 GHz Cortex-A715 & 4x1.8 GHz Cortex-A510);Qualcomm SM7550-AB Snapdragon 7 Gen 3 (4 nm);Adreno 720;Android 15, MagicOS 9;N/A;HDR;50 MP, f/2.1, (wide);4K, 1080p, gyro-EIS;N/A;No;Yes, with stereo speakers
33;Honor;Honor Power;https://www.gsmarena.com/honor_power_5g-13794.php;N/A;N/A;"66W wired
5W reverse wired";Si/C Li-Ion 8000 mAh;Manufacturer-rated water-resistant (up to 50cm for 1 min);N/A;163.7 x 76.7 x 8 mm (6.44 x 3.02 x 0.31 in);Nano-SIM + Nano-SIM;209 g (7.37 oz);5.3, A2DP, LE, aptX HD;N/A;Yes;GPS (L1+L5), GLONASS, BDS (B1I+B1c+B2a), GALILEO (E5a+E5b), QZSS (L1+L5), NavIC (L1+L5);No;USB Type-C 2.0, OTG;Wi-Fi 802.11 a/b/g/n/ac/6, dual-band, Wi-Fi Direct;N/A;Scratch/drop-resistant glass;1224 x 2700 pixels (~437 ppi density);6.78 inches, 111.5 cm2 (~88.8% screen-to-body ratio);AMOLED, 1B colors, 120Hz, HDR, 4000 nits (peak);N/A;N/A;N/A;N/A;Satellite connectivity support (messaging only) - 512 GB model only;Fingerprint (under display, optical), accelerometer, gyro, compass, proximity (ultrasonic);2025, April 15;Available. Released 2025, April 18;"50 MP, f/2.0, (wide), 1/1.56"", 1.0µm, PDAF, OIS
5 MP, (ultrawide)";LED flash, HDR, panorama;N/A;N/A;N/A;4K@30fps, 1080p@30fps, gyro-EIS;N/A;No;256GB 8GB RAM, 256GB 12GB RAM, 512GB 12GB RAM;Black, White, Gold;DVD-AN00;About 240 EUR;N/A;N/A;GSM 850 / 900 / 1800 / 1900;HSDPA 850 / 900 / 1900 / 2100;LTE;SA/NSA;HSPA, LTE, 5G;GSM / HSPA / LTE / 5G;N/A;N/A;N/A;N/A;N/A;N/A;N/A;Octa-core (1x2.63 GHz Cortex-A715 & 3x2.4 GHz Cortex-A715 & 4x1.8 GHz Cortex-A510);Qualcomm SM7550-AB Snapdragon 7 Gen 3 (4 nm);Adreno 720;Android 15, MagicOS 9;N/A;N/A;16 MP, f/2.5, (wide);1080p@30fps;N/A;No;Yes, with stereo speakers
34;Honor;Honor 400;https://www.gsmarena.com/honor_400_5g-13799.php;N/A;N/A;"66W wired (for 5300 mAh), 44% in 15 min, 100% in 46 min
80W wired (for 6000 mAh), 40% in 15 min
5W reverse wired";Si/C Li-Ion 5300 mAh - EuropeSi/C Li-Ion 6000 mAh - ROW;"IP65 dust tight and water resistant (low pressure water jets)
IP66 dust tight and water resistant (high pressure water jets)
* market/region dependent availability";Glass front, plastic frame, plastic back;156.5 x 74.6 x 7.3 mm (6.16 x 2.94 x 0.29 in);Nano-SIM + Nano-SIM + eSIM (max 2 at a time)Nano-SIM + eSIM;184 g (6.49 oz);5.4, A2DP, LE, aptX HD;Yes;Yes;GPS, GALILEO, GLONASS, QZSS, BDS;No;USB Type-C 2.0, OTG;Wi-Fi 802.11 a/b/g/n/ac/6, dual-band, Wi-Fi Direct;N/A;Mohs level 4;1264 x 2736 pixels, 19.5:9 ratio (~460 ppi density);6.55 inches, 105.4 cm2 (~90.3% screen-to-body ratio);AMOLED, 1B colors, 120Hz, 3840Hz PWM, HDR, 5000 nits (peak);56:28h endurance, 1200 cycles;Class A;Class B (180 falls);Class B;N/A;Fingerprint (under display, optical), accelerometer, compass, proximity (ultrasonic);2025, May 22;Available. Released 2025, May 23;"200 MP, f/1.9, (wide), 1/1.4"", 0.56µm, PDAF, OIS
12 MP, f/2.2, 112˚ (ultrawide), AF";LED flash, HDR, panorama;N/A;N/A;N/A;4K, 1080p, gyro-EIS, OIS;N/A;No;256GB 8GB RAM, 256GB 12GB RAM, 512GB 8GB RAM, 512GB 12GB RAM;Midnight Black, Meteor Silver, Desert Gold, Tidal Blue;DNY-NX9;$ 570.00 / € 239.90 / £ 329.00;N/A;N/A;GSM 850 / 900 / 1800 / 1900;HSDPA 800 / 850 / 900 / 1700(AWS) / 1900 / 2100;LTE;SA/NSA;HSPA, LTE, 5G;GSM / HSPA / LTE / 5G;N/A;Active use score 12:29h;N/A;N/A;1550 nits max brightness (measured);-25.8 LUFS (Very good);"AnTuTu: 864286 (v10)
GeekBench: 3198 (v6)
3DMark: 1492 (Wild Life Extreme)";Octa-core (1x2.63 GHz Cortex-A715 & 3x2.4 GHz Cortex-A715 & 4x1.8 GHz Cortex-A510);Qualcomm SM7550-AB Snapdragon 7 Gen 3 (4 nm);Adreno 720;Android 15, up to 6 major Android upgrades, MagicOS 9;N/A;HDR;50 MP, f/2.0, (wide), 0.64µm;4K, 1080p, gyro-EIS;N/A;No;Yes, with stereo speakers
35;Honor;Honor 400 Pro;https://www.gsmarena.com/honor_400_pro_5g-13798.php;N/A;N/A;"100W wired, 51% in 15 min, 100% in 39 min
50W wireless
5W reverse wired
Reverse wireless";Si/C Li-Ion 5300 mAh - EuropeSi/C Li-Ion 6000 mAh - ROW;"IP68/IP69 dust tight and water resistant (high pressure water jets; immersible up to 1.5m for 30 min)";Glass front, glass back, plastic frame;160.8 x 76.1 x 8.1 mm (6.33 x 3.00 x 0.32 in);Nano-SIM + Nano-SIM + eSIM (max 2 at a time)Nano-SIM + eSIM;205 g (7.23 oz);5.4, A2DP, LE, aptX HD;Yes;Yes;GPS, GALILEO, GLONASS, QZSS, BDS;No;USB Type-C 2.0, OTG;Wi-Fi 802.11 a/b/g/n/ac/6e/7, dual-band or tri-band, Wi-Fi Direct;N/A;Mohs level 4;1280 x 2800 pixels, 19.5:9 ratio (~460 ppi density);6.7 inches, 109.5 cm2 (~89.5% screen-to-body ratio);AMOLED, 1B colors, 120Hz, 3840Hz PWM, HDR Vivid, 5000 nits (peak);56:27h endurance, 1200 cycles;Class A;Class A (270 falls);Class B;N/A;Fingerprint (under display, optical), accelerometer, compass, proximity (ultrasonic);2025, May 22;Available. Released 2025, May 23;N/A;LED flash, HDR, panorama;N/A;N/A;"200 MP, f/1.9, (wide), 1/1.4"", PDAF, OIS
50 MP, f/2.4, (telephoto), 1/2.0"", 0.8µm, PDAF, OIS, 3x optical zoom
12 MP, f/2.2, 112˚ (ultrawide), AF";4K, 1080p, gyro-EIS, OIS;N/A;No;256GB 12GB RAM, 512GB 12GB RAM;Midnight Black, Lunar Grey, Tidal Blue;DNP-NX9;$ 539.00 / € 597.47 / £ 539.99;N/A;N/A;GSM 850 / 900 / 1800 / 1900;HSDPA 800 / 850 / 900 / 1700(AWS) / 1900 / 2100;LTE;SA/NSA;HSPA, LTE, 5G;GSM / HSPA / LTE / 5G;N/A;Active use score 13:54h;N/A;N/A;1481 nits max brightness (measured);-23.4 LUFS (Very good);"AnTuTu: 1902675 (v10)
GeekBench: 6552 (v6)
3DMark: 4620 (Wild Life Extreme)";Octa-core (1x3.0 GHz Cortex-X4 & 5x2.95 GHz Cortex-A720 & 2x2.0 GHz Cortex-A520);Qualcomm SM8650-AB Snapdragon 8 Gen 3 (4 nm);Adreno 750;Android 15, up to 6 major Android upgrades, MagicOS 9;"50 MP, f/2.0, (wide)
2 MP, f/2.4, (depth)";HDR;N/A;4K, 1080p, gyro-EIS;N/A;No;Yes, with stereo speakers
36;Honor;Honor 400 Smart;https://www.gsmarena.com/honor_400_smart_5g-14054.php;N/A;N/A;35W wired;Li-Po 6500 mAh;IP64 dust tight and water resistant (water splashes);N/A;166.9 x 76.8 x 8.4 mm (6.57 x 3.02 x 0.33 in);Nano-SIM + Nano-SIM;189 g (6.67 oz);5.1, A2DP, LE;N/A;Yes;GPS, GLONASS, GALILEO, BDS;No;USB Type-C 2.0, OTG;Wi-Fi 802.11 a/b/g/n/ac, dual-band, Wi-Fi Direct;N/A;Scratch-resistant glass;720 x 1610 pixels, 20:9 ratio (~261 ppi density);6.77 inches, 110.2 cm2 (~86.0% screen-to-body ratio);TFT LCD, 120Hz, 700 nits (peak);N/A;N/A;N/A;N/A;N/A;Fingerprint (side-mounted), accelerometer, proximity, compass;2025, August 07;Available. Released 2025, August 09;"50 MP, f/1.8, (wide), PDAF
2 MP, f/2.4, (depth)";LED flash, HDR;N/A;N/A;N/A;1080p@30fps;N/A;No;128GB 4GB RAM;Black;LGN-NX1;N/A;N/A;N/A;GSM 850 / 900 / 1800 / 1900;HSDPA 850 / 900 / 1700(AWS) / 1900 / 2100;LTE;SA/NSA;HSPA, LTE, 5G;GSM / HSPA / LTE / 5G;N/A;N/A;N/A;N/A;N/A;N/A;N/A;Octa-core (2x2.3 GHz Cortex-A78 & 6x2.0 GHz Cortex-A55);Qualcomm SM6375 Snapdragon 6s Gen 3 (6 nm);Adreno 619;Android 15, Magic OS 9;N/A;N/A;5 MP, f/2.2, (wide);1080p@30fps;N/A;Yes;Yes, with stereo speakers
37;Honor;Honor 8X;https://www.gsmarena.com/honor_8x-9313.php;N/A;N/A;10W wired;Li-Po 3750 mAh, non-removable;N/A;Glass front (Gorilla Glass 3), glass back, aluminum frame;160.4 x 76.6 x 7.8 mm (6.31 x 3.02 x 0.31 in);Nano-SIM + Nano-SIM;175 g (6.17 oz);4.2, A2DP, LE, aptX;N/A;Yes (JSN-L21 only);GPS, GLONASS, BDS;FM radio;microUSB 2.0, OTG;Wi-Fi 802.11 a/b/g/n/ac, Wi-Fi Direct;N/A;Corning Gorilla Glass 3;1080 x 2340 pixels, 19.5:9 ratio (~397 ppi density);6.5 inches, 103.2 cm2 (~84.0% screen-to-body ratio);IPS LCD;N/A;N/A;N/A;N/A;N/A;Fingerprint (rear-mounted), accelerometer, gyro, proximity, compass;2018, September. Released 2018, September;Discontinued;"20 MP, f/1.8, 27 mm (wide), PDAF
2 MP, (depth)";LED flash, panorama, HDR;N/A;N/A;N/A;1080p@30/60fps, 480fps, stereo sound rec.;eMMC 5.1;microSDXC (dedicated slot);64GB 4GB RAM, 64GB 6GB RAM, 128GB 4GB RAM, 128GB 6GB RAM;Black, Blue, Red, Pink;JSN-L22, JSN-L42, JSN-L11, JSN-L21, JSN-L21, JSN-L23, JSN-AL00, JSN-TL00, JSN-AL00a;About 220 EUR;0.72 W/kg (head);CDMA 800 & TD-SCDMA;GSM 850 / 900 / 1800 / 1900;HSDPA 850 / 900 / 2100;1, 3, 5, 8, 38, 39, 40, 41;N/A;HSPA, LTE;GSM / CDMA / HSPA / LTE;Noise -92.3dB / Crosstalk -80.7dB;N/A;Endurance rating 96h;Photo / Video;Contrast ratio: 1234:1 (nominal), 3.113 (sunlight);Voice 67dB / Noise 72dB / Ring 81dB;"AnTuTu: 137276 (v7)
GeekBench: 5651 (v4.4)
GFXBench: 6.7fps (ES 3.1 onscreen)";Octa-core (4x2.2 GHz Cortex-A73 & 4x1.7 GHz Cortex-A53);Kirin 710 (12 nm);Mali-G51 MP4;Android 8.1 (Oreo), upgradable to Android 9.0 (Pie), EMUI 9.0;N/A;HDR;"16 MP, f/2.0, 26mm (wide), 1/3.06"", 1.0µm";1080p@30fps;N/A;Yes;Yes
38;Honor;Honor 200 Smart;https://www.gsmarena.com/honor_200_smart-13281.php;N/A;N/A;35W wired;Li-Po 5200 mAh;IP64 dust tight and water resistant (water splashes);N/A;166.9 x 76.8 x 8.1 mm (6.57 x 3.02 x 0.32 in);Nano-SIM + Nano-SIM;191 g or 193 g (6.74 oz);5.0, A2DP, LE;N/A;No;GPS, GLONASS, GALILEO, BDS;No;USB Type-C 2.0, OTG;Wi-Fi 802.11 a/b/g/n/ac, dual-band, Wi-Fi Direct;N/A;Aluminosilicate glass;1080 x 2412 pixels, 20:9 ratio (~389 ppi density);6.8 inches, 111.3 cm2 (~86.8% screen-to-body ratio);TFT LCD, 120Hz, 850 nits (peak);N/A;N/A;N/A;N/A;N/A;Fingerprint (side-mounted), accelerometer, proximity, compass;2024, September 17;Available. Released 2024, September 23;"50 MP, f/1.8, (wide), PDAF
2 MP, f/2.4, (depth)";LED flash, HDR;N/A;N/A;N/A;1080p@30fps;N/A;No;256GB 4GB RAM, 256GB 8GB RAM;Midnight Black, Forest Green;ALT-NX1;$ 189.00 / € 119.99 / £ 114.99;N/A;N/A;GSM 850 / 900 / 1800 / 1900;HSDPA 850 / 900 / 1700(AWS) / 1900 / 2100;LTE;SA/NSA;HSPA, LTE, 5G;GSM / HSPA / LTE / 5G;N/A;N/A;N/A;N/A;N/A;N/A;N/A;Octa-core (2x2.2 GHz Cortex-A78 & 6x1.95 GHz Cortex-A55);Qualcomm SM4450 Snapdragon 4 Gen 2 (4 nm);Adreno 613;Android 14, Magic OS 8;N/A;N/A;5 MP, f/2.2, (wide);1080p@30fps;24-bit/192kHz Hi-Res audio;Yes;Yes, with stereo speakers
39;Honor;Honor 400 Smart 4G;https://www.gsmarena.com/honor_400_smart-14142.php;N/A;N/A;"35W wired
5W reverse wired";Li-Po 6500 mAh;"IP54 dust protected and water resistant (water splashes)
Drop resistant up to 2m";N/A;166.9 x 76.8 x 8.2 mm (6.57 x 3.02 x 0.32 in);Nano-SIM + Nano-SIM;208 g (7.34 oz);5.0, A2DP, LE, aptX HD;N/A;Yes (market/region dependent);GPS, GLONASS, GALILEO, BDS;No;USB Type-C 2.0, OTG;Wi-Fi 802.11 a/b/g/n/ac, dual-band, Wi-Fi Direct;N/A;N/A;720 x 1610 pixels, 20:9 ratio (~261 ppi density);6.77 inches, 110.2 cm2 (~86.0% screen-to-body ratio);TFT LCD, 120Hz, 850 nits (HBM);N/A;N/A;N/A;N/A;N/A;Fingerprint (side-mounted), accelerometer, proximity, compass;2025, September 12;Coming soon. Exp. release 2025, September 30;"108 MP, f/1.8, (wide), PDAF
2 MP, f/2.4, (depth)";LED flash, HDR;N/A;N/A;N/A;1080p@30fps;N/A;No;128GB 6GB RAM, 256GB 8GB RAM;Desert Gold, Velvet Black;N/A;About 300 EUR;N/A;N/A;GSM 850 / 900 / 1800 / 1900;HSDPA 850 / 900 / 1700(AWS) / 1900 / 2100;LTE;N/A;HSPA, LTE;GSM / HSPA / LTE;N/A;N/A;N/A;N/A;N/A;N/A;N/A;Octa-core (4x2.8 GHz Cortex-A73 & 4x1.9 GHz Cortex-A53);Qualcomm SM6225 Snapdragon 685 (6 nm);Adreno 610;Android 15, Magic OS 9;N/A;N/A;8 MP, f/2.0, (wide);1080p@30fps;N/A;No;Yes, with stereo speakers
40;Honor;Honor 200;https://www.gsmarena.com/honor_200-13050.php;N/A;N/A;"100W wired, 57% in 15 min
5W reverse wired";Si/C Li-Ion 5200 mAh;N/A;N/A;161.5 x 74.6 x 7.7 mm (6.36 x 2.94 x 0.30 in);Nano-SIM + eSIMNano-SIM + Nano-SIM;187 g (6.60 oz);5.3, A2DP, LE, aptX HD;Yes;Yes;GPS, GALILEO, GLONASS, QZSS, BDS (B1I+B1c);No;USB Type-C 2.0, OTG;Wi-Fi 802.11 a/b/g/n/ac/6, dual-band, Wi-Fi Direct;N/A;N/A;1200 x 2664 pixels (~436 ppi density);6.7 inches, 108.5 cm2 (~90.0% screen-to-body ratio);OLED, 1B colors, 120Hz, 3840Hz PWM, HDR, 4000 nits (peak);N/A;N/A;N/A;N/A;Circle to Search;Fingerprint (under display, optical), accelerometer, gyro, compass, ultrasound proximity;2024, May 27;Available. Released 2024, May 31;N/A;LED flash, HDR, panorama;N/A;N/A;"50 MP, f/2.0, (wide), 1/1.56"", 1.0µm, PDAF, OIS
50 MP, f/2.4, (telephoto), PDAF, OIS, 2.5x optical zoom
12 MP, f/2.2, 112˚ (ultrawide), AF";4K@30fps, 1080p@30/60fps, gyro-EIS, OIS;N/A;No;256GB 8GB RAM, 256GB 12GB RAM, 256GB 16GB RAM, 512GB 12GB RAM, 512GB 16GB RAM;Coral Pink, Moonlight White, Emerald Green, Black;ELI-AN00, ELI-NX9;$ 499.00 / € 269.99 / ₹ 28,990;N/A;CDMA2000 1x;GSM 850 / 900 / 1800 / 1900;HSDPA 800 / 850 / 900 / 1700(AWS) / 1900 / 2100;LTE;SA/NSA;HSPA, LTE, 5G;GSM / CDMA / HSPA / CDMA2000 / LTE / 5G;N/A;N/A;N/A;N/A;N/A;N/A;N/A;Octa-core (1x2.63 GHz Cortex-A715 & 4x2.4 GHz Cortex-A715 & 3x1.8 GHz Cortex-A510);Qualcomm SM7550-AB Snapdragon 7 Gen 3 (4 nm);Adreno 720;Android 14, MagicOS 8;N/A;HDR;50 MP, f/2.1, (wide);4K@30fps, 1080p@30fps, gyro-EIS;N/A;No;Yes, with stereo speakers
41;Honor;Honor GT Pro;https://www.gsmarena.com/honor_gt_pro_5g-13810.php;N/A;N/A;"90W wired
5W reverse wired";Si/C Li-Ion 7200 mAh;"IP68/IP69 dust tight and water resistant (high pressure water jets; immersible up to 1.5m for 30 min)";Glass front (Giant rhino glass), aluminum frame, polymer fiber back;162.1 x 75.7 x 8.6 mm (6.38 x 2.98 x 0.34 in);Nano-SIM + Nano-SIM;212 g (7.48 oz);5.4, A2DP, LE, aptX HD, aptX Adaptive;Yes;Yes;GPS (L1+L5), BDS (B1I+B1c+B2a), GALILEO (E5a+E5b), QZSS (L1+L5), NavIC (L1+L5), GLONASS;No;USB Type-C, OTG;Wi-Fi 802.11 a/b/g/n/ac/6/7, dual-band, Wi-Fi Direct;Ultra HDR image support;Giant rhino glass;1224 x 2800 pixels (~453 ppi density);6.78 inches, 107.9 cm2 (~87.9% screen-to-body ratio);LTPO AMOLED, 1B colors, 144Hz, 4320Hz PWM, HDR Vivid, 1600 nits (HBM), 6000 nits (peak);N/A;N/A;N/A;N/A;N/A;Fingerprint (under display, ultrasonic), accelerometer, proximity, gyro, compass;2025, April 23;Available. Released 2025, April 23;N/A;LED flash, HDR, panorama;N/A;N/A;"50 MP, f/2.0, (wide), 1/1.56"", 1.0µm, PDAF, OIS
50 MP, f/2.4, (telephoto), 1/2.0"", 0.8µm, PDAF, OIS, 3x optical zoom
50 MP, f/2.0, 122˚ (ultrawide), AF";4K@24/30/60fps, 1080p@30/60/120/240fps, gyro-EIS, OIS, HDR Vivid;UFS 4.1;No;256GB 12GB RAM, 512GB 12GB RAM, 512GB 16GB RAM, 1TB 16GB RAM;Black, White, Gold;PPG-AN00;About 440 EUR;N/A;N/A;GSM 850 / 900 / 1800 / 1900;HSDPA 800 / 850 / 900 / 1700(AWS) / 1900 / 2100;LTE;SA/NSA;HSPA, LTE, 5G;GSM / HSPA / LTE / 5G;N/A;N/A;N/A;N/A;N/A;N/A;N/A;Octa-core (2x4.47 GHz Oryon V2 Phoenix L + 6x3.53 GHz Oryon V2 Phoenix M);Qualcomm SM8750-AB Snapdragon 8 Elite (3 nm);Adreno 830;Android 15, MagicOS 9;N/A;HDR;50 MP, f/2.0, 22mm (wide);4K@30/60fps, 1080p@30/60fps, gyro-EIS;N/A;No;Yes, with stereo speakers
42;Honor;Honor X7c 4G;https://www.gsmarena.com/honor_x7c-13416.php;N/A;N/A;35W wired;Li-Po 5200/6000 mAh (market/region dependent);IP64 dust tight and water resistant (water splashes);N/A;166.9 x 76.8 x 8.1 mm (6.57 x 3.02 x 0.32 in);Nano-SIM + Nano-SIM;194 g or 196 g (6.84 oz);5.0, A2DP, LE;N/A;Yes (market/region dependent);GPS, GLONASS, GALILEO, BDS;No;USB Type-C 2.0, OTG;Wi-Fi 802.11 a/b/g/n/ac, dual-band, Wi-Fi Direct;N/A;Tempered glass;720 x 1610 pixels, 20:9 ratio (~261 ppi density);6.77 inches, 110.2 cm2 (~86.0% screen-to-body ratio);TFT LCD, 120Hz;N/A;N/A;N/A;N/A;N/A;Fingerprint (side-mounted), accelerometer, proximity, compass;2024, October 18;Available. Released 2024, October 18;"108 MP, f/1.8, 24mm (wide), 1/1.67"", 0.64µm, PDAF
2 MP, f/2.4, (depth)";LED flash, HDR;N/A;N/A;N/A;1080p@30fps;N/A;Unspecified;128GB 6GB RAM, 128GB 8GB RAM, 256GB 4GB RAM, 256GB 8GB RAM, 512GB 8GB RAM;Midnight Black, Forest Green, Moonlight White;ALT-LX2;N/A;N/A;N/A;GSM 850 / 900 / 1800 / 1900;HSDPA 850 / 900 / 1900 / 2100;LTE;N/A;HSPA, LTE;GSM / HSPA / LTE;N/A;N/A;N/A;N/A;N/A;N/A;N/A;Octa-core (4x2.8 GHz Cortex-A73 & 4x1.9 GHz Cortex-A53);Qualcomm SM6225 Snapdragon 685 (6 nm);Adreno 610;Android 14, MagicOS 8;N/A;N/A;8 MP, f/2.0, (wide);1080p@30fps;24-bit/192kHz Hi-Res audio;Yes;Yes, with stereo speakers
43;Honor;Honor X9c Smart;https://www.gsmarena.com/honor_x9c_smart-13536.php;N/A;N/A;"35W wired
5W reverse wired";Li-Po 5800 mAh;Waterproof;N/A;166 x 75.8 x 7.9 mm (6.54 x 2.98 x 0.31 in);Nano-SIM + Nano-SIM;193 g (6.81 oz);5.3, A2DP, LE, aptX HD;N/A;Yes (market/region dependent);GPS, GLONASS, GALILEO, BDS;No;USB Type-C 2.0, OTG;Wi-Fi 802.11 a/b/g/n/ac, dual-band, Wi-Fi Direct;N/A;N/A;1080 x 2412 pixels, 20:9 ratio (~389 ppi density);6.8 inches, 111.3 cm2 (~88.4% screen-to-body ratio);TFT LCD, 120Hz, 850 (HBM);N/A;N/A;N/A;N/A;N/A;Fingerprint (side-mounted, optical), accelerometer, gyro, proximity (ultrasound), compass;2024, December 02;Available. Released 2024, December 08;"108 MP, f/1.8, (wide), 1/1.67"", PDAF
5 MP, f/2.2, (ultrawide)";LED flash, panorama, HDR;N/A;N/A;N/A;1080p@30fps;N/A;No;256GB 8GB RAM, 256GB 12GB RAM;Ocean Cyan, Moonlight White;N/A;N/A;N/A;N/A;GSM 850 / 900 / 1800 / 1900;HSDPA 850 / 900 / 1900 / 2100;LTE;SA/NSA;HSPA, LTE, 5G;GSM / HSPA / LTE / 5G;N/A;N/A;N/A;N/A;N/A;N/A;N/A;Octa-core (2x2.5 GHz Cortex-A78 & 6x2.0 GHz Cortex-A55);Mediatek Dimensity 7025 Ultra (6 nm);IMG BXM-8-256;Android 14, Magic OS 8;N/A;N/A;16 MP, f/2.5, (wide);1080p@30fps;N/A;No;Yes
44;Honor;Honor Magic V Flip 2;https://www.gsmarena.com/honor_magic_v_flip_2_5g-14080.php;N/A;N/A;"80W wired, 100% in 42 min
50W wireless
5W reverse wired
Reverse wireless";Si/C Li-Po 5500 mAh;"IP58/IP59 dust protected and water resistant (high pressure water jets; immersible up to 1m for 30 min)";Aluminum frame;Unfolded: 167.1 x 75.6 x 6.9 mm Folded: 86.2 x 75.6 x 15.5 mm;Nano-SIM + Nano-SIM;204 g (7.20 oz);5.4, A2DP, LE, aptX HD, aptX Adaptive, ASHA;Yes;Yes;GPS (L1+L5), BDS (B1I+B1C+B2a+B2b), GALILEO (E1+E5a+E5b), QZSS (L1+L5), NavIC (L5), GLONASS;No;USB Type-C 2.0, OTG;Wi-Fi 802.11 a/b/g/n/ac/6, dual-band, Wi-Fi Direct;"Cover display:
LTPO OLED, 4 inch, 1200 x 1092 pixels, 405 ppi, 120Hz, HDR, Dolby Vision, 3600 nits (peak), 3840Hz PWM";N/A;1232 x 2868 pixels, 21:9 ratio (~458 ppi density);6.82 inches, 108.8 cm2 (~86.1% screen-to-body ratio);Foldable LTPO OLED, 1B colors, 120Hz, 4320Hz PWM, HDR, Dolby Vision, BT.2020, 5000 nits (peak);N/A;N/A;N/A;N/A;N/A;Fingerprint (side-mounted), gyro, accelerometer, proximity (ultrasonic), compass;2025, August 21;Available. Released 2025, August 21;"200 MP, f/1.9, (wide), 1/1.3"", 0.6µm, multi-directional PDAF, OIS
50 MP, f/2.0, 120˚ (ultrawide), AF";LED flash, HDR, panorama;N/A;N/A;N/A;4K, 1080p, gyro-EIS;N/A;No;256GB 12GB RAM, 512GB 12GB RAM, 1TB 12GB RAM, 1TB 16GB RAM;Purple, Silver, Gray, Blue;CLE-AN00;N/A;N/A;CDMA2000 1x;GSM 850 / 900 / 1800 / 1900;HSDPA 800 / 850 / 900 / 1700(AWS) / 1900 / 2100;LTE;SA/NSA;HSPA, LTE, 5G;GSM / CDMA / HSPA / CDMA2000 / LTE / 5G;N/A;Active use score 12:43h;N/A;N/A;N/A;-25.4 LUFS (Very good);N/A;Octa-core (1x3.3 GHz Cortex-X4 & 3x3.2 GHz Cortex-A720 & 2x3.0 GHz Cortex-A720 & 2x2.3 GHz Cortex-A520);Qualcomm SM8650-AB Snapdragon 8 Gen 3 (4 nm);Adreno 750;Android 15, MagicOS 9;N/A;N/A;50 MP, f/2.0, (wide), AF;4K, 1080p;N/A;No;Yes, with stereo speakers
45;Honor;Honor X8c;https://www.gsmarena.com/honor_x8c-13621.php;N/A;N/A;35W wired;Li-Po 5000 mAh;"IP64 dust tight and water resistant (water splashes); (up to 0.25m for 3 min, 0.5m for 1 min)
Drop resistant up to 1.8m";Glass front, plastic frame, plastic back or silicone polymer back (eco leather);161.1 x 74.6 x 7.1 mm (6.34 x 2.94 x 0.28 in);Nano-SIM + Nano-SIM;174 g (6.14 oz);5.0/5.1, A2DP, LE;N/A;Yes (market/region dependent);GPS, GLONASS, GALILEO, BDS;No;USB Type-C 2.0, OTG;Wi-Fi 802.11 a/b/g/n/ac, dual-band, Wi-Fi Direct;N/A;N/A;1080 x 2412 pixels, 20:9 ratio (~394 ppi density);6.7 inches, 108.0 cm2 (~89.9% screen-to-body ratio);AMOLED, 120Hz, 1200 nits (HBM), 2800 nits (peak);N/A;N/A;N/A;N/A;N/A;Fingerprint (under display, optical), accelerometer, gyro, compass, proximity (ultrasonic);2025, January 14;Available. Released 2025, January 20;"108 MP, f/1.8, 24mm (wide), 1/1.67"", PDAF, OIS
5 MP, f/2.2, (ultrawide)";LED flash, HDR, panorama;N/A;N/A;N/A;1080p@30fps, gyro-EIS;N/A;No;128GB 6GB RAM, 128GB 8GB RAM, 256GB 8GB RAM, 512GB 8GB RAM;Marrs Green, Midnight Black, Moonlight White, Cloud Purple;ABR-LX1, ABR-LX2, ABR-LX3;$ 365.00 / € 189.90 / £ 159.00;N/A;N/A;GSM 850 / 900 / 1800 / 1900;HSDPA 850 / 900 / 1900 / 2100;LTE;N/A;HSPA, LTE;GSM / HSPA / LTE;N/A;N/A;N/A;N/A;N/A;N/A;N/A;Octa-core (4x2.8 GHz Cortex-A73 & 4x1.9 GHz Cortex-A53);Qualcomm SM6225 Snapdragon 685 (6 nm);Adreno 610;Android 15, MagicOS 9;N/A;N/A;50 MP, f/2.1, (wide);1080p@30fps;N/A;No;Yes
46;Honor;Honor X5c Plus;https://www.gsmarena.com/honor_x5c_plus-14156.php;N/A;N/A;10W wired;5620 mAh;Dust protected and water resistant (water splashes);N/A;-;Nano-SIM + Nano-SIM;-;5.1, A2DP, LE;N/A;Yes (market/region dependent);GPS, GLONASS, GALILEO, BDS;FM radio;USB Type-C 2.0, OTG;Wi-Fi 802.11 a/b/g/n/ac, dual-band, Wi-Fi Direct;N/A;N/A;720 x 1600 pixels, 20:9 ratio (~260 ppi density);6.74 inches, 109.7 cm2;TFT LCD;N/A;N/A;N/A;N/A;N/A;Fingerprint (side-mounted), accelerometer, proximity;Not announced yet;Rumored;N/A;LED flash, HDR, panorama;N/A;"50 MP, f/1.8, (wide), PDAF
2 MP, (depth)";N/A;1080p@30fps;N/A;microSDXC (uses shared SIM slot);128GB 4GB RAM;Black, Cyan, Silver;N/A;About 120 EUR;N/A;N/A;GSM 850 / 900 / 1800 / 1900;HSDPA 850 / 900 / 1700(AWS) / 1900 / 2100;LTE;N/A;HSPA, LTE;GSM / HSPA / LTE;N/A;N/A;N/A;N/A;N/A;N/A;N/A;Octa-core (2x2.0 GHz Cortex-A75 & 6x1.7 GHz Cortex-A55);Mediatek Helio G81 (12 nm);Mali-G52 MC2;Android 15, MagicOS 9;N/A;N/A;5 MP, f/2.2, (wide);1080p@30fps;N/A;Yes;Yes
47;Honor;Honor X70;https://www.gsmarena.com/honor_x70_5g-13994.php;N/A;N/A;"80W wired
80W wireless (512GB model only)
Reverse wireless (512GB model only)
5W reverse wired";Si/C Li-Ion 8300 mAh;"IP68/IP69K dust tight and water resistant (high pressure water jets; immersible up to 6m)
Drop resistant up to 2.5m";N/A;161.9 x 76.1 x 7.8 or 8.0 mm;Nano-SIM + Nano-SIM;193 g or 199 g (6.81 oz);5.2, A2DP, LE, aptX HD, aptX Adaptive, ASHA;Yes;Yes;GPS (L1+L5), BDS (B1I+B1c+B2a), GALILEO (E1+E5a), QZSS (L1+L5), NavIC (L5), GLONASS;No;USB Type-C 2.0, OTG;Wi-Fi 802.11 a/b/g/n/ac/6, dual-band, Wi-Fi Direct;N/A;Aluminosilicate glass;1200 x 2640 pixels (~427 ppi density);6.79 inches, 112.1 cm2 (~90.9% screen-to-body ratio);AMOLED, 1B colors, 120Hz, 3840Hz PWM, HDR, 800 nits (typ), 1800 nits (HBM), 6000 nits (peak);N/A;N/A;N/A;N/A;N/A;Fingerprint (under display, optical), accelerometer, compass, gyro, proximity (ultrasound);2025, July 15;Available. Released 2025, July 18;N/A;LED flash, panorama, HDR;N/A;50 MP, f/1.9, (wide), PDAF, OIS;N/A;4K@30fps, 1080p@30fps, gyro-EIS;N/A;No;128GB 8GB RAM, 256GB 8GB RAM, 256GB 12GB RAM, 512GB 12GB RAM;Black, Green, White, Red;MTN-AN00;About 170 EUR;N/A;CDMA2000 1x;GSM 850 / 900 / 1800 / 1900;HSDPA 850 / 900 / 1700(AWS) / 1900 / 2100;LTE;SA/NSA;HSPA, LTE, 5G;GSM / CDMA / HSPA / CDMA2000 / LTE / 5G;N/A;N/A;N/A;N/A;N/A;N/A;N/A;Octa-core (1x2.3 GHz Cortex-A720s & 3x2.2 GHz Cortex-A720s & 4x1.8 GHz Cortex-A520s);Qualcomm Snapdragon 6 Gen 4 (4 nm);Adreno 810;Android 15, Magic OS 9;N/A;N/A;8 MP, f/2.0, (wide);1080p@30fps;N/A;No;Yes, with stereo speakers
48;Honor;Honor X5b Plus;https://www.gsmarena.com/honor_x5b_plus-13464.php;N/A;N/A;10W wired;Li-Po 5200 mAh;N/A;N/A;163.9 x 75.8 x 8.7 mm (6.45 x 2.98 x 0.34 in);Nano-SIM + Nano-SIM;194 g (6.84 oz);5.1, A2DP, LE, aptX HD;N/A;No;GPS, GLONASS, GALILEO, BDS;Unspecified;USB Type-C 2.0, OTG;Wi-Fi 802.11 a/b/g/n/ac, dual-band, Wi-Fi Direct;N/A;N/A;720 x 1612 pixels, 20:9 ratio (~269 ppi density);6.56 inches, 103.4 cm2 (~83.2% screen-to-body ratio);TFT LCD, 90Hz, 530 nits (HBM);N/A;N/A;N/A;N/A;N/A;Fingerprint (side-mounted), accelerometer, proximity;2024, October 22;Available. Released 2024, October;N/A;LED flash;N/A;"50 MP, f/1.8, (wide)
Auxiliary lens";N/A;1080p@30fps;N/A;microSDXC;128GB 4GB RAM, 256GB 4GB RAM;Ocean Blue, Starry Purple, Midnight Black;GFY-LX2P, GFY-LX2;About 100 EUR;N/A;N/A;GSM 850 / 900 / 1800 / 1900;HSDPA 850 / 900 / 1900 / 2100;LTE;N/A;HSPA, LTE;GSM / HSPA / LTE;N/A;N/A;N/A;N/A;N/A;N/A;N/A;Octa-core (4x2.2 GHz Cortex-A53 & 4x1.6 GHz Cortex-A53);Mediatek Helio G36 (12 nm);PowerVR GE8320;Android 14, Magic OS 8;N/A;N/A;5 MP, f/2.2, (wide);1080p@30fps;N/A;Yes;Yes
49;Honor;Honor X7;https://www.gsmarena.com/honor_x7-11452.php;N/A;N/A;22.5W wired;Li-Po 5000 mAh;N/A;Glass front, plastic back, plastic frame;167.6 x 77.2 x 8.6 mm (6.60 x 3.04 x 0.34 in);Nano-SIMNano-SIM + Nano-SIM;198 g (6.98 oz);5.1, A2DP, LE;N/A;Yes (market/region dependent);GPS, BDS;No;USB Type-C 2.0, OTG;Wi-Fi 802.11 a/b/g/n/ac, dual-band, Wi-Fi Direct;N/A;N/A;720 x 1600 pixels, 20:9 ratio (~260 ppi density);6.74 inches, 109.7 cm2 (~84.8% screen-to-body ratio);IPS LCD, 90Hz;N/A;N/A;N/A;N/A;Virtual proximity sensing;Fingerprint (side-mounted), accelerometer, compass;2022, March 30;Available. Released 2022, April 14;"48 MP, f/1.8, (wide), PDAF
5 MP, f/2.2, (ultrawide)
2 MP, f/2.4, (macro)
2 MP, f/2.4, (depth)";LED flash, HDR, panorama;N/A;N/A;N/A;1080p@30fps;eMMC 5.1;microSDXC (uses shared SIM slot);128GB 4GB RAM, 128GB 6GB RAM;Ocean Blue, Titanium Silver;CMA-LX2, CMA-LX1, CMA-LX3;About 90 EUR;N/A;N/A;GSM 850 / 900 / 1800 / 1900;HSDPA 850 / 900 / 2100;LTE;N/A;HSPA, LTE;GSM / HSPA / LTE;N/A;N/A;N/A;N/A;N/A;N/A;N/A;Octa-core (4x2.4 GHz Kryo 265 Gold & 4x1.9 GHz Kryo 265 Silver);Qualcomm SM6225 Snapdragon 680 4G (6 nm);Adreno 610;Android 11, Magic UI 4.2;N/A;N/A;8 MP, f/2.0, (wide);1080p@30fps;N/A;Yes;Yes
50;Honor;Honor Magic5 Lite;https://www.gsmarena.com/honor_magic5_lite-12107.php;N/A;N/A;40W wired;Li-Po 5100 mAh;N/A;Glass front, plastic frame, plastic back;161.6 x 73.9 x 7.9 mm (6.36 x 2.91 x 0.31 in);Nano-SIM + Nano-SIM;175 g (6.17 oz);5.1, A2DP, LE;N/A;Yes;GPS, GLONASS, GALILEO, BDS;No;USB Type-C 2.0, OTG;Wi-Fi 802.11 a/b/g/n/ac, dual-band, Wi-Fi Direct;N/A;Scratch/drop-resistant glass;1080 x 2400 pixels, 20:9 ratio (~395 ppi density);6.67 inches, 107.4 cm2 (~89.9% screen-to-body ratio);AMOLED, 1B colors, 120Hz, 800 nits (HBM);N/A;N/A;N/A;N/A;N/A;Fingerprint (under display, optical), accelerometer, gyro, proximity, compass;2023, February 15;Available. Released 2023, February 20;"64 MP, f/1.8, (wide), PDAF
5 MP, f/2.2, (ultrawide)
2 MP, f/2.4, (macro)";LED flash, panorama, HDR;N/A;N/A;N/A;1080p@30fps;N/A;No;128GB 6GB RAM, 256GB 6GB RAM, 256GB 8GB RAM;Midnight Black, Emerald Green, Titanium Silver;RMO-NX1, RMO-NX3;About 190 EUR;N/A;N/A;GSM 850 / 900 / 1800 / 1900;HSDPA 850 / 900 / 1900 / 2100;LTE;SA/NSA;HSPA, LTE, 5G;GSM / HSPA / LTE / 5G;N/A;N/A;Endurance rating 111h;Photo / Video;864 nits max brightness (measured);-31.4 LUFS (Below average);"AnTuTu: 387250 (v9)
GeekBench: 1912 (v5.1)
GFXBench: 18fps (ES 3.1 onscreen)";Octa-core (2x2.2 GHz Kryo 660 Gold & 6x1.7 GHz Kryo 660 Silver);Qualcomm SM6375 Snapdragon 695 5G (6 nm);Adreno 619;Android 12, upgradable to Android 13, MagicOS 7.1;N/A;N/A;16 MP, f/2.5, (wide);1080p@30fps;N/A;No;Yes
51;Honor;Honor Magic7;https://www.gsmarena.com/honor_magic7-13481.php;N/A;N/A;"100W wired
80W wireless
Reverse wireless
5W reverse wired";Si/C Li-Ion 5650 mAh;"IP68/IP69 dust tight and water resistant (high pressure water jets; immersible up to 1.5m for 30 min)";N/A;162.1 x 75.8 x 8 mm (6.38 x 2.98 x 0.31 in);Nano-SIM + Nano-SIM;199 g (7.02 oz);5.4, A2DP, LE, aptX HD;Yes;Yes;GPS (L1+L5), GLONASS, BDS (B1I+B1c+B2a), GALILEO (E1+E5a);No;USB Type-C 2.0, OTG;Wi-Fi 802.11 a/b/g/n/ac/6/7, dual-band, Wi-Fi Direct;HDR image support;Giant rhino glass;1264 x 2800 pixels (~453 ppi density);6.78 inches, 111.2 cm2 (~90.5% screen-to-body ratio);LTPO OLED, 1B colors, 120Hz, 4320Hz PWM, Dolby Vision, HDR, 1600 nits (HBM), 5000 nits (peak);N/A;N/A;N/A;N/A;Emergency SOS via satellite (messages and calls);Fingerprint (under display, ultrasonic), accelerometer, gyro, proximity, compass;2024, October 30;Available. Released 2024, November 08;N/A;Laser AF, color spectrum sensor, LED flash, HDR, panorama;N/A;N/A;"50 MP, f/1.9, 24mm (wide), 1/1.3"", 1.2µm, dual pixel PDAF
50 MP, f/2.4, 68mm (telephoto), PDAF, OIS, 3x optical zoom
50 MP, f/2.0, 12mm, 122˚ (ultrawide), 1/2.88"", 0.61µm, dual pixel PDAF";4K@24/30/60fps, 1080p@24/30/60/120/240fps, gyro-EIS, OIS, HDR, 10-bit video;UFS 4.0;No;256GB 12GB RAM, 512GB 12GB RAM, 512GB 16GB RAM, 1TB 16GB RAM;Black, White, Gray, Blue, Gold;PTP-AN00;About 580 EUR;N/A;N/A;GSM 850 / 900 / 1800 / 1900;HSDPA 800 / 850 / 900 / 1700(AWS) / 1900 / 2100;LTE;SA/NSA;HSPA, LTE, 5G;GSM / HSPA / LTE / 5G;N/A;N/A;N/A;N/A;N/A;N/A;N/A;Octa-core (2x4.32 GHz Oryon V2 Phoenix L + 6x3.53 GHz Oryon V2 Phoenix M);Qualcomm SM8750-AB Snapdragon 8 Elite (3 nm);Adreno 830;Android 15, MagicOS 9;N/A;N/A;"50 MP, f/2.0, 22mm (wide), 1/2.93"", 0.6µm";4K@30/60fps, 1080p@30/60fps, gyro-EIS;N/A;No;Yes, with large amplitude stereo speakers
52;Honor;Honor Magic7 Pro;https://www.gsmarena.com/honor_magic7_pro-13480.php;N/A;N/A;"100W wired, 100% in 33 min
80W wireless, 100% in 44 min
Reverse wireless
5W reverse wired";Si/C Li-Ion 5850 mAh (Global)Si/C Li-Ion 5270 mAh (Europe only);"IP68/IP69 dust tight and water resistant (high pressure water jets; immersible up to 1.5m for 30 min)";Glass front (NanoCrystal Shield), glass back;162.7 x 77.1 x 8.8 mm (6.41 x 3.04 x 0.35 in);Nano-SIM + eSIMeSIM + eSIMNano-SIM + Nano-SIM;223 g (7.87 oz);5.4, A2DP, LE, aptX HD;Yes;Yes;GPS (L1+L5), GLONASS, BDS (B1I+B1c+B2a), GALILEO (E1+E5a);No;USB Type-C 3.2, DisplayPort 1.2, OTG;Wi-Fi 802.11 a/b/g/n/ac/6/7, dual-band, Wi-Fi Direct;HDR image support;NanoCrystal Shield, Mohs level 5;1280 x 2800 pixels, 19.5:9 ratio (~453 ppi density);6.8 inches, 112.8 cm2 (~89.9% screen-to-body ratio);LTPO OLED, 1B colors, 120Hz, 4320Hz PWM, Dolby Vision, HDR Vivid, 1600 nits (HBM), 5000 nits (peak);56:27h endurance, 1200 cycles;Class A;Class C (90 falls);Class B;Emergency SOS via satellite (messages and calls) - China only;Fingerprint (under display, ultrasonic), Face ID, accelerometer, gyro, proximity, compass;2024, October 30;Available. Released 2024, November 08;N/A;Laser AF, color spectrum sensor, LED flash, HDR, panorama;N/A;N/A;"50 MP, f/1.4-2.0, 24mm (wide), 1/1.3"", 1.2µm, multi-directional PDAF, OIS
200 MP, f/2.6, 72mm (periscope telephoto), 1/1.4"", 0.56µm, multi-directional PDAF, OIS, 3x optical zoom
50 MP, f/2.0, 12mm, 122˚ (ultrawide), 1/2.88"", 0.61µm, PDAF";4K@24/30/60fps, 1080p@24/30/60/120/240fps, gyro-EIS, OIS, HDR, 10-bit video;UFS 4.0;No;256GB 12GB RAM, 512GB 12GB RAM, 512GB 16GB RAM, 1TB 16GB RAM;Lunar shadow Grey, Breeze Blue, Black, White;PTP-N49, PTP-AN10;$ 791.78 / € 899.00;N/A;N/A;GSM 850 / 900 / 1800 / 1900;HSDPA 800 / 850 / 900 / 1700(AWS) / 1900 / 2100;LTE;SA/NSA;HSPA, LTE, 5G;GSM / HSPA / LTE / 5G;N/A;Active use score 13:53h;N/A;N/A;1521 nits max brightness (measured);-22.8 LUFS (Excellent);"AnTuTu: 2767943 (v10)
GeekBench: 9291 (v6)
3DMark: 6723 (Wild Life Extreme)";Octa-core (2x4.32 GHz Oryon V2 Phoenix L + 6x3.53 GHz Oryon V2 Phoenix M);Qualcomm SM8750-AB Snapdragon 8 Elite (3 nm);Adreno 830;Android 15, up to 7 major Android upgrades, MagicOS 9;N/A;N/A;"50 MP, f/2.0, 21mm (wide), 1/2.93"", 0.6µm, PDAF
TOF 3D, (depth/biometrics sensor)";4K@30/60fps, 1080p@30/60fps, gyro-EIS;N/A;No;Yes, with large amplitude stereo speakers
53;Honor;Honor X6a;https://www.gsmarena.com/honor_x6a-12442.php;N/A;N/A;22.5W wired, 31% in 20 min;Li-Po 5200 mAh;N/A;N/A;163.3 x 75.1 x 8.4 mm (6.43 x 2.96 x 0.33 in);Nano-SIM + Nano-SIM;188 g (6.63 oz);5.1, A2DP, LE;N/A;Yes;GPS, GLONASS, GALILEO, BDS;No;USB Type-C 2.0, OTG;Wi-Fi 802.11 a/b/g/n/ac, dual-band, Wi-Fi Direct;N/A;N/A;720 x 1612 pixels, 20:9 ratio (~269 ppi density);6.56 inches, 103.4 cm2 (~84.3% screen-to-body ratio);TFT LCD, 90Hz;N/A;N/A;N/A;N/A;N/A;Fingerprint (side-mounted), accelerometer, proximity, gyro;2023, July 28;Available. Released 2023, July 28;N/A;LED flash, HDR, panorama;N/A;N/A;"50 MP, f/1.8, (wide), PDAF
2 MP, f/2.4, (macro)
2 MP, f/2.4, (depth)";1080p@30fps;N/A;microSDXC;128GB 4GB RAM, 128GB 6GB RAM, 256GB 6GB RAM;Cyan Lake, Midnight Black;WDY-LX1, WDY-LX2;About 150 EUR;N/A;N/A;GSM 850 / 900 / 1800 / 1900;HSDPA 850 / 900 / 1900 / 2100;LTE;N/A;HSPA, LTE;GSM / HSPA / LTE;N/A;N/A;N/A;N/A;N/A;N/A;N/A;Octa-core (4x2.2 GHz Cortex-A53 & 4x1.7 GHz Cortex-A53);Mediatek Helio G36 (12 nm);PowerVR GE8320;Android 13, upgradable to Android 14, MagicOS 8;N/A;N/A;5 MP, f/2.2, (wide);1080p@30fps;N/A;Yes;Yes
54;Honor;Honor 70;https://www.gsmarena.com/honor_70-11575.php;N/A;N/A;"66W wired, 60% in 20 min
5W reverse wired";Li-Po 4800 mAh;N/A;Glass front, plastic frame, plastic back;161.4 x 73.3 x 7.9 mm (6.35 x 2.89 x 0.31 in);Nano-SIM + Nano-SIM;178 g (6.28 oz);5.2, A2DP, LE, aptX HD;N/A;Yes;GPS, GLONASS, BDS;No;USB Type-C 2.0, OTG;Wi-Fi 802.11 a/b/g/n/ac/6, dual-band, Wi-Fi Direct;N/A;N/A;1080 x 2400 pixels, 20:9 ratio (~395 ppi density);6.67 inches, 107.4 cm2 (~90.8% screen-to-body ratio);OLED, 1B colors, 120Hz, HDR10+;N/A;N/A;N/A;N/A;N/A;Fingerprint (under display, optical), accelerometer, gyro, proximity, compass;2022, May 30;Available. Released 2022, June 02;N/A;Dual-LED flash, HDR, panorama;N/A;N/A;"54 MP, f/1.9, (wide), 1/1.49"", PDAF
50 MP, f/2.2, 122˚ (ultrawide), AF
2 MP, f/2.4, (depth)";4K@30fps, 1080p@30/60fps, gyro-EIS;N/A;No;128GB 8GB RAM, 256GB 8GB RAM, 256GB 12GB RAM, 512GB 12GB RAM;Midnight Black, Emerald Green, Icelandic Frost, Crystal Silver;FNE-AN00, FNE-NX9;$ 799.00 / € 219.00 / £ 398.95;N/A;1, 5, 8, 28, 41, 77, 78 SA/NSA - China;GSM 850 / 900 / 1800 / 1900;HSDPA 800 / 850 / 900 / 1700(AWS) / 1900 / 2100;1, 2, 3, 4, 5, 7, 8, 12, 13, 17, 18, 19, 20, 25, 26, 28, 32, 34, 38, 39, 40, 41, 66 - International;1, 3, 5, 7, 8, 20, 28, 38, 40, 41, 66, 77, 78 SA/NSA - International;HSPA, LTE, 5G;GSM / CDMA / HSPA / CDMA2000 / LTE / 5G;N/A;N/A;Endurance rating 100h;Photo / Video;790 nits max brightness (measured);-29.4 LUFS (Average);N/A;Octa-core (1x2.5 GHz Cortex-A78 & 3x2.4 GHz Cortex-A78 & 4x1.9 GHz Cortex-A55);Qualcomm SM7325-AE Snapdragon 778G+ 5G (6 nm);Adreno 642L;Android 12, Magic UI 6.1;N/A;HDR;32 MP, f/2.4, (wide);1080p@30fps, gyro-EIS;N/A;No;Yes
55;Honor;Honor Magic5 Pro;https://www.gsmarena.com/honor_magic5_pro-12148.php;N/A;N/A;"66W wired
50W wireless
Reverse wireless
5W reverse wired";Li-Po 5100 mAh (Global)Si/C Li-Ion 5450 mAh (China only);IP68 dust tight and water resistant (immersible up to 1.5m for 30 min);Glass front, glass back or eco leather back;162.9 x 76.7 x 8.8 mm (6.41 x 3.02 x 0.35 in);Nano-SIM + eSIMNano-SIM + Nano-SIM + eSIM (max 2 at a time);219 g (7.72 oz);5.2, A2DP, LE, aptX HD;Yes;Yes;GPS (L1+L5), GLONASS (L1), BDS (B1I+B1c+B2a), GALILEO (E1+E5a);No;USB Type-C 3.1, DisplayPort 1.2, OTG;Wi-Fi 802.11 a/b/g/n/ac/6, dual-band, Wi-Fi Direct;N/A;N/A;1312 x 2848 pixels, 19.5:9 ratio (~460 ppi density);6.81 inches, 113.7 cm2 (~91.0% screen-to-body ratio);LTPO OLED, 1B colors, 120Hz, HDR10+, 1800 nits (peak);N/A;N/A;N/A;N/A;N/A;Fingerprint (under display, optical), Face ID, accelerometer, gyro, proximity, compass;2023, February 27;Available. Released 2023, March 31;N/A;Laser AF, color spectrum sensor, LED flash, HDR, panorama;N/A;N/A;"50 MP, f/1.6, 23mm (wide), 1/1.12"" 1.4µm, multi-directional PDAF, OIS
50 MP, f/3.0, 90mm (periscope telephoto), PDAF, OIS, 3.5x optical zoom
50 MP, f/2.0, 13mm, 122˚ (ultrawide), 1/2.76"", AF
TOF 3D (depth)";4K@30/60fps, 1080p@30/60fps, gyro-EIS, HDR10, 10-bit video;UFS 4.0;No;256GB 8GB RAM, 256GB 12GB RAM, 512GB 12GB RAM, 512GB 16GB RAM;Black, Meadow Green, Blue, Purple, Orange;PGT-AN10, PGT-N19;$ 1,619.00 / € 429.99 / £ 618.51;N/A;CDMA2000 1xEV-DO;GSM 850 / 900 / 1800 / 1900;HSDPA 800 / 850 / 900 / 1700(AWS) / 1900 / 2100;1, 2, 3, 4, 5, 7, 8, 12, 17, 18, 19, 20, 26, 28, 34, 38, 39, 40, 41 - China;1, 3, 5, 8, 28, 38, 41, 77, 78, 79 SA/NSA - China;HSPA, LTE, 5G;GSM / CDMA / HSPA / EVDO / LTE / 5G;N/A;Active use score 12:06h;Endurance rating 115h;Photo / Video;1227 nits max brightness (measured);-24.2 LUFS (Very good);GeekBench: 4378 (v5.1), 5096 (v6);Octa-core (1x3.2 GHz Cortex-X3 & 2x2.8 GHz Cortex-A715 & 2x2.8 GHz Cortex-A710 & 3x2.0 GHz Cortex-A510);Qualcomm SM8550-AB Snapdragon 8 Gen 2 (4 nm);Adreno 740;Android 13, upgradable to Android 14, MagicOS 8;N/A;HDR;"12 MP, f/2.4, 100˚ (ultrawide), 1.22µm
TOF 3D, (depth/biometrics sensor)";4K@30fps, 1080p@30/60fps;24-bit audio stereo recording;No;Yes, with stereo speakers
56;Honor;Honor 400 Lite;https://www.gsmarena.com/honor_400_lite-13742.php;N/A;N/A;35W wired;Li-Po 5230 mAh;IP65 dust tight and water resistant (low pressure water jets);N/A;161 x 74.6 x 7.3 mm (6.34 x 2.94 x 0.29 in);Nano-SIM + Nano-SIM + eSIM (max 2 at a time);171 g (6.03 oz);5.3, A2DP, LE;N/A;Yes (market/region dependent);GPS, GLONASS, GALILEO, BDS;Unspecified;USB Type-C 2.0, OTG;Wi-Fi 802.11 a/b/g/n/ac, dual-band, Wi-Fi Direct;N/A;Mohs level 4;1080 x 2412 pixels, 20:9 ratio (~394 ppi density);6.7 inches, 108.0 cm2 (~89.9% screen-to-body ratio);AMOLED, 120Hz, 3840Hz PWM, 3500 nits (peak);48:56h endurance, 1400 cycles;Class B;Class B (180 falls);Class B;N/A;Fingerprint (under display, optical), accelerometer, compass, proximity (ultrasonic);2025, April 03;Available. Released 2025, April 08;"108 MP, f/1.8, (wide), 1/1.67"", PDAF
5 MP, f/2.2, (ultrawide)";LED flash, HDR, panorama;N/A;N/A;N/A;1080p@30fps;N/A;No;256GB 8GB RAM, 256GB 12GB RAM;Marrs Green, Velvet Black, Velvet Grey;ABR-NX1, ABR-N31C1;$ 337.77 / € 237.90 / £ 199.00;N/A;N/A;GSM 850 / 900 / 1800 / 1900;HSDPA 850 / 900 / 1900 / 2100;LTE;SA/NSA;HSPA, LTE, 5G;GSM / HSPA / LTE / 5G;N/A;N/A;N/A;N/A;N/A;N/A;N/A;Octa-core (2x2.5 GHz Cortex-A78 & 6x2.0 GHz Cortex-A55);Mediatek Dimensity 7025 Ultra (6 nm);IMG BXM-8-256;Android 15, up to 6 major Android upgrades, MagicOS 9;N/A;N/A;16 MP, f/2.5, (wide);1080p@30fps;N/A;No;Yes
57;Honor;Honor X6b;https://www.gsmarena.com/honor_x6b-13143.php;N/A;N/A;35W wired, 31% in 20 min;Li-Po 5200 mAh;N/A;N/A;163.6 x 75.3 x 8.4 mm (6.44 x 2.96 x 0.33 in);Nano-SIM + Nano-SIM;192 g (6.77 oz);5.1, A2DP, LE, aptX HD;N/A;Yes (JDY-LX1 only);GPS, GLONASS, GALILEO, BDS;No;USB Type-C 2.0, OTG;Wi-Fi 802.11 a/b/g/n/ac, dual-band, Wi-Fi Direct;N/A;N/A;720 x 1612 pixels, 20:9 ratio (~269 ppi density);6.56 inches, 103.4 cm2 (~83.9% screen-to-body ratio);TFT LCD, 90Hz, 780 nits (peak);N/A;N/A;N/A;N/A;N/A;Fingerprint (side-mounted), accelerometer, proximity;2024, June 13;Available. Released 2024, June;"50 MP, f/1.8, (wide), PDAF
2 MP, f/2.4, (depth)";LED flash, HDR, panorama;N/A;N/A;N/A;1080p@30fps;N/A;microSDXC;128GB 4GB RAM, 128GB 6GB RAM, 128GB 8GB RAM, 256GB 4GB RAM, 256GB 6GB RAM, 256GB 8GB RAM;Forest Green, Starry Purple, Ocean Cyan, Midnight Black;JDY-LX1, JDY-LX2;$ 120.40 / € 99.00 / £ 79.89;N/A;N/A;GSM 850 / 900 / 1800 / 1900;HSDPA 850 / 900 / 1900 / 2100;LTE;N/A;HSPA, LTE;GSM / HSPA / LTE;N/A;N/A;N/A;N/A;N/A;N/A;N/A;Octa-core (2x2.0 GHz Cortex-A75 & 6x1.8 GHz Cortex-A55);Mediatek Helio G85 (12 nm);Mali-G52 MC2;Android 14, Magic OS 8;N/A;N/A;5 MP, f/2.2, (wide);1080p@30fps;N/A;Yes;Yes
