No;Brand;Device Name;Product URL;Estimated_Price;Popularity_Fans;Battery_Charging;Battery_Type;Body_;Body_Build;Body_Dimensions;Body_SIM;Body_Weight;Camera_;Comms_Bluetooth;Comms_Infraredport;Comms_NFC;Comms_Positioning;Comms_Radio;Comms_USB;Comms_WLAN;Display_;Display_Protection;Display_Resolution;Display_Size;Display_Type;EULABEL_Battery;EULABEL_Energy;EULABEL_Freefall;EULABEL_Repairability;Features_;Features_Sensors;Launch_Announced;Launch_Status;MainCamera_Dual;MainCamera_Features;MainCamera_Quad;MainCamera_Single;MainCamera_Triple;MainCamera_Video;Memory_;Memory_Cardslot;Memory_Internal;Misc_Colors;Misc_Models;Misc_Price;Network_;Network_2Gbands;Network_3Gbands;Network_4Gbands;Network_5Gbands;Network_EDGE;Network_GPRS;Network_Speed;Network_Technology;OurTests_Audioquality;OurTests_Battery;OurTests_Batteryold;OurTests_Camera;OurTests_Display;OurTests_Loudspeaker;OurTests_Performance;Platform_CPU;Platform_Chipset;Platform_GPU;Platform_OS;Selfiecamera_Dual;Selfiecamera_Features;Selfiecamera_Single;Selfiecamera_Video;Sound_;Sound_35mmjack;Sound_Loudspeaker
1;Huawei;Huawei nova Y70 Plus;https://www.gsmarena.com/huawei_nova_y70_plus-11489.php;N/A;N/A;22.5W wired;Li-Po 6000 mAh;N/A;N/A;168.3 x 77.7 x 9 mm (6.63 x 3.06 x 0.35 in);Nano-SIMNano-SIM + Nano-SIM;199 g (7.02 oz);N/A;5.1, A2DP, LE;N/A;No;GPS, GLONASS, GALILEO, BDS, QZSS;No;USB Type-C 2.0, OTG;Wi-Fi 802.11 b/g/n;N/A;N/A;720 x 1600 pixels, 20:9 ratio (~260 ppi density);6.75 inches, 110.0 cm2 (~84.1% screen-to-body ratio);IPS LCD;N/A;N/A;N/A;N/A;N/A;Fingerprint (side-mounted), accelerometer, proximity, compass;2022, April 20;Available. Released 2022, May 01;N/A;LED flash, HDR, panorama;N/A;N/A;"48 MP, f/1.8, 26mm (wide), PDAF
5 MP, f/2.2, 120˚ (ultrawide)
2 MP, f/2.4, (depth)";1080p@30fps;N/A;microSDXC (uses shared SIM slot);64GB 4GB RAM, 128GB 4GB RAM;Crystal Blue, Midnight Black, Pearl White;MGA-LX9, MGA-LX9N, MGA-LX3;€ 98.37;1, 3, 5, 7, 8, 20, 28, 38, 40, 41 - Africa;GSM 850 / 900 / 1800 / 1900;HSDPA 850 / 900 / 1700(AWS) / 1900 / 2100 - Europe;1, 2, 3, 4, 5, 7, 8, 13, 26, 28, 38, 66 - Europe;N/A;N/A;N/A;HSPA, LTE;GSM / HSPA / LTE;N/A;N/A;N/A;N/A;N/A;N/A;N/A;Octa-core (4x2.0 GHz Cortex-A73 & 4x1.7 GHz Cortex-A53);Kirin 710A (14 nm);Mali-G51 MP4;EMUI 12, no Google Play Services;N/A;HDR;8 MP, f/2.0;1080p@30fps;N/A;Yes;Yes
2;Huawei;Huawei Nova Y63;https://www.gsmarena.com/huawei_nova_y63_4g-13845.php;N/A;N/A;22.5W wired;6000 mAh;N/A;N/A;168.3 x 77.7 x 8.9 mm (6.63 x 3.06 x 0.35 in);Nano-SIM + Nano-SIM;207 g (7.30 oz);N/A;5.0, A2DP, LE;N/A;Yes;GPS, GLONASS, GALILEO, BDS;No;USB Type-C 2.0;Wi-Fi 802.11 a/b/g/n/ac, dual-band;N/A;N/A;720 x 1600 pixels, 20:9 ratio (~260 ppi density);6.75 inches, 110.0 cm2 (~84.1% screen-to-body ratio);IPS LCD, 90Hz;N/A;N/A;N/A;N/A;N/A;Fingerprint (side-mounted), accelerometer, proximity, compass;2025, May 07;Available. Released 2025, May 12;"50 MP, f/1.8, 26mm (wide), PDAF
2 MP, (macro)";LED flash, HDR, panorama;N/A;N/A;N/A;1080p@30fps;N/A;No;128GB 4GB RAM, 128GB 6GB RAM;Silver, Black;GFY-LX1;About 240 EUR;N/A;GSM 850 / 900 / 1800 / 1900;HSDPA 850 / 900 / 1700(AWS) / 1900 / 2100;1, 2, 3, 4, 5, 7, 8, 13, 18, 19, 20, 26, 28, 34, 38, 39, 40, 41, 66;N/A;N/A;N/A;HSPA, LTE;GSM / HSPA / LTE;N/A;N/A;N/A;N/A;N/A;N/A;N/A;Octa-core (4x2.4 GHz Kryo 265 Gold & 4x1.9 GHz Kryo 265 Silver);Qualcomm SM6225 Snapdragon 680 4G (6 nm);Adreno 610;Android 12, EMUI 14.2, no Google Play Services;N/A;N/A;8 MP, f/2.0, (wide);1080p@30fps;N/A;No;Yes
3;Huawei;Huawei nova 13;https://www.gsmarena.com/huawei_nova_13-13466.php;N/A;N/A;"100W wired, 3-50% in 10 min
5W reverse wired";5000 mAh;Splash, water and dust resistant;N/A;161.4 x 75.3 x 7 mm (6.35 x 2.96 x 0.28 in);Nano-SIM + Nano-SIM;195 g (6.88 oz);N/A;5.2, A2DP, LE, L2HC (320-960 kbps HD audio);Yes;Yes;GPS, GALILEO, GLONASS, BDS, QZSS;No;USB Type-C 2.0, OTG;Wi-Fi 802.11 a/b/g/n/ac/6, dual-band, Wi-Fi Direct;N/A;Aluminosilicate glass;1084 x 2412 pixels, 20:9 ratio (~395 ppi density);6.7 inches, 108.3 cm2 (~89.1% screen-to-body ratio);OLED, 1B colors, HDR, 120Hz;N/A;N/A;N/A;N/A;"BDS Satellite Calling and Messaging - China only
Virtual proximity sensing";Fingerprint (under display, optical), accelerometer, gyro, compass;2024, October 22;Available. Released 2024, October 25;"50 MP, f/1.9, (wide), PDAF
8 MP, f/2.2, 112˚ (ultrawide), AF";Laser AF, color spectrum sensor, LED flash, panorama, HDR;N/A;N/A;N/A;4K, 1080p, gyro-EIS;N/A;No;256GB 12GB RAM, 512GB 12GB RAM, 1TB 12GB RAM;Black, White, Purple, Green;BLK-AL80, BLK-LX9;About 350 EUR;CDMA2000 1x;GSM 850 / 900 / 1800 / 1900;HSDPA 800 / 850 / 900 / 1700(AWS) / 1900 / 2100;LTE;SA/NSA;N/A;N/A;HSPA, LTE, 5G;GSM / CDMA / HSPA / CDMA2000 / LTE / 5G;N/A;N/A;N/A;N/A;N/A;N/A;N/A;N/A;N/A;N/A;HarmonyOS 4.2;N/A;HDR, panorama;60 MP, f/2.4, 17mm, 100˚ (ultrawide);4K@30fps, 1080p@30fps, gyro-EIS;N/A;No;Yes
4;Huawei;Huawei nova 14;https://www.gsmarena.com/huawei_nova_14_5g-13879.php;N/A;N/A;"100W wired, SCP, UFCS, PD, PPS, QC
5W reverse wired";5500 mAh;IP65 dust tight and water resistant (low pressure water jets);N/A;161.7 x 75.5 x 7.2 mm (6.37 x 2.97 x 0.28 in);Nano-SIM + Nano-SIM;192 g (6.77 oz);N/A;5.2, A2DP, LE, L2HC (320-960 kbps HD audio);Yes;Yes;GPS, GALILEO, GLONASS, BDS, QZSS;No;USB Type-C 2.0, OTG;Wi-Fi 802.11 a/b/g/n/ac/6, dual-band, Wi-Fi Direct;N/A;Aluminosilicate glass;1084 x 2412 pixels, 20:9 ratio (~395 ppi density);6.7 inches, 108.3 cm2 (~88.7% screen-to-body ratio);OLED, 1B colors, HDR Vivid, 120Hz, 1100 nits (HBM);N/A;N/A;N/A;N/A;Virtual proximity sensing;Fingerprint (side-mounted), accelerometer, gyro, compass;2025, May 19;Available. Released 2025, May 19;N/A;Color spectrum sensor, LED flash, panorama, HDR;N/A;N/A;"50 MP, f/1.9, 23mm (wide), 1/1.56"", Dual Pixel PDAF
12 MP, f/2.4, 69mm (telephoto), PDAF, OIS, 3x optical zoom
8 MP, f/2.2, 16mm, 112˚ (ultrawide), AF";4K, 1080p, gyro-EIS;N/A;No;256GB 12GB RAM, 512GB 12GB RAM;Black, White, Blue;TLR-AL00;About 330 EUR;CDMA2000 1x;GSM 850 / 900 / 1800 / 1900;HSDPA 800 / 850 / 900 / 1700(AWS) / 1900 / 2100;LTE;SA/NSA;N/A;N/A;HSPA, LTE, 5G;GSM / CDMA / HSPA / CDMA2000 / LTE / 5G;N/A;N/A;N/A;N/A;N/A;N/A;N/A;Octa-core (1x2.4 GHz & 3x2.2 GHz & 4x1.84 GHz);Kirin 8000 (7 nm);Mali-G610 MP4;HarmonyOS 5.0;N/A;HDR, panorama;"50 MP, f/2.4, 1/2.5""";4K, 1080p, gyro-EIS;N/A;No;Yes, with stereo speakers
5;Huawei;Huawei Pura 80 Pro;https://www.gsmarena.com/huawei_pura_80_pro_5g-13946.php;N/A;N/A;"100W wired 
80W wireless
18W reverse wired
Reverse wireless";Li-Po 5170 mAh - InternationalLi-Po 5700 mAh - China;"IP68/IP69 dust tight and water resistant (high pressure water jets; immersible up to 2m for 30 min)";Glass front, aluminum frame, glass back;163 x 76.1 x 8.3 mm (6.42 x 3.00 x 0.33 in);Nano-SIM + Nano-SIM + eSIM (max 2 at a time)Nano-SIM + Nano-SIM;219 g (7.72 oz);N/A;5.2, A2DP, LE, L2HC;Yes;Yes;GPS (L1+L5), GLONASS (L1), BDS (B1I+B1c+B2a+B2b), GALILEO (E1+E5a+E5b), QZSS (L1+L5), NavIC;No;USB Type-C 3.1, OTG, DisplayPort 1.2;Wi-Fi 802.11 a/b/g/n/ac/6/7, dual-band, Wi-Fi Direct;N/A;Kunlun Glass 2, Mohs level 4;1276 x 2848 pixels, 20:9 ratio (~459 ppi density);6.8 inches, 111.3 cm2 (~89.7% screen-to-body ratio);LTPO OLED, 1B colors, HDR Vivid, 120Hz, 1440Hz PWM, 3000 nits (peak);41:00h endurance, 1000 cycles;Class C;Class D (45 falls);Class C;BDS Satellite Messaging - China only;Fingerprint (side-mounted), accelerometer, gyro, proximity, compass, barometer;2025, June 11;Available. Released 2025, June 12;N/A;Laser AF, color spectrum sensor, LED flash, panorama, HDR;N/A;N/A;"50 MP, f/1.6-4.0, 23mm (wide), 1.0""-type, dual pixel PDAF, OIS
48 MP, f/2.1, 93mm (telephoto), PDAF (5cm - ∞), OIS, 4x optical zoom
40 MP, f/2.2, 13mm (ultrawide), AF";4K, 1080p, 1080p@960fps (interpolated), HDR Vivid, gyro-EIS, OIS;N/A;No;256GB 12GB RAM, 512GB 12GB RAM, 1TB 12GB RAM;Glazed Black, Glazed White, Glazed Red, Gold;LMR-AL00, LMR-LX9;About 800 EUR;CDMA2000 1x;GSM 850 / 900 / 1800 / 1900;HSDPA 800 / 850 / 900 / 1700(AWS) / 1900 / 2100;1, 2, 3, 4, 5, 6, 7, 8, 9, 12, 13, 17, 18, 19, 20, 25, 26, 28, 32, 34, 38, 39, 40, 41, 42, 66 - International;SA/NSA - China only;N/A;N/A;HSPA, LTE, 5G (China only);GSM / CDMA / HSPA / CDMA2000 / LTE / 5G;N/A;N/A;N/A;N/A;N/A;N/A;N/A;Octa-core;N/A;N/A;EMUI 15 (International), HarmonyOS 5.1 (China);N/A;HDR, panorama;13 MP, f/2.0, (ultrawide), AF;4K, 1080p, 1080p@240fps, HDR Vivid, gyro-EIS;N/A;No;Yes, with stereo speakers
6;Huawei;Huawei Mate 70 Pro+;https://www.gsmarena.com/huawei_mate_70_pro+-13517.php;N/A;N/A;"100W wired
80W wireless
20W reverse wireless
18W reverse wired";Si/C Li-Ion 5700 mAh;"IP68/IP69 dust tight and water resistant (high pressure water jets; immersible up to 6m for 30 min)";Glass front, titanium alloy frame;164.6 x 79.5 x 8.3 mm (6.48 x 3.13 x 0.33 in);Nano-SIM + Nano-SIM;226 g (7.97 oz);N/A;5.2, A2DP, LE, L2HC;Yes;Yes;GPS (L1+L5), GLONASS (L1), BDS (B1I+B1c+B2a+B2b), GALILEO (E1+E5a+E5b), QZSS (L1+L5), NavIC;No;USB Type-C 3.1, OTG, DisplayPort 1.2;Wi-Fi 802.11 a/b/g/n/ac/6/7, dual-band, Wi-Fi Direct;N/A;Huawei Kunlun Glass 2;1316 x 2832 pixels, 19.5:9 ratio (~453 ppi density);6.9 inches, 117.4 cm2 (~89.7% screen-to-body ratio);LTPO OLED, 1B colors, 120Hz, 2500 nits (peak);N/A;N/A;N/A;N/A;BDS Satellite Calling and Messaging - China only;Face ID, fingerprint (side-mounted), accelerometer, gyro, proximity, barometer, compass;2024, November 26;Available. Released 2024, November 26;N/A;Laser AF, color spectrum sensor, LED flash, panorama, HDR;N/A;N/A;"50 MP, f/1.4-f/4.0, 24mm (wide), PDAF, OIS
48 MP, f/2.1, 93mm (periscope telephoto), PDAF, OIS, 3.5x optical zoom
40 MP, f/2.2, 13mm, 120˚ (ultrawide), PDAF";4K, 1080p, HDR, gyro-EIS, OIS;N/A;No;512GB 16GB RAM, 1TB 16GB RAM;Black, Gray, White, Green;PLA-AL10;About 1120 EUR;CDMA2000 1x;GSM 850 / 900 / 1800 / 1900;HSDPA 800 / 850 / 900 / 1700(AWS) / 1900 / 2100;LTE;SA/NSA;N/A;N/A;HSPA, LTE, 5G;GSM / CDMA / HSPA / CDMA2000 / LTE / 5G;N/A;N/A;N/A;N/A;N/A;N/A;N/A;Octa-core (1x2.5 GHz Taishan Big & 3x2.15 GHz Taishan Mid & 4x1.53GHz Cortex-A510);Kirin 9020;Maleoon 920;HarmonyOS 4.3;N/A;HDR, panorama;"13 MP, f/2.4, 18mm (ultrawide)
TOF 3D, (depth/biometrics sensor)";4K, 1080p, HDR, gyro-EIS;High-definition audio;No;Yes, with stereo speakers
7;Huawei;Huawei nova 14 Ultra;https://www.gsmarena.com/huawei_nova_14_ultra_5g-13877.php;N/A;N/A;"100W wired, SCP, UFCS, PD, PPS, QC
5W reverse wired";5500 mAh;"IP68/IP69 dust tight and water resistant (high pressure water jets; immersible up to 2m for 30 min)";N/A;163.4 x 75.6 x 7.8 mm (6.43 x 2.98 x 0.31 in);Nano-SIM + Nano-SIM;204 g (7.20 oz);N/A;5.2, A2DP, LE, L2HC (320-960 kbps HD audio);Yes;Yes;GPS (L1+L5), GLONASS (L1), BDS (B1I+B1c+B2a+B2b), GALILEO (E1+E5a+E5b), QZSS (L1+L5), NavIC;No;USB Type-C 2.0, OTG;Wi-Fi 802.11 a/b/g/n/ac/6/7, dual-band, Wi-Fi Direct;N/A;Kunlun Glass;1272 x 2860 pixels, 20:9 ratio (~460 ppi density);6.81 inches, 111.1 cm2 (~89.9% screen-to-body ratio);LTPO3 OLED, 1B colors, HDR, 120Hz, 5500 nits (peak);N/A;N/A;N/A;N/A;"Virtual proximity sensing
BDS Satellite Calling and Messaging - China only";Fingerprint (under display, optical), accelerometer, gyro, compass;2025, May 19;Available. Released 2025, May 19;N/A;Laser AF, color spectrum sensor, Dual-LED flash, panorama, HDR;N/A;N/A;"50 MP, f/1.4-4.0, 24mm (wide), PDAF, OIS
50 MP, f/2.2, 88mm (periscope telephoto), PDAF, OIS, 3.7x optical zoom
13 MP, f/2.2, 13mm, 120˚ (ultrawide), AF";4K, 1080p, gyro-EIS, HDR Vivid;N/A;No;256GB 12GB RAM, 512GB 12GB RAM, 1TB 12GB RAM;Black, White, Purple, Gold;MRT-AL10;About 520 EUR;CDMA2000 1x;GSM 850 / 900 / 1800 / 1900;HSDPA 800 / 850 / 900 / 1700(AWS) / 1900 / 2100;LTE;SA/NSA;N/A;N/A;HSPA, LTE, 5G;GSM / CDMA / HSPA / CDMA2000 / LTE / 5G;N/A;N/A;N/A;N/A;N/A;N/A;N/A;Octa-core (1x2.29 GHz & 3x2.05 GHz & 4x1.3 GHz);Kirin 8020;Maleoon 920 2cu;HarmonyOS 5.0;"8 MP, f/2.2, 52mm (telephoto), AF, 2x optical zoom
50 MP, f/2.0, (ultrawide), 1/2.5"", Dual Pixel PDAF";HDR, panorama;N/A;4K, 1080p, gyro-EIS, HDR Vivid;N/A;No;Yes, with stereo speakers
8;Huawei;Huawei Watch GT 5;https://www.gsmarena.com/huawei_watch_gt_5-13350.php;N/A;N/A;Wireless;Li-Ion 524 mAh;"IP69K dust tight and water resistant (high pressure water jets; immersible up to 50m/5ATM for 10 min)";Glass front, stainless steel frame;45.8 x 45.8 x 10.7 mm (1.80 x 1.80 x 0.42 in);No;35 g or 48 g (1.23 oz);No;5.2, A2DP, LE;N/A;Yes;GPS (L1+L5), BDS (B1I+B1c), GALILEO (E1+E5a), QZSS (L1+L5), GLONASS;No;No;No;N/A;N/A;466 x 466 pixels (~326 ppi density);1.43 inches;AMOLED;N/A;N/A;N/A;N/A;N/A;Accelerometer, gyro, heart rate, barometer, compass, SpO2, thermometer (body temperature);2024, September 19;Available. Released 2024, September 19;N/A;N/A;N/A;N/A;N/A;N/A;N/A;No;Unspecified;Black, Blue, Brown, White, Gold;VLI-B19;$ 160.00 / € 184.12;N/A;N/A;N/A;N/A;N/A;No;No;N/A;No cellular connectivity;N/A;N/A;N/A;N/A;N/A;N/A;N/A;N/A;N/A;N/A;HarmonyOS 5.0;N/A;N/A;N/A;N/A;N/A;No;Yes
9;Huawei;Huawei nova 11;https://www.gsmarena.com/huawei_nova_11-12234.php;N/A;N/A;"66W wired, 100% in 31 min
Reverse wired";Li-Po 4500 mAh;N/A;N/A;161.3 x 75 x 6.9 mm (6.35 x 2.95 x 0.27 in);Nano-SIMNano-SIM + Nano-SIM;168 g (5.93 oz);N/A;5.2, A2DP, LE;N/A;Yes;GPS (L1+L5), GLONASS (L1), BDS (B1I+B1c+B2a), GALILEO (E1+E5a), QZSS (L1+L5), NavIC;No;USB Type-C 2.0, OTG;Wi-Fi 802.11 a/b/g/n/a/6, dual-band, Wi-Fi Direct;N/A;Kunlun Glass;1084 x 2412 pixels, 20:9 ratio (~391 ppi density);6.7 inches, 110.5 cm2 (~91.4% screen-to-body ratio);OLED, 1B colors, HDR10, 120Hz;N/A;N/A;N/A;N/A;Virtual proximity sensing;Fingerprint (under display, optical), accelerometer, gyro, compass;2023, April 17;Available. Released 2023, April 27;"50 MP, f/1.9, (wide), PDAF
8 MP, f/2.2, 112˚ (ultrawide)";Color spectrum sensor, LED flash, panorama, HDR;N/A;N/A;N/A;4K, 1080p, 720p@960fps, gyro-EIS;N/A;No;128GB 8GB RAM, 256GB 8GB RAM, 512GB 8GB RAM;Black, Green, White, Gold;FOA-AL00, FOA-LX9;About 310 EUR;1, 3, 4, 5, 8, 18, 19, 26, 34, 38, 39, 40, 41 - China;GSM 850 / 900 / 1800 / 1900;HSDPA 800 / 850 / 900 / 1700(AWS) / 1900 / 2100;1, 2, 3, 4, 5, 7, 8, 12, 13, 17, 18, 19, 20, 26, 28, 38, 40, 41, 66 - International;N/A;N/A;N/A;HSPA, LTE;GSM / CDMA / HSPA / CDMA2000 / LTE;N/A;N/A;N/A;N/A;N/A;N/A;N/A;Octa-core (4x2.4 GHz Kryo 670 & 4x1.8 GHz Kryo 670);Qualcomm SM7325 Snapdragon 778G 4G (6 nm);Adreno 642L;HarmonyOS 3.0;60 MP, f/2.4, 100˚ (ultrawide);HDR;N/A;4K@30fps, 1080p@30fps, gyro-EIS;N/A;No;Yes, with stereo speakers
10;Huawei;Huawei nova 13 Pro;https://www.gsmarena.com/huawei_nova_13_pro-13465.php;N/A;N/A;"100W wired, 3-50% in 9 min
5W reverse wired";5000 mAh;IP65 dust tight and water resistant (low pressure water jets);N/A;163.4 x 74.9 x 7.8 mm (6.43 x 2.95 x 0.31 in);Nano-SIM + Nano-SIM;209 g (7.37 oz);N/A;5.2, A2DP, LE, L2HC (320-960 kbps HD audio);Yes;Yes;GPS (L1+L5), GLONASS (L1), BDS (B1I+B1c+B2a+B2b), GALILEO (E1+E5a+E5b), QZSS (L1+L5), NavIC;No;USB Type-C 2.0, OTG;Wi-Fi 802.11 a/b/g/n/ac/6, dual-band, Wi-Fi Direct;N/A;Aluminosilicate glass;1224 x 2776 pixels (~449 ppi density);6.76 inches, 108.8 cm2 (~88.9% screen-to-body ratio);LTPO OLED, 1B colors, HDR, 120Hz;N/A;N/A;N/A;N/A;"BDS Satellite Calling and Messaging - China only
Virtual proximity sensing";Fingerprint (under display, optical), accelerometer, gyro, compass;2024, October 22;Available. Released 2024, October 25;N/A;Laser AF, color spectrum sensor, LED flash, panorama, HDR;N/A;N/A;"50 MP, f/1.4-4.0, 23mm (wide), PDAF, OIS
12 MP, f/2.4, 69mm (telephoto), PDAF, OIS
8 MP, f/2.2, 16mm, 112˚ (ultrawide), AF";4K, 1080p, gyro-EIS;N/A;No;256GB 12GB RAM, 512GB 12GB RAM, 1TB 12GB RAM;Black, White, Purple, Green;MIS-AL00;€ 499.00;CDMA2000 1x;GSM 850 / 900 / 1800 / 1900;HSDPA 800 / 850 / 900 / 1700(AWS) / 1900 / 2100;LTE;SA/NSA;N/A;N/A;HSPA, LTE, 5G;GSM / CDMA / HSPA / CDMA2000 / LTE / 5G;N/A;N/A;N/A;N/A;N/A;N/A;N/A;N/A;N/A;N/A;HarmonyOS 4.2;"8 MP, f/2.2, 52mm (telephoto), AF, 2x optical zoom
60 MP, f/2.4, 17mm, 100˚ (ultrawide), AF";HDR, panorama;N/A;4K@30fps, 1080p@30fps, gyro-EIS;N/A;No;Yes, with stereo speakers
11;Huawei;Huawei Pura X;https://www.gsmarena.com/huawei_pura_x-13744.php;N/A;N/A;"66W wired
40W wireless
7.5W reverse wireless
5W reverse wired";4720 mAh;IPX8 dust/water resistant (up to 2m for 30 min);Glass front, glass back or eco leather back, aluminum frame;Unfolded: 143.2 x 91.7 x 7.2 mmFolded: 91.7 x 74.3 x 15.1 mm;Nano-SIM + Nano-SIM;193.7 g or 195.9 g (6.84 oz);N/A;5.2, A2DP, LE, L2HC;Yes;Yes;GPS (L1+L5), BDS (B1I+B1c+B2a+B2b), GALILEO (E1+E5a+E5b), QZSS (L1+L5), GLONASS, NavIC;No;USB Type-C 3.1, OTG, DisplayPort 1.2;Wi-Fi 802.11 a/b/g/n/ac/6/7, dual-band, Wi-Fi Direct;"Cover display:
LTPO2 OLED, 1B colors, 120Hz, 3.5 inches, 980 x 980 pixels";N/A;1320 x 2120 pixels, 16:10 ratio (~396 ppi density);6.3 inches, 114.9 cm2 (~87.5% screen-to-body ratio);Foldable LTPO2 OLED, 1B colors, HDR Vivid, 120Hz, 2500 nits (peak);N/A;N/A;N/A;N/A;N/A;Fingerprint (side-mounted), accelerometer, gyro, proximity, compass;2025, March 20;Available. Released 2025, March 20;N/A;Laser AF, color spectrum sensor, LED flash, panorama, HDR;N/A;N/A;"50 MP, f/1.6, 23mm (wide), PDAF, OIS
8 MP, f/2.4, 80mm (telephoto), PDAF, OIS, 3.5x optical zoom
40 MP, f/2.2, 13mm (ultrawide), AF
1.5 MP multi-spectral channel red maple primary color camera";4K, 1080p, gyro-EIS, HDR Vivid;N/A;No;256GB 12GB RAM, 512GB 12GB RAM, 512GB 16GB RAM, 1TB 16GB RAM;Red, Green, Gray, White, Black;VDE-AL00;About 960 EUR;CDMA2000 1xEV-DO;GSM 850 / 900 / 1800 / 1900;HSDPA 800 / 850 / 900 / 1700(AWS) / 1900 / 2100;LTE;SA/NSA;N/A;N/A;HSPA, LTE, 5G;GSM / CDMA / HSPA / EVDO / LTE / 5G;N/A;N/A;N/A;N/A;N/A;N/A;N/A;Octa-core (1x2.5 GHz Taishan Big & 3x2.15 GHz Taishan Mid & 4x1.53GHz Cortex-A510);Kirin 9020;Maleoon 920;HarmonyOS 5.0;N/A;N/A;10.7 MP, f/2.2, (wide);1080p, HDR Vivid;N/A;No;Yes, with stereo speakers
12;Huawei;Huawei P30 lite;https://www.gsmarena.com/huawei_p30_lite-9545.php;N/A;N/A;18W wired;Li-Po 3340 mAh, non-removable;N/A;Glass front, glass back, plastic frame;152.9 x 72.7 x 7.4 mm (6.02 x 2.86 x 0.29 in);Nano-SIMNano-SIM + Nano-SIM;159 g (5.61 oz);N/A;4.2, A2DP, LE, aptX HD;N/A;Yes - MAR-L21MEA, MAR-LX1M only;GPS, GLONASS, BDS;FM radio (market dependent);USB Type-C 2.0, OTG;Wi-Fi 802.11 a/b/g/n/ac, dual-band, Wi-Fi Direct;N/A;N/A;1080 x 2312 pixels, 19.3:9 ratio (~415 ppi density);6.15 inches, 93.6 cm2 (~84.2% screen-to-body ratio);IPS LCD;N/A;N/A;N/A;N/A;N/A;Fingerprint (rear-mounted), accelerometer, gyro, proximity, compass;2019, March 27. Released 2019, April 25;Discontinued;N/A;LED flash, HDR, panorama;N/A;N/A;"48 MP, f/1.8, 27mm (wide), 1/2.0"", 0.8µm, PDAF
8 MP, 17mm (ultrawide)
2 MP, f/2.4, (depth)
or
24 MP, f/1.8, (wide), PDAF
8 MP, 17mm (ultrawide)
2 MP, f/2.4, (depth)";1080p@30fps (gyro-EIS);eMMC 5.1;microSDXC (uses shared SIM slot);64GB 4GB RAM, 128GB 4GB RAM, 128GB 6GB RAM, 128GB 8GB RAM, 256GB 4GB RAM, 256GB 6GB RAM;Peacock Blue, Midnight Black, Pearl White;MAR-LX1M, MAR-AL00, MAR-TL00, MAR-LX2, Marie-L21A, Marie-L01A, Marie-L21MEA, Marie-L22A, MAR-LX1A, MAR-LX3A, MAR-LX2J, MAR-LX1B, MAR-LX3Bm, MAR-LX3Am;About 420 EUR;1, 2, 3, 4, 5, 7, 8, 12, 17, 28, 66 - Canada;GSM 850 / 900 / 1800 / 1900;HSDPA 850 / 900 / 1700(AWS) / 1900 / 2100 - Europe, Canada;1, 3, 4, 7, 8, 20, 38 - Europe;N/A;N/A;N/A;HSPA 42.2/5.76 Mbps, LTE (2CA) Cat6 400/50 Mbps;GSM / HSPA / LTE;Noise -94.4dB / Crosstalk -71.2dB;N/A;Endurance rating 94h;Photo / Video;1231:1 contrast ratio, 501 nits max brightness (measured);Voice 71dB / Noise 73dB / Ring 83dB;"AnTuTu: 141600 (v7)
GeekBench: 5549 (v4.4)
GFXBench: 6.9fps (ES 3.1 onscreen)";Octa-core (4x2.2 GHz Cortex-A73 & 4x1.7 GHz Cortex-A53);Kirin 710 (12 nm);Mali-G51 MP4;Android 9.0 (Pie), upgradable to Android 10, EMUI 10.0;N/A;Panorama;"24 MP, f/2.0, 26mm (wide), 1/2.8"", 0.9µm
or
32 MP, f/2.0, 26mm (wide), 1/2.8"", 0.8µm";1080p@30fps;N/A;Yes;Yes
13;Huawei;Huawei P50 Pro;https://www.gsmarena.com/huawei_p50_pro-11029.php;N/A;N/A;"66W wired
50W wireless
Reverse wireless charging";Li-Po 4360 mAh;IP68 dust tight and water resistant (immersible up to 1.5m for 30 min);Glass front, glass back, aluminum frame;158.8 x 72.8 x 8.5 mm (6.25 x 2.87 x 0.33 in);Nano-SIMNano-SIM + Nano-SIM;195 g (6.88 oz);N/A;5.2, A2DP, LE;Yes;Yes;GPS (L1+L5), GLONASS (L1), BDS (B1I+B1c+B2a+B2b), GALILEO (E1+E5a+E5b), QZSS (L1+L5), NavIC;No;USB Type-C 3.1, OTG;Wi-Fi 802.11 a/b/g/n/ac/6, dual-band, Wi-Fi Direct;N/A;N/A;1228 x 2700 pixels (~450 ppi density);6.6 inches, 105.4 cm2 (~91.2% screen-to-body ratio);OLED, 1B colors, 120Hz;N/A;N/A;N/A;N/A;N/A;Fingerprint (under display, optical), accelerometer, gyro, proximity, compass, barometer;2021, July 29;Available. Released 2021, August 12;N/A;Laser AF, color spectrum sensor, Leica optics, dual-LED flash, panorama, HDR;"50 MP, f/1.8, 23mm (wide), PDAF, OIS
64 MP, f/3.5, 90mm (periscope telephoto), PDAF, OIS, 3.5x optical zoom, 7x lossless zoom
13 MP, f/2.2, 13mm (ultrawide), AF
40 MP, f/1.6, 23mm (B/W), AF";N/A;N/A;"4K@30/60fps, 1080p@30/60fps, 1080p@960fps; gyro-EIS";N/A;Nano Memory (uses shared SIM slot);128GB 8GB RAM, 256GB 8GB RAM, 512GB 8GB RAM, 512GB 12GB RAM;Golden Black, Cocoa Gold, Pearl White, Charm Pink;JAD-AL50, JAD-LX9, JAD-AL00;€ 449.60;1, 2, 3, 4, 5, 7, 8, 12, 17, 18, 19, 20, 26, 28, 32, 34, 38, 39, 40, 41, 66 - International;GSM 850 / 900 / 1800 / 1900;HSDPA 800 / 850 / 900 / 1700(AWS) / 1900 / 2100;1, 2, 3, 4, 5, 6, 7, 8, 9, 12, 17, 18, 19, 20, 26, 28, 34, 38, 39, 40, 41 - China;N/A;N/A;N/A;HSPA, LTE;GSM / CDMA / HSPA / CDMA2000 / LTE;N/A;N/A;Endurance rating 76h;Photo / Video;754 nits max brightness (measured);-27.3 LUFS (Good);"AnTuTu: 793876 (v8), 786215 (v9)
GeekBench: 3145 (v5.1)
GFXBench: 44fps (ES 3.1 onscreen)";Octa-core (1x3.13 GHz Cortex-A77 & 3x2.54 GHz Cortex-A77 & 4x2.05 GHz Cortex-A55)Octa-core (1x2.84 GHz Cortex-X1 & 3x2.42 GHz Cortex-A78 & 4x1.80 GHz Cortex-A55);Kirin 9000 (5 nm)Qualcomm SM8350 Snapdragon 888 4G (5 nm);Mali-G78 MP24Adreno 660;HarmonyOS 2.0 (China), EMUI 14.2 (Europe), no Google Play Services;N/A;Panorama, HDR;13 MP, f/2.4, (wide), AF;4K@30fps, 1080p@30/60/240fps;N/A;No;Yes, with stereo speakers
14;Huawei;Huawei Mate 40 Pro;https://www.gsmarena.com/huawei_mate_40_pro-10528.php;N/A;N/A;"66W wired
50W wireless
5W reverse wireless";Li-Po 4400 mAh;IP68 dust tight and water resistant (immersible up to 1.5m for 30 min);Glass front, glass back or eco leather back, aluminum frame;162.9 x 75.5 x 9.1 mm (Glass) / 9.5mm (Leather);Nano-SIM + eSIMNano-SIM + Nano-SIM;212 g (7.48 oz);N/A;5.2, A2DP, LE;Yes;Yes;GPS (L1+L5), GLONASS (L1), BDS (B1I+B1c+B2a+B2b), GALILEO (E1+E5a+E5b), QZSS (L1+L5), NavIC;No;USB Type-C 3.1, OTG;Wi-Fi 802.11 a/b/g/n/ac/6, dual-band, Wi-Fi Direct;N/A;N/A;1344 x 2772 pixels, 18.5:9 ratio (~456 ppi density);6.76 inches, 115.7 cm2 (~94.1% screen-to-body ratio);OLED, HDR10, 90Hz;N/A;N/A;N/A;N/A;N/A;Face ID, fingerprint (under display, optical), accelerometer, gyro, proximity, barometer, compass;2020, October 22;Available. Released 2020, November 01;N/A;Laser AF, color spectrum sensor, Leica optics, LED flash, panorama, HDR;N/A;N/A;"50 MP, f/1.9, 23mm (wide), 1/1.28"", 1.22µm, multi-directional PDAF
12 MP, f/3.4, 125mm (periscope telephoto), PDAF, OIS, 5x optical zoom
20 MP, f/1.8, 18mm (ultrawide), PDAF";4K@30/60fps, 1080p@30/60/120/240/480fps, 720p@960fps, 720p@3840fps, HDR, gyro-EIS;UFS 3.1;Nano Memory (uses shared SIM slot);128GB 8GB RAM, 256GB 8GB RAM, 512GB 8GB RAM;Mystic Silver, White, Black, Green, Yellow;NOH-NX9, NOH-AN00, NOH-AN01;About 790 EUR;CDMA2000 1xEV-DO;GSM 850 / 900 / 1800 / 1900;HSDPA 800 / 850 / 900 / 1700(AWS) / 1900 / 2100;1, 2, 3, 4, 5, 6, 7, 8, 9, 12, 17, 18, 19, 20, 26, 28, 32, 34, 38, 39, 40, 41, 42;1, 3, 5, 7, 8, 28, 38, 40, 41, 77, 78, 79, 80, 84 SA/NSA/Sub6;N/A;N/A;HSPA, LTE, 5G;GSM / CDMA / HSPA / EVDO / LTE / 5G;N/A;N/A;Endurance rating 97h;Photo / Video;807 nits max brightness (measured);-24.9 LUFS (Very good);"AnTuTu: 686835 (v8)
GeekBench: 3704 (v5.1)
GFXBench: 43fps (ES 3.1 onscreen)";Octa-core (1x3.13 GHz Cortex-A77 & 3x2.54 GHz Cortex-A77 & 4x2.05 GHz Cortex-A55);Kirin 9000 5G (5 nm);Mali-G78 MP24;Android 10, EMUI 11, no Google Play Services;N/A;HDR, panorama;"13 MP, f/2.4, 18mm (ultrawide)
TOF 3D, (depth/biometrics sensor)";4K@30/60fps, 1080p@30/60/240fps;32-bit/384kHz audio;No;Yes, with stereo speakers
15;Huawei;Huawei Watch GT 6;https://www.gsmarena.com/huawei_watch_gt_6-14168.php;N/A;N/A;10W wireless;Li-Ion 867 mAh;"IP69 dust tight and water resistant (high pressure water jets; immersible up to 50m/5ATM for 10 min)";Glass front, stainless steel frame;46 x 46 x 11 mm (1.81 x 1.81 x 0.43 in);No;51.3 g or 37.5 g (1.34 oz);No;6.0, A2DP, LE;N/A;Yes;GPS (L1+L5), BDS (B1I+B1c+B1a), GALILEO (E1+E5a), QZSS (L1+L5), GLONASS, NavIC;No;No;No;N/A;N/A;466 x 466 pixels (~317 ppi density);1.47 inches;AMOLED, 3000 nits (peak);N/A;N/A;N/A;N/A;N/A;Accelerometer, gyro, heart rate, barometer, compass, SpO2, thermometer (body temperature);2025, September 19;Available. Released 2025, September 19;N/A;N/A;N/A;N/A;N/A;N/A;N/A;No;Unspecified;Black, Silver, Gold;N/A;About 260 EUR;N/A;N/A;N/A;N/A;N/A;No;No;N/A;No cellular connectivity;N/A;N/A;N/A;N/A;N/A;N/A;N/A;N/A;N/A;N/A;HarmonyOS 6.0;N/A;N/A;N/A;N/A;N/A;No;Yes
16;Huawei;Huawei Pura 80 Pro+;https://www.gsmarena.com/huawei_pura_80_pro+_5g-13945.php;N/A;N/A;"100W wired
80W wireless
18W reverse wired
Reverse wireless";Li-Po 5700 mAh;"IP68/IP69 dust tight and water resistant (high pressure water jets; immersible up to 2m for 30 min)";Glass front, aluminum frame, glass back;163 x 76.1 x 8.3 mm (6.42 x 3.00 x 0.33 in);Nano-SIM + Nano-SIM;219 g (7.72 oz);N/A;5.2, A2DP, LE, L2HC;Yes;Yes;GPS (L1+L5), GLONASS (L1), BDS (B1I+B1c+B2a+B2b), GALILEO (E1+E5a+E5b), QZSS (L1+L5), NavIC;No;USB Type-C 3.1, OTG, DisplayPort 1.2;Wi-Fi 802.11 a/b/g/n/ac/6/7, dual-band, Wi-Fi Direct;N/A;Kunlun Glass 2 (Basalt-tempered);1276 x 2848 pixels, 20:9 ratio (~459 ppi density);6.8 inches, 111.3 cm2 (~89.7% screen-to-body ratio);LTPO OLED, 1B colors, HDR Vivid, 120Hz, 1440Hz PWM, 3000 nits (peak);N/A;N/A;N/A;N/A;BDS Satellite Calling and Messaging - China only;Fingerprint (side-mounted), accelerometer, gyro, proximity, compass, barometer;2025, June 11;Available. Released 2025, June 11;N/A;Laser AF, color spectrum sensor, LED flash, panorama, HDR;N/A;N/A;"50 MP, f/1.6-4.0, 23mm (wide), 1.0""-type, dual pixel PDAF, OIS
48 MP, f/2.1, 93mm (telephoto), PDAF (5cm - ∞), OIS, 4x optical zoom
40 MP, f/2.2, 13mm (ultrawide), AF";4K, 1080p, 1080p@960fps (interpolated), HDR Vivid, gyro-EIS, OIS;N/A;No;512GB 16GB RAM, 1TB 16GB RAM;Black, White, Red, Green;LMR-AL10;About 970 EUR;CDMA2000 1x;GSM 850 / 900 / 1800 / 1900;HSDPA 800 / 850 / 900 / 1700(AWS) / 1900 / 2100;LTE;SA/NSA - China only;N/A;N/A;HSPA, LTE, 5G;GSM / CDMA / HSPA / CDMA2000 / LTE / 5G;N/A;N/A;N/A;N/A;N/A;N/A;N/A;Octa-core (1x2.5GHz & 3x2.15GHz & 4x1.6GHz);Kirin 9020 (7 nm);Maleoon 920;EMUI (International), HarmonyOS 5.1 (China);N/A;HDR, panorama;13 MP, f/2.0, (ultrawide), AF;4K, 1080p, 1080p@240fps, HDR Vivid, gyro-EIS;N/A;No;Yes, with stereo speakers
17;Huawei;Huawei nova 9;https://www.gsmarena.com/huawei_nova_9-11121.php;N/A;N/A;"66W wired, 60% in 18 min, 100% in 38 min
Reverse wired";Li-Po 4300 mAh;N/A;N/A;160 x 73.7 x 7.8 mm (6.30 x 2.90 x 0.31 in);Nano-SIMNano-SIM + Nano-SIM;175 g (6.17 oz);N/A;5.2, A2DP, LE;N/A;Yes;GPS (L1+L5), GLONASS (L1), BDS (B1I+B1c+B2a), GALILEO (E1+E5a), QZSS (L1+L5), NavIC (L5);No;USB Type-C 2.0, OTG;Wi-Fi 802.11 a/b/g/n/a/6, dual-band, Wi-Fi Direct;N/A;N/A;1080 x 2340 pixels, 19.5:9 ratio (~392 ppi density);6.57 inches, 106.0 cm2 (~89.9% screen-to-body ratio);OLED, 1B colors, 120Hz, HDR10;N/A;N/A;N/A;N/A;N/A;Fingerprint (under display, optical), accelerometer, gyro, proximity, compass;2021, September 23;Available. Released 2021, September 30;N/A;LED flash, panorama, HDR;"50 MP, f/1.9, 23mm (wide), PDAF
8 MP, f/2.2, (ultrawide)
2 MP, f/2.4, (depth)
2 MP, f/2.4, (macro)";N/A;N/A;4K, 1080p, 720p@960fps, gyro-EIS;UFS;No;128GB 8GB RAM, 256GB 8GB RAM;Starry Blue, Black, Green, Violet;NAM-AL00, NAM-LX9;About 120 EUR;1, 2, 3, 4, 5, 8, 18, 19, 26, 34, 38, 39, 40, 41 - China;GSM 850 / 900 / 1800 / 1900;HSDPA 800 / 850 / 900 / 1700(AWS) / 1900 / 2100;1, 2, 3, 4, 5, 7, 8, 12, 17, 18, 19, 20, 26, 28, 34, 38, 39, 40, 41, 66 - Europe;N/A;N/A;N/A;HSPA, LTE;GSM / CDMA / HSPA / LTE;N/A;N/A;Endurance rating 96h;Photo / Video;608 nits max brightness (measured);-27.3 LUFS (Good);"AnTuTu: 469798 (v9)
GeekBench: 2973 (v5.1)
GFXBench: 28fps (ES 3.1 onscreen)";Octa-core (4x2.4 GHz Kryo 670 & 4x1.8 GHz Kryo 670);Qualcomm SM7325 Snapdragon 778G 4G (6 nm);Adreno 642L;HarmonyOS 2.0 (China), EMUI 12 (Europe), no Google Play Services;N/A;HDR;32 MP, f/2.0, (wide);4K@30fps, 1080p@30fps, 720p@240fps, gyro-EIS;N/A;No;Yes
18;Huawei;Huawei P60 Pro;https://www.gsmarena.com/huawei_p60_pro-12172.php;N/A;N/A;"88W wired
50W wireless
Reverse wireless";Li-Po 4815 mAh;IP68 dust tight and water resistant (immersible up to 1.5m for 30 min);N/A;161 x 74.5 x 8.3 mm (6.34 x 2.93 x 0.33 in);Nano-SIMNano-SIM + Nano-SIM;200 g (7.05 oz);N/A;5.2, A2DP, LE;Yes;Yes;GPS (L1+L5), GLONASS (B1I+B1c+B2a), BDS (B1I+B1c+B2a), GALILEO (E1+E5a), QZSS (L1+L5), NavIC;No;USB Type-C 3.1, OTG;Wi-Fi 802.11 a/b/g/n/ac/6, dual-band, Wi-Fi Direct;N/A;Kunlun Glass;1220 x 2700 pixels (~444 ppi density);6.67 inches, 107.7 cm2 (~89.8% screen-to-body ratio);LTPO OLED, 1B colors, 120Hz;N/A;N/A;N/A;N/A;BDS Satellite Messaging - China only;Fingerprint (under display, optical), accelerometer, gyro, proximity, compass;2023, March 23;Available. Released 2023, March 31;N/A;Laser AF, color spectrum sensor, LED flash, HDR, panorama;N/A;N/A;"48 MP, f/1.4-f/4.0, 25mm (wide), PDAF, OIS
48 MP, f/2.1, 90mm (telephoto), PDAF, sensor-shift OIS, 3.5x optical zoom
13 MP, f/2.2, 13mm (ultrawide), AF";"4K@30/60fps, 1080p@30/60fps, 1080p@960fps; gyro-EIS, HDR Vivid";UFS;Nano Memory (uses shared SIM slot);256GB 8GB RAM, 256GB 12GB RAM, 512GB 12GB RAM;Black, Green, Violet, Rococo Pearl;MNA-AL00, MNA-LX9;€ 599.90;1, 2, 3, 4, 5, 7, 8, 12, 17, 18, 19, 20, 26, 28, 34, 38, 39, 40, 41 - China;GSM 850 / 900 / 1800 / 1900;HSDPA 800 / 850 / 900 / 1700(AWS) / 1900 / 2100;1, 2, 3, 4, 5, 7, 8, 12, 13, 17, 18, 19, 20, 26, 28, 32, 34, 38, 39, 40, 41, 66 - International;N/A;N/A;N/A;HSPA, LTE;GSM / CDMA / HSPA / CDMA2000 / LTE;N/A;N/A;Endurance rating 96h;Photo / Video;1135 nits max brightness (measured);-27.3 LUFS (Good);"AnTuTu: 1030473 (v9)
GeekBench: 4422 (v6)
GFXBench: 65fps (ES 3.1 onscreen)";Octa-core (1x3.19 GHz Cortex-X2 & 3x2.75 GHz Cortex-A710 & 4x2.0 GHz Cortex-A510);Qualcomm SM8475 Snapdragon 8+ Gen 1 4G (4 nm);Adreno 730;HarmonyOS 3.1 (China), EMUI 13.1 (Europe), no Google Play Services;N/A;Panorama, HDR;13 MP, f/2.4, (ultrawide);4K@30/60fps, 1080p@30fps, HDR Vivid;N/A;No;Yes, with stereo speakers
19;Huawei;Huawei P40 lite;https://www.gsmarena.com/huawei_p40_lite-9996.php;N/A;N/A;40W wired, 70% in 30 min;Li-Po 4200 mAh, non-removable;N/A;Glass front, plastic back, plastic frame;159.2 x 76.3 x 8.7 mm (6.27 x 3.00 x 0.34 in);Nano-SIM + Nano-SIM;183 g (6.46 oz);N/A;5.0, A2DP, LE;N/A;Yes (market/region dependent): JNY-L21A, JNY-L01A, JNY-L21B;GPS, GLONASS, GALILEO, BDS, QZSS;FM radio;USB Type-C 2.0, OTG;Wi-Fi 802.11 a/b/g/n/ac, dual-band, Wi-Fi Direct;N/A;N/A;1080 x 2310 pixels (~398 ppi density);6.4 inches, 101.4 cm2 (~83.5% screen-to-body ratio);IPS LCD;N/A;N/A;N/A;N/A;N/A;Fingerprint (side-mounted), accelerometer, proximity, compass;2020, February 27;Available. Released 2020, March 02;N/A;LED flash, HDR, panorama;"48 MP, f/1.8, 26mm (wide), 1/2.0"", 0.8µm, PDAF
8 MP, f/2.4, (ultrawide)
2 MP, f/2.4, (macro)
2 MP, f/2.4, (depth)";N/A;N/A;1080p@30fps;UFS 2.1;Nano Memory (uses shared SIM slot);128GB 6GB RAM, 128GB 8GB RAM;Black, Emerald Green, Light Pink/Blue, Skyline Gray;JNY-L21A, JNY-L01A, JNY-L21B, JNY-L22A, JNY-L02A, JNY-L22B, JNY-LX1;About 170 EUR;1, 2, 3, 4, 5, 7, 8, 18, 19, 28, 34, 38, 39, 40, 41 - JNY-L22A, JNY-L02A, JNY-L22B;GSM 850 / 900 / 1800 / 1900;HSDPA 800 / 850 / 900 / 1700(AWS) / 2100;1, 2, 3, 4, 5, 7, 8, 18, 19, 20, 28, 34, 38, 39, 40, 41 - JNY-L21A, JNY-L01A, JNY-L21B;N/A;N/A;N/A;HSPA 42.2/5.76 Mbps, LTE (2CA) Cat13 400/75 Mbps;GSM / HSPA / LTE;N/A;N/A;Endurance rating 121h;Photo / Video;1085:1 contrast ratio, 515 nits max brightness (measured);-27.0 LUFS (Good);"AnTuTu: 325777 (v8)
GeekBench: 7846 (v4.4), 1862 (v5.1)
GFXBench: 18fps (ES 3.1 onscreen)";Octa-core (2x2.27 GHz Cortex-A76 & 6x1.88 GHz Cortex-A55);Kirin 810 (7 nm);Mali-G52 MP6;Android 10, EMUI 10, no Google Play Services;N/A;HDR;"16 MP, f/2.0, (wide), 1/3.06"", 1.0µm";1080p@30fps;N/A;Yes;Yes
20;Huawei;Huawei nova 5T;https://www.gsmarena.com/huawei_nova_5t-9803.php;N/A;N/A;22.5W wired, 50% in 24 min;Li-Po 3750 mAh, non-removable;N/A;Glass front, glass back, aluminum frame;154.3 x 74 x 7.8 mm (6.07 x 2.91 x 0.31 in);Nano-SIM + Nano-SIM;174 g (6.14 oz);N/A;5.0, A2DP, aptX HD, LE;N/A;Yes;GPS (L1+L5), GLONASS (L1), BDS (B1), GALILEO (E1+E5a), QZSS (L1+L5);No;USB Type-C 2.0, OTG;Wi-Fi 802.11 a/b/g/n/ac, dual-band, Wi-Fi Direct;N/A;N/A;1080 x 2340 pixels, 19.5:9 ratio (~412 ppi density);6.26 inches, 96.2 cm2 (~84.2% screen-to-body ratio);IPS LCD;N/A;N/A;N/A;N/A;N/A;Fingerprint (side-mounted), accelerometer, gyro, proximity, compass;2019, August 27. Released 2019, September 05;Discontinued;N/A;LED flash, HDR, panorama;"48 MP, f/1.8, 28mm (wide), 1/2.0"", 0.8µm, PDAF
16 MP, f/2.2, 13mm (ultrawide), 1/3.1""
2 MP, f/2.4, (macro)
2 MP, f/2.4, (depth)";N/A;N/A;"4K@30fps, 1080p@30/60fps; gyro-EIS";UFS 2.1;No;128GB 6GB RAM, 128GB 8GB RAM;Black, Crush Blue, Midsummer Purple, Crush Green;YAL-L21, YAL-L61, YAL-L71, YAL-L61D;About 340 EUR;N/A;GSM 850 / 900 / 1800 / 1900;HSDPA 800 / 850 / 900 / 1700(AWS) / 1900 / 2100;1, 2, 3, 4, 5, 7, 8, 18, 19, 20, 26, 28, 38, 40, 41;N/A;N/A;N/A;HSPA, LTE;GSM / HSPA / LTE;N/A;N/A;N/A;N/A;N/A;N/A;"AnTuTu: 313024 (v7), 395503 (v8)
GeekBench: 10013 (v4.4), 2504 (v5.1)
GFXBench: 29fps (ES 3.1 onscreen)";Octa-core (2x2.6 GHz Cortex-A76 & 2x1.92 GHz Cortex-A76 & 4x1.8 GHz Cortex-A55);Kirin 980 (7 nm);Mali-G76 MP10;Android 9.0 (Pie), upgradable to Android 10, EMUI 10;N/A;HDR;"32 MP, f/2.0, 26mm (wide), 1/2.8"", 0.8µm";1080p@30fps, gyro-EIS;32-bit/192kHz audio;No;Yes
21;Huawei;Huawei P40 Pro;https://www.gsmarena.com/huawei_p40_pro-10152.php;N/A;N/A;"40W wired
27W wireless
27W reverse wireless";Li-Po 4200 mAh;IP68 dust tight and water resistant (immersible up to 1.5m for 30 min);Glass front, glass back, aluminum frame;158.2 x 72.6 x 9 mm (6.23 x 2.86 x 0.35 in);Nano-SIM + eSIMNano-SIM + Nano-SIM;209 g (7.37 oz);N/A;5.1, A2DP, LE;Yes;Yes;GPS (L1+L5), GLONASS (L1), BDS (B1I+B1c+B2a), GALILEO (E1+E5a), QZSS (L1+L5), NavIC;No;USB Type-C 3.1, OTG;Wi-Fi 802.11 a/b/g/n/ac/6, dual-band, Wi-Fi Direct;N/A;N/A;1200 x 2640 pixels (~441 ppi density);6.58 inches, 105.2 cm2 (~91.6% screen-to-body ratio);OLED, 90Hz, HDR10;N/A;N/A;N/A;N/A;N/A;Infrared Face ID, fingerprint (under display, optical), accelerometer, gyro, proximity, compass;2020, March 26;Available. Released 2020, April 07;N/A;Leica optics, color spectrum sensor, LED flash, panorama, HDR;N/A;N/A;"50 MP, f/1.9, 23mm (wide), 1/1.28"", 1.22µm, dual pixel PDAF, OIS
12 MP, f/3.4, 125mm (periscope telephoto), PDAF, OIS, 5x optical zoom
40 MP, f/1.8, 18mm (ultrawide), 1/1.54"", PDAF
TOF 3D, (depth)";"4K@30/60fps, 1080p@30/60fps, 720@7680fps, 1080p@960fps, HDR; gyro-EIS";UFS 3.0;Nano Memory (uses shared SIM slot);128GB 8GB RAM, 256GB 8GB RAM, 512GB 8GB RAM;Silver Frost, Blush Gold, Deep Sea Blue, Ice White, Black;ELS-NX9, ELS-N04, ELS-AN00, ELS-TN00;€ 359.99 / £ 299.00;1, 3, 5, 28, 38, 41, 66, 77, 78, 79 SA/NSA - ELS-N04;GSM 850 / 900 / 1800 / 1900;HSDPA 800 / 850 / 900 / 1700(AWS) / 1900 / 2100;1, 2, 3, 4, 5, 6, 7, 8, 9, 12, 17, 18, 19, 20, 26, 28, 32, 34, 38, 39, 40, 41 - ELS-NX9;1, 3, 28, 38, 41, 77, 78, 79 SA/NSA - ELS-NX9;N/A;N/A;HSPA, LTE, 5G;GSM / HSPA / LTE / 5G;N/A;N/A;Endurance rating 94h;Photo / Video;Contrast ratio: Infinite (nominal);-27.5 LUFS (Good);"AnTuTu: 496356 (v8)
GeekBench: 12848 (v4.4), 3197 (v5.1)
GFXBench: 31fps (ES 3.1 onscreen)";Octa-core (2x2.86 GHz Cortex-A76 & 2x2.36 GHz Cortex-A76 & 4x1.95 GHz Cortex-A55);Kirin 990 5G (7 nm+);Mali-G76 MP16;Android 10, EMUI 12, no Google Play Services;N/A;HDR;"32 MP, f/2.2, 26mm (wide), 1/2.8"", 0.8µm, AF
IR TOF 3D, (depth/biometrics sensor)";4K@30/60fps, 1080p@30/60fps;32-bit/384kHz audio;No;Yes
22;Huawei;Huawei nova 10 SE;https://www.gsmarena.com/huawei_nova_10_se-11918.php;N/A;N/A;"66W wired
5W reverse wired";Li-Po 4500 mAh;N/A;N/A;162.4 x 75.5 x 7.4 mm (6.39 x 2.97 x 0.29 in);Nano-SIMNano-SIM + Nano-SIM;184 g (6.49 oz);N/A;5.0, A2DP, LE;N/A;Yes (BNE-LX1 only);GPS, GLONASS, GALILEO, BDS, QZSS;No;USB Type-C 2.0, OTG;Wi-Fi 802.11 a/b/g/n/ac, dual-band;N/A;N/A;1080 x 2400 pixels, 20:9 ratio (~395 ppi density);6.67 inches, 107.4 cm2 (~87.6% screen-to-body ratio);OLED, 1B colors, 90Hz;N/A;N/A;N/A;N/A;N/A;Fingerprint (side-mounted), accelerometer, gyro, compass, proximity (ultrasound);2022, October 05;Available. Released 2022, October 25;N/A;Dual-LED dual-tone flash, panorama, HDR;N/A;N/A;"108 MP, f/1.9, 27mm (wide), PDAF
8 MP, f/2.2, 112˚ (ultrawide)
2 MP, f/2.4, (macro)";1080p@30fps;N/A;No;128GB 6GB RAM, 128GB 8GB RAM, 256GB 8GB RAM;Starry Silver, Mint Green, Starry Black;BNE-LX1, BNE-LX3, BNE-AL00;About 170 EUR;1, 2, 3, 4, 5, 7, 8, 12, 13, 17, 26, 28, 38, 40, 41, 66 - BNE-LX3;GSM 850 / 900 / 1800 / 1900;HSDPA 850 / 900 / 1900 / 2100 - BNE-LX1;1, 3, 5, 7, 8, 20, 28, 34, 38, 39, 40, 41 - BNE-LX1;N/A;N/A;N/A;HSPA, LTE;GSM / HSPA / LTE;N/A;N/A;N/A;N/A;N/A;N/A;N/A;Octa-core (4x2.4 GHz Cortex-A73 & 4x1.9 GHz Cortex-A53);Qualcomm Snapdragon 680G 4G (6 nm);Adreno 610;EMUI 12, no Google Play Services;N/A;N/A;16 MP, f/2.2, (wide);1080p@30fps;N/A;No;Yes
23;Huawei;Huawei Nova Y73;https://www.gsmarena.com/huawei_nova_y73_4g-13827.php;N/A;N/A;"40W wired
5W reverse wired";Si/C Li-Ion 6620 mAh;"IP64 dust tight and water resistant (water splashes)
Drop resistant up to 1.8m";N/A;166.1 x 76.6 x 8.3 mm (6.54 x 3.02 x 0.33 in);Nano-SIM + Nano-SIM;203 g (7.16 oz);N/A;5.1, A2DP, LE;Yes;Yes;GPS, GLONASS, GALILEO, BDS, QZSS;No;USB Type-C 2.0, OTG;Wi-Fi 802.11 b/g/n;N/A;N/A;720 x 1604 pixels, 20:9 ratio (~264 ppi density);6.67 inches, 107.2 cm2 (~84.3% screen-to-body ratio);IPS LCD, 90Hz, 1000 nits (peak);N/A;N/A;N/A;N/A;N/A;Fingerprint (side-mounted), accelerometer, proximity, compass;2025, May 28;Available. Released 2025, June 03;N/A;LED flash, HDR, panorama;N/A;50 MP, f/1.8, (wide), PDAF;N/A;1080p@30fps;N/A;No;128GB 8GB RAM, 256GB 8GB RAM;Blue, Black;MGA-LX3;About 180 EUR;N/A;GSM 850 / 900 / 1800 / 1900;HSDPA 850 / 900 / 1700(AWS) / 1900 / 2100;1, 2, 3, 4, 5, 7, 8, 13, 18, 19, 20, 26, 28, 34, 38, 39, 40, 41, 66;N/A;N/A;N/A;HSPA, LTE;GSM / HSPA / LTE;N/A;N/A;N/A;N/A;N/A;N/A;N/A;Octa-core (4x2.0 GHz Cortex-A73 & 4x1.7 GHz Cortex-A53);Kirin 710A (14 nm);Mali-G51 MP4;Android 12, EMUI 12;N/A;N/A;8 MP, f/2.0, (wide);1080p@30fps;N/A;No;Yes
24;Huawei;Huawei nova 7i;https://www.gsmarena.com/huawei_nova_7i-10058.php;N/A;N/A;40W wired, 70% in 30 min;Li-Po 4200 mAh;N/A;Glass front, plastic back, plastic frame;159.2 x 76.3 x 8.7 mm (6.27 x 3.00 x 0.34 in);Nano-SIMNano-SIM + Nano-SIM;183 g (6.46 oz);N/A;5.1, A2DP, LE;N/A;No;GPS, GLONASS, GALILEO, BDS, QZSS;FM radio (market/region dependent);USB Type-C 2.0, OTG;Wi-Fi 802.11 a/b/g/n/ac, dual-band, Wi-Fi Direct;N/A;N/A;1080 x 2310 pixels (~398 ppi density);6.4 inches, 101.4 cm2 (~83.5% screen-to-body ratio);IPS LCD;N/A;N/A;N/A;N/A;N/A;Fingerprint (side-mounted), accelerometer, proximity, compass;2020, January 30;Available. Released 2020, February 14;N/A;LED flash, HDR, panorama;"48 MP, f/1.8, 26mm (wide), 1/2.0"", 0.8µm, PDAF
8 MP, f/2.4, (ultrawide)
2 MP, f/2.4, (macro)
2 MP, f/2.4, (depth)";N/A;N/A;1080p@30fps;UFS 2.1;Nano Memory (uses shared SIM slot);128GB 8GB RAM;Midnight Black, Crush Green, Sakura Pink;JNY-L22B, JNY-L21A, JNY-L01A, JNY-L21B, JNY-L22A, JNY-L02A, JNY-LX2;About 240 EUR;1, 2, 3, 4, 5, 7, 8, 18, 19, 28, 34, 38, 39, 40, 41 - JNY-L22A, JNY-L02A, JNY-L22B;GSM 850 / 900 / 1800 / 1900;HSDPA 800 / 850 / 900 / 1700(AWS) / 2100;1, 2, 3, 4, 5, 7, 8, 18, 19, 20, 28, 34, 38, 39, 40, 41 - JNY-L21A, JNY-L01A, JNY-L21B;N/A;N/A;N/A;HSPA 42.2/5.76 Mbps, LTE (2CA) Cat13 400/75 Mbps;GSM / CDMA / HSPA / LTE;N/A;N/A;N/A;N/A;N/A;N/A;N/A;Octa-core (2x2.27 GHz Cortex-A76 & 6x1.88 GHz Cortex-A55);Kirin 810 (7 nm);Mali-G52 MP6;Android 10, EMUI 10, no Google Play Services;N/A;HDR;"16 MP, f/2.0, (wide), 1/3.06"", 1.0µm";1080p@30fps;N/A;Yes;Yes
25;Huawei;Huawei Y6p;https://www.gsmarena.com/huawei_y6p-10222.php;N/A;N/A;"10W wired
Reverse wired";Li-Po 5000 mAh;N/A;Glass front, plastic back, plastic frame;159.1 x 74.1 x 9 mm (6.26 x 2.92 x 0.35 in);Nano-SIMNano-SIM + Nano-SIM;185 g (6.53 oz);N/A;5.0, A2DP, LE;N/A;"Yes (market/region dependent)MED-LX9N (Yes); MED-LX9 (No)";GPS, GLONASS, BDS;"FM radio; built-in antenna";microUSB 2.0, OTG;Wi-Fi 802.11 b/g/n, Wi-Fi Direct;N/A;N/A;720 x 1600 pixels, 20:9 ratio (~278 ppi density);6.3 inches, 95.8 cm2 (~81.3% screen-to-body ratio);IPS LCD;N/A;N/A;N/A;N/A;N/A;Fingerprint (rear-mounted), accelerometer, proximity;2020, May 05;Available. Released 2020, May 06;N/A;LED flash, HDR, panorama;N/A;N/A;"13 MP, f/1.8, (wide), PDAF
5 MP, f/2.2, 120˚ (ultrawide)
2 MP, f/2.4, (depth)";1080p@30fps;eMMC 5.1;microSDXC (dedicated slot);32GB 3GB RAM, 64GB 3GB RAM, 64GB 4GB RAM;Phantom Purple, Emerald Green, Midnight Black;MED-LX9, MED-LX9N;About 160 EUR;N/A;GSM 850 / 900 / 1800 / 1900;HSDPA 850 / 900 / 1700(AWS) / 1900 / 2100;1, 2, 3, 4, 5, 7, 8, 20, 28, 34, 38, 39, 40, 41;N/A;N/A;N/A;HSPA 42.2/5.76 Mbps, LTE Cat4 150/50 Mbps;GSM / HSPA / LTE;N/A;N/A;N/A;N/A;N/A;N/A;N/A;Octa-core (4x2.0 GHz Cortex-A53 & 4x1.5 GHz Cortex-A53);Mediatek MT6762R Helio P22 (12 nm);PowerVR GE8320;Android 10, EMUI 10.1, no Google Play Services;N/A;HDR;8 MP, f/2.0, (wide);1080p@30fps;N/A;Yes;Yes
26;Huawei;Huawei Mate 60 Pro;https://www.gsmarena.com/huawei_mate_60_pro-12530.php;N/A;N/A;"88W wired, 100% in 30 min
50W wireless
20W reverse wireless";Li-Po 5000 mAh;IP68 dust tight and water resistant (immersible up to 6m for 30 min);Glass front, aluminum frame, glass back;163.7 x 79 x 8.1 mm (6.44 x 3.11 x 0.32 in);Nano-SIM + Nano-SIM;225 g (7.94 oz);N/A;5.2, A2DP, LE;Yes;Yes;GPS (L1+L5), GLONASS (L1), BDS (B1I+B1c+B2a+B2b), GALILEO (E1+E5a+E5b), QZSS (L1+L5), NavIC (L5);No;USB Type-C 3.1, OTG, DisplayPort 1.2;Wi-Fi 802.11 a/b/g/n/ac/6, dual-band, Wi-Fi Direct;N/A;Huawei Kunlun Glass 2;1260 x 2720 pixels, 19.5:9 ratio (~440 ppi density);6.82 inches, 114.4 cm2 (~88.5% screen-to-body ratio);LTPO OLED, 1B colors, 120Hz;N/A;N/A;N/A;N/A;BDS Satellite Calling and Messaging - China only;Face ID, fingerprint (under display, optical), accelerometer, gyro, proximity, barometer, compass;2023, August 29;Available. Released 2023, August 29;N/A;Laser AF, color spectrum sensor, LED flash, panorama, HDR;N/A;N/A;"50 MP, f/1.4-f/4.0, 24mm (wide), PDAF, OIS
48 MP, f/3.5, 90mm (periscope telephoto), PDAF, OIS, 3.5x optical zoom
12 MP, f/2.2, 13mm, 120˚ (ultrawide), PDAF";4K, 1080p, HDR, gyro-EIS, OIS;UFS 3.1;Nano Memory (uses shared SIM slot);256GB 12GB RAM, 512GB 12GB RAM, 1TB 12GB RAM;Black, White, Green, Purple;ALN-AL00, ALN-AL80;About 890 EUR;CDMA2000 1x;GSM 850 / 900 / 1800 / 1900;HSDPA 800 / 850 / 900 / 1700(AWS) / 1900 / 2100;LTE;SA/NSA;N/A;N/A;HSPA, LTE, 5G;GSM / CDMA / HSPA / CDMA2000 / LTE / 5G;N/A;N/A;N/A;N/A;N/A;N/A;N/A;Octa-core (1x2.62 GHz Taishan Big & 3x2.15 GHz Taishan Mid & 4x1.53GHz Cortex-A510);Kirin 9000S (7 nm);Maleoon 910 MP4;HarmonyOS 4.0 (China);N/A;HDR, panorama;"13 MP, f/2.4, 18mm (ultrawide)
TOF 3D, (depth/biometrics sensor)";4K, 1080p, HDR, gyro-EIS;32-bit/384kHz audio;No;Yes, with stereo speakers
27;Huawei;Huawei Y6 (2019);https://www.gsmarena.com/huawei_y6_(2019)-9620.php;N/A;N/A;N/A;Li-Ion 3020 mAh, non-removable;N/A;Glass front, plastic back, plastic frame;156.3 x 73.5 x 8 mm (6.15 x 2.89 x 0.31 in);Nano-SIM + Nano-SIM;150 g (5.29 oz);N/A;4.2, A2DP, LE;N/A;No;GPS, GLONASS, BDS;FM Radio, built-in antenna;microUSB 2.0;Wi-Fi 802.11 b/g/n, Wi-Fi Direct;N/A;N/A;720 x 1560 pixels, 19.5:9 ratio (~282 ppi density);6.09 inches, 91.0 cm2 (~79.2% screen-to-body ratio);IPS LCD;N/A;N/A;N/A;N/A;N/A;Fingerprint (rear-mounted), accelerometer, proximity;2019, March 02. Released 2019, March 02;Discontinued;N/A;LED flash, HDR, panorama;N/A;13 MP, f/1.8, PDAF;N/A;1080p@30fps;eMMC 5.1;microSDXC (dedicated slot);32GB 2GB RAM;Midnight Black, Sapphire Blue, Amber Brown;MRD-LX1F, MRD-LX1, MRD-LX3, MRD-LX1N;About 130 EUR;N/A;GSM 850 / 900 / 1800 / 1900;HSDPA 850 / 900 / 1900 / 2100;1, 3, 7, 8, 20;N/A;N/A;N/A;HSPA 42.2/5.76 Mbps, LTE (2CA) Cat6 300/50 Mbps;GSM / HSPA / LTE;N/A;N/A;N/A;N/A;N/A;N/A;N/A;Quad-core 2.0 GHz Cortex-A53;Mediatek MT6761 Helio A22 (12 nm);PowerVR GE8320;Android 9.0 (Pie), EMUI 9.1;N/A;LED flash;8 MP, f/2.0;1080p@30fps;N/A;Yes;Yes
28;Huawei;Huawei Mate 20 Pro;https://www.gsmarena.com/huawei_mate_20_pro-9343.php;N/A;N/A;"40W wired, 70% in 30 min
15W wireless
2.5W reverse wireless";Li-Po 4200 mAh, non-removable;IP68 dust tight and water resistant (immersible up to 2m for 30 min);Glass front (Gorilla Glass 5), glass back (Gorilla Glass 5), aluminum frame;157.8 x 72.3 x 8.6 mm (6.21 x 2.85 x 0.34 in);Nano-SIMNano-SIM + Nano-SIM;189 g (6.67 oz);N/A;5.0, A2DP, aptX HD, LE;Yes;Yes;GPS (L1+L5), GLONASS (L1), BDS (B1), GALILEO (E1+E5a), QZSS (L1+L5);No;USB Type-C 3.1, OTG;Wi-Fi 802.11 a/b/g/n/ac, dual-band, DLNA, Wi-Fi Direct;N/A;Corning Gorilla Glass 5;1440 x 3120 pixels, 19.5:9 ratio (~538 ppi density);6.39 inches, 100.2 cm2 (~87.9% screen-to-body ratio);OLED, HDR10;N/A;N/A;N/A;N/A;N/A;Face ID, fingerprint (under display, optical), accelerometer, gyro, proximity, barometer, compass;2018, October 16. Released 2018, October 31;Discontinued;N/A;Laser AF, Leica optics, dual-LED dual-tone flash, panorama, HDR;N/A;N/A;"40 MP, f/1.8, 27mm (wide), 1/1.7"", PDAF
8 MP, f/2.4, 80mm (telephoto), 1/4.0"", PDAF, OIS, 3x optical zoom
20 MP, f/2.2, 16mm (ultrawide), 1/2.7"", PDAF";4K@30fps, 1080p@60fps, 1080p@30fps (gyro-EIS), 720p@960fps;UFS 2.1;Nano Memory (uses shared SIM slot);128GB 6GB RAM, 128GB 8GB RAM, 256GB 8GB RAM;Emerald Green, Midnight Blue, Twilight, Pink Gold, Black;LYA-L09, LYA-L29, LYA-AL00, LYA-AL10, LYA-TL00, LYA-L0C;About 800 EUR;N/A;GSM 850 / 900 / 1800 / 1900;HSDPA 800 / 850 / 900 / 1700(AWS) / 1900 / 2100;1, 2, 3, 4, 5, 6, 7, 8, 9, 12, 17, 18, 19, 20, 26, 28, 32, 34, 38, 39, 40;N/A;N/A;N/A;HSPA 42.2/5.76 Mbps, LTE Cat21 1400/200 Mbps;GSM / HSPA / LTE;Noise -87.7dB / Crosstalk -87.8dB;N/A;Endurance rating 85h;Photo / Video;Contrast ratio: 254000:1 (nominal), 4.965 (sunlight);-28.9 LUFS (Average);"AnTuTu: 273913 (v7), 391046 (v8)
GeekBench: 9712 (v4.4)
GFXBench: 17fps (ES 3.1 onscreen)";Octa-core (2x2.6 GHz Cortex-A76 & 2x1.92 GHz Cortex-A76 & 4x1.8 GHz Cortex-A55);Kirin 980 (7 nm);Mali-G76 MP10;Android 9.0 (Pie), EMUI 9.1;N/A;HDR;"24 MP, f/2.0, 26mm (wide), 1/2.8"", 0.9µm";1080p@30fps;32-bit/384kHz audio;No;Yes, with stereo speakers
29;Huawei;Huawei nova 14 Pro;https://www.gsmarena.com/huawei_nova_14_pro_5g-13878.php;N/A;N/A;"100W wired, SCP, UFCS, PD, PPS, QC
5W reverse wired";5500 mAh;IP65 dust tight and water resistant (low pressure water jets);N/A;163.4 x 75 x 7.8 mm (6.43 x 2.95 x 0.31 in);Nano-SIM + Nano-SIM;207 g (7.30 oz);N/A;5.2, A2DP, LE, L2HC (320-960 kbps HD audio);Yes;Yes;GPS (L1+L5), GLONASS (L1), BDS (B1I+B1c+B2a+B2b), GALILEO (E1+E5a+E5b), QZSS (L1+L5), NavIC;No;USB Type-C 2.0, OTG;Wi-Fi 802.11 a/b/g/n/ac/6/7, dual-band, Wi-Fi Direct;N/A;"Aluminosilicate glass (256/512GB); Kunlun Glass edition (512GB only)";1224 x 2776 pixels (~447 ppi density);6.78 inches, 109.5 cm2 (~89.3% screen-to-body ratio);LTPO OLED, 1B colors, HDR, 120Hz, 1200 nits (HBM);N/A;N/A;N/A;N/A;Virtual proximity sensing;Fingerprint (under display, optical), accelerometer, gyro, compass;2025, May 19;Available. Released 2025, May 19;N/A;Laser AF, color spectrum sensor, Dual-LED flash, panorama, HDR;N/A;N/A;"50 MP, f/1.4-4.0, 24mm (wide), PDAF, OIS
12 MP, f/2.4, 69mm (telephoto), PDAF, OIS, 3x optical zoom
8 MP, f/2.2, 16mm, 112˚ (ultrawide), AF";4K, 1080p, gyro-EIS, HDR Vivid;N/A;No;256GB 12GB RAM, 512GB 12GB RAM;Black, White, Purple, Blue;MIA-AL00;About 430 EUR;CDMA2000 1x;GSM 850 / 900 / 1800 / 1900;HSDPA 800 / 850 / 900 / 1700(AWS) / 1900 / 2100;LTE;SA/NSA;N/A;N/A;HSPA, LTE, 5G;GSM / CDMA / HSPA / CDMA2000 / LTE / 5G;N/A;N/A;N/A;N/A;N/A;N/A;N/A;Octa-core (1x2.29 GHz & 3x2.05 GHz & 4x1.3 GHz);Kirin 8020;Maleoon 920 2cu;HarmonyOS 5.0;"8 MP, f/2.2, 52mm (telephoto), AF, 2x optical zoom
50 MP, f/2.0, (ultrawide), PDAF";HDR, panorama;N/A;4K, 1080p, gyro-EIS, HDR Vivid;N/A;No;Yes, with stereo speakers
30;Huawei;Huawei Mate 50 Pro;https://www.gsmarena.com/huawei_mate_50_pro-11856.php;N/A;N/A;"66W wired
50W wireless
5W reverse wireless";Li-Po 4700 mAh;IP68 dust tight and water resistant (immersible up to 6m for 30 min);N/A;162.1 x 75.5 x 8.5 mm (6.38 x 2.97 x 0.33 in);Nano-SIMNano-SIM + Nano-SIM;205 g / 209 g (7.23 oz);N/A;5.2, A2DP, LE;Yes;Yes;GPS (L1+L5), GLONASS (L1), BDS (B1I+B1c+B2a), GALILEO (E1+E5a), QZSS (L1+L5), NavIC (L5);No;USB Type-C 3.1, OTG, Display Port 1.2;Wi-Fi 802.11 a/b/g/n/ac/6, dual-band, Wi-Fi Direct;N/A;Huawei Kunlun Glass;1212 x 2616 pixels, 19.5:9 ratio (~428 ppi density);6.74 inches, 111.8 cm2 (~91.3% screen-to-body ratio);OLED, 1B colors, 120Hz;N/A;N/A;N/A;N/A;BDS Satellite Messaging (sending only) - China only;Face ID, fingerprint (under display, optical), accelerometer, gyro, proximity, barometer, compass;2022, September 06;Available. Released 2022, September 28;N/A;Laser AF, color spectrum sensor, LED flash, panorama, HDR;N/A;N/A;"50 MP, f/1.4-f/4.0, 24mm (wide), PDAF, OIS
64 MP, f/3.5, 90mm (periscope telephoto), PDAF, OIS, 3.5x optical zoom
13 MP, f/2.2, 13mm, 120˚ (ultrawide), PDAF";4K@30/60fps, 1080p@30/60/120/240/480fps, 720p@960fps, 720p@3840fps, HDR, gyro-EIS;UFS 3.1;Nano Memory (uses shared SIM slot);256GB 8GB RAM, 512GB 8GB RAM;Black, Silver, Purple, Orange;DCO-AL00, DCO-LX9;About 900 EUR;1, 2, 3, 4, 5, 7, 8, 12, 17, 18, 19, 20, 26, 28, 34, 38, 39, 40, 41 - China;GSM 850 / 900 / 1800 / 1900;HSDPA 800 / 850 / 900 / 1700(AWS) / 1900 / 2100;1, 2, 3, 4, 5, 7, 8, 12, 13, 17, 18, 19, 20, 26, 28, 32, 34, 38, 39, 40, 41, 66 - International;N/A;N/A;N/A;HSPA, LTE;GSM / CDMA / HSPA / CDMA2000 / LTE;N/A;Active use score 10:36h;Endurance rating 104h;Photo / Video;946 nits max brightness (measured);-24.8 LUFS (Very good);"AnTuTu: 979921 (v9)
GeekBench: 3839 (v5.1)
GFXBench: 68fps (ES 3.1 onscreen)";Octa-core (1x3.19 GHz Cortex-X2 & 3x2.75 GHz Cortex-A710 & 4x2.0 GHz Cortex-A510);Qualcomm SM8475 Snapdragon 8+ Gen 1 4G (4 nm);Adreno 730;EMUI 13 (International), HarmonyOS 3.0 (China);N/A;HDR, panorama;"13 MP, f/2.4, 18mm (ultrawide)
TOF 3D, (depth/biometrics sensor)";4K@30/60fps, 1080p@30/60/240fps;32-bit/384kHz audio;No;Yes, with stereo speakers
31;Huawei;Huawei nova 3i;https://www.gsmarena.com/huawei_nova_3i-9632.php;N/A;N/A;10W wired;Li-Ion 3340 mAh, non-removable;N/A;Glass front, plastic back, plastic frame;157.6 x 75.2 x 7.6 mm (6.20 x 2.96 x 0.30 in);Nano-SIM + Nano-SIM;169 g (5.96 oz);N/A;4.2, A2DP, LE, EDR, aptX HD;N/A;No;GPS, GLONASS, BDS;FM radio;microUSB 2.0, OTG;Wi-Fi 802.11 b/g/n, Wi-Fi Direct;N/A;N/A;1080 x 2340 pixels, 19.5:9 ratio (~409 ppi density);6.3 inches, 97.4 cm2 (~82.2% screen-to-body ratio);IPS LCD;N/A;N/A;N/A;N/A;N/A;Fingerprint (rear-mounted), accelerometer, gyro, proximity, compass;2018, July 18. Released 2018, July 27;Discontinued;"16 MP, f/2.2, PDAF
2 MP, (depth)";LED flash, HDR, panorama;N/A;N/A;N/A;1080p@30fps;eMMC 5.1;microSDXC (uses shared SIM slot);64GB 4GB RAM, 128GB 4GB RAM, 128GB 6GB RAM;Black, Pearl White, Iris Purple;INE-LX1, INE-LX1r, INE-LX1, Sydney 6353, INE-LX2r, INE-AL00, INE-TL00;About 220 EUR;N/A;GSM 850 / 900 / 1800 / 1900;HSDPA 850 / 900 / 2100;1, 3, 5, 7, 8, 28, 38, 40, 41;N/A;N/A;N/A;HSPA 42.2/5.76 Mbps, LTE (3CA) Cat12 600/150 Mbps;GSM / HSPA / LTE;N/A;N/A;N/A;N/A;N/A;N/A;N/A;Octa-core (4x2.2 GHz Cortex-A73 & 4x1.7 GHz Cortex-A53);Kirin 710 (12 nm);Mali-G51 MP4;Android 8.1 (Oreo), upgradable to Android 9.0 (Pie), EMUI 9.0;"24 MP, f/2.0, 26mm (wide), 1/2.8"", 0.9µm
2 MP, depth sensor";HDR;N/A;1080p@30fps;N/A;Yes;Yes
32;Huawei;Huawei P20 lite;https://www.gsmarena.com/huawei_p20_lite-9098.php;N/A;N/A;18W wired;Li-Po 3000 mAh, non-removable;N/A;Glass front, glass back, aluminum frame;148.6 x 71.2 x 7.4 mm (5.85 x 2.80 x 0.29 in);Nano-SIMNano-SIM + Nano-SIM;145 g (5.11 oz);N/A;4.2, A2DP, LE, EDR, aptX HD;N/A;Yes (LX1 only);GPS, GLONASS, BDS;FM radio;USB Type-C 2.0, OTG;Wi-Fi 802.11 b/g/n (LX2/LX3) or a/b/g/n/ac (LX1/LX2J), Wi-Fi Direct;N/A;N/A;1080 x 2280 pixels, 19:9 ratio (~432 ppi density);5.84 inches, 85.1 cm2 (~80.5% screen-to-body ratio);IPS LCD;N/A;N/A;N/A;N/A;N/A;Fingerprint (rear-mounted), accelerometer, gyro (except LX2, AL00), proximity, compass;2018, March 20. Released 2018, March 26;Discontinued;"16 MP, f/2.2, 1/3.1"", 1.0µm, PDAF
2 MP, (depth)";LED flash, HDR, panorama;N/A;N/A;N/A;1080p@30fps;eMMC 5.1;microSDXC (uses shared SIM slot);32GB 3GB RAM, 32GB 4GB RAM, 64GB 4GB RAM, 128GB 4GB RAM;Klein Blue, Sakura Pink, Midnight Black;NE-TL00, ANE-LX1, ANE-LX2, ANE-LX3, ANE-LX2J, ANE-AL00, ANE-L23, ANE-L22, ANE-L21, HWV32, ANE-TL00, ANY-LX2;About 240 EUR;N/A;GSM 850 / 900 / 1800 / 1900;HSDPA 850 / 900 / 1900 / 2100;1, 3, 7, 8, 20;N/A;N/A;N/A;HSPA 42.2/5.76 Mbps, LTE (2CA) Cat6 300/50 Mbps;GSM / HSPA / LTE;Noise -87.9dB / Crosstalk -82.1dB;N/A;Endurance rating 77h;Photo / Video;Contrast ratio: 1785:1 (nominal), 2.952 (sunlight);Voice 66dB / Noise 71dB / Ring 84dB;"AnTuTu: 87431 (v7)
GeekBench: 3756 (v4.4)
GFXBench: 2.8fps (ES 3.1 onscreen)";Octa-core (4x2.36 GHz Cortex-A53 & 4x1.7 GHz Cortex-A53);Kirin 659 (16 nm);Mali-T830 MP2;Android 8.0 (Oreo), upgradable to Android 9.0 (Pie), EMUI 9.0;N/A;N/A;"16 MP, f/2.0, 28mm (wide), 1/2.8"", 1.12µm
24 MP, f/2.0, 26mm (wide), 1/2.8"", 0.9µm (AL00 for India; TL00 for China)";1080p@30fps;N/A;Yes;Yes
33;Huawei;Huawei nova Y61;https://www.gsmarena.com/huawei_nova_y61-11968.php;N/A;N/A;22.5W wired;5000 mAh;N/A;N/A;164.3 x 75.8 x 8.9 mm (6.47 x 2.98 x 0.35 in);Nano-SIM + Nano-SIM;188 g (6.63 oz);N/A;5.1, A2DP, LE;N/A;Yes (EVE-LX9N only);GPS, GLONASS, GALILEO, BDS, QZSS;Unspecified;USB Type-C 2.0, OTG;Wi-Fi 802.11 b/g/n;N/A;N/A;720 x 1600 pixels, 20:9 ratio (~269 ppi density);6.52 inches, 102.6 cm2 (~82.4% screen-to-body ratio);IPS LCD;N/A;N/A;N/A;N/A;N/A;Fingerprint (side-mounted), accelerometer, proximity, compass;2022, November 01;Available. Released 2022, November;N/A;LED flash, HDR, panorama;N/A;N/A;"50 MP, f/1.8, (wide), AF
2 MP, f/2.4, (macro)
2 MP, f/2.4, (depth)";1080p@30fps;N/A;microSDXC;64GB 4GB RAM, 64GB 6GB RAM, 128GB 4GB RAM, 128GB 8GB RAM;Sapphire Blue, Mint Green, Midnight Black;EVE-LX9, EVE-LX9N, EVE-LX3;About 140 EUR;1, 3, 5, 7, 8, 20, 28, 38, 40, 41 - EVE-LX9, EVE-LX9N;GSM 850 / 900 / 1800 / 1900;HSDPA 850 / 900 / 1700(AWS) / 1900 / 2100 - EVE-LX3;1, 2, 3, 4, 5, 7, 8, 13, 26, 28, 38, 40, 66 - EVE-LX3;N/A;N/A;N/A;HSPA, LTE;GSM / HSPA / LTE;N/A;N/A;N/A;N/A;N/A;N/A;N/A;Octa-core;N/A;N/A;EMUI 12, no Google Play Services;N/A;N/A;5 MP, f/2.2, (wide);1080p@30fps;N/A;Yes;Yes
34;Huawei;Huawei P40;https://www.gsmarena.com/huawei_p40-10153.php;N/A;N/A;22.5W wired;Li-Po 3800 mAh;"IP53 dust protected and water resistant
(vertical water sprays)";Glass front, glass back, aluminum frame;148.9 x 71.1 x 8.5 mm (5.86 x 2.80 x 0.33 in);Nano-SIM + eSIMNano-SIM + Nano-SIM;175 g (6.17 oz);N/A;5.1, A2DP, LE;N/A;Yes;GPS (L1+L5), GLONASS (L1), BDS (B1I+B1c+B2a), GALILEO (E1+E5a), QZSS (L1+L5), NavIC;No;USB Type-C 3.1, OTG;Wi-Fi 802.11 a/b/g/n/ac/6, dual-band, Wi-Fi Direct;N/A;N/A;1080 x 2340 pixels, 19.5:9 ratio (~422 ppi density);6.1 inches, 91.3 cm2 (~86.3% screen-to-body ratio);OLED;N/A;N/A;N/A;N/A;N/A;Infrared Face ID, fingerprint (under display, optical), accelerometer, gyro, proximity, compass;2020, March 26;Available. Released 2020, April 07;N/A;Leica optics, color spectrum sensor, LED flash, panorama, HDR;N/A;N/A;"50 MP, f/1.9, 23mm (wide), 1/1.28"", 1.22µm, multi-directional PDAF, OIS
8 MP, f/2.4, 80mm (telephoto), PDAF, OIS, 3x optical zoom
16 MP, f/2.2, 17mm (ultrawide), AF";"4K@30/60fps, 1080p@30/60fps, 720p@960fps; gyro-EIS";UFS 3.0;Nano Memory (uses shared SIM slot);128GB 6GB RAM, 128GB 8GB RAM, 256GB 8GB RAM;Silver Frost, Blush Gold, Deep Sea Blue, Ice White, Black;ANA-AN00, ANA-TN00, ANA-NX9, ANA-LX4;About 520 EUR;N/A;GSM 850 / 900 / 1800 / 1900;HSDPA 800 / 850 / 900 / 1700(AWS) / 1900 / 2100;1, 2, 3, 4, 5, 6, 7, 8, 9, 12, 17, 18, 19, 20, 26, 28, 32, 34, 38, 39, 40, 41;1, 3, 28, 38, 41, 77, 78, 79 SA/NSA;N/A;N/A;HSPA, LTE, 5G;GSM / HSPA / LTE / 5G;N/A;N/A;Endurance rating 89h;Photo / Video;589 nits max brightness (measured);-28.9 LUFS (Average);"AnTuTu: 486583 (v8)
GeekBench: 12619 (v4.4), 3148 (v5.1)
GFXBench: 37fps (ES 3.1 onscreen)";Octa-core (2x2.86 GHz Cortex-A76 & 2x2.36 GHz Cortex-A76 & 4x1.95 GHz Cortex-A55);Kirin 990 5G (7 nm+);Mali-G76 MP16;Android 10, EMUI 12, no Google Play Services;N/A;HDR;"32 MP, f/2.0, 26mm (wide), 1/2.8"", 0.8µm
IR TOF 3D, (biometrics sensor only)";4K@30/60fps, 1080p@30/60fps;N/A;No;Yes
35;Huawei;Huawei Watch 5;https://www.gsmarena.com/huawei_watch_5-13868.php;N/A;N/A;10W wireless;Li-Ion 867 mAh;"5 ATM (immersible up to 50m for 10 min)
IP68/IP69 dust tight and water resistant (high pressure water jets)
EN13319 certified (40m swimproof/diving)
ECG certified";Sapphire Glass, ceramic backAerospace-grade titanium or 316L stainless steel frame (46mm)904L stainless steel or 316L stainless steel frame (42mm);46 x 46.7 x 11.3 mm (1.81 x 1.84 x 0.44 in);eSIM - cellular model only;48/51/58/63 g (1.69 oz);No;5.2, A2DP, LE;N/A;Yes;GPS (L1+L5), BDS (B1I+B1C), GALILEO (E1+E5a), QZSS (L1+L5), GLONASS;No;No;Wi-Fi 802.11 a/b/g/n/ac/6, dual-band;N/A;Sapphire Glass;466 x 466 pixels (~310 ppi density);1.5 inches;LTPO AMOLED, 3000 nits (peak);N/A;N/A;N/A;N/A;"Heart Rate Variability (HRV)
Arterial Stiffness Detection";Accelerometer, gyro, heart rate, barometer, compass, SpO2, thermometer (body temperature);2025, May 15;Available. Released 2025, May 21;N/A;N/A;N/A;N/A;N/A;N/A;N/A;No;Unspecified;Purple, Silver, Black, Beige, White;RTS-AL00, SOC-AL00;$ 138.00 / € 371.77;N/A;GSM 850 / 900 / 1800 / 1900 - cellular model only;HSDPA 800 / 850 / 900 / 1700(AWS) / 1900 / 2100 - cellular model only;1, 2, 3, 4, 5, 7, 8, 9, 18, 19, 20, 26, 28, 34, 38, 39, 40, 41, 66 - cellular model only;N/A;N/A;N/A;HSPA, LTE - cellular model only;GSM / HSPA / LTE;N/A;N/A;N/A;N/A;N/A;N/A;N/A;N/A;N/A;N/A;HarmonyOS 4.0;N/A;N/A;N/A;N/A;N/A;No;Yes
36;Huawei;Huawei P30;https://www.gsmarena.com/huawei_p30-9530.php;N/A;N/A;22.5W wired;Li-Po 3650 mAh, non-removable;"IP53 dust protected and water resistant
(vertical water sprays)";Glass front (Aluminosilicate glass), glass back (Aluminosilicate glass), aluminum frame;149.1 x 71.4 x 7.6 mm (5.87 x 2.81 x 0.30 in);Nano-SIMNano-SIM + Nano-SIM;165 g (5.82 oz);N/A;5.0, A2DP, aptX HD, LE;N/A;Yes;GPS (L1+L5), GLONASS (L1), BDS (B1), GALILEO (E1+E5a), QZSS (L1+L5);No;USB Type-C 3.1;Wi-Fi 802.11 a/b/g/n/ac, dual-band, Wi-Fi Direct;N/A;N/A;1080 x 2340 pixels, 19.5:9 ratio (~422 ppi density);6.1 inches, 91.3 cm2 (~85.8% screen-to-body ratio);OLED, HDR10;N/A;N/A;N/A;N/A;N/A;Fingerprint (under display, optical), accelerometer, gyro, proximity, compass;2019, March 26. Released 2019, March 26;Discontinued;N/A;Laser AF, color spectrum sensor, Leica optics, dual-LED dual-tone flash, panorama, HDR;N/A;N/A;"40 MP, f/1.8, 27mm (wide), 1/1.7"", PDAF
8 MP, f/2.4, 80mm (telephoto), 1/4.0"", PDAF, OIS, 3x optical zoom
16 MP, f/2.2, 17mm (ultrawide), PDAF";4K@30fps, 1080p@60fps, 1080p@30fps (gyro-EIS), 720p@960fps;UFS 2.1;Nano Memory (uses shared SIM slot);64GB 8GB RAM, 128GB 6GB RAM, 128GB 8GB RAM, 256GB 8GB RAM;Aurora, Amber Sunrise, Breathing Crystal, Black, Pearl White;ELE-L29, ELE-L09, ELE-AL00, ELE-TL00, ELE-L04;About 280 EUR;N/A;GSM 850 / 900 / 1800 / 1900;HSDPA 800 / 850 / 900 / 1700(AWS) / 1900 / 2100;1, 2, 3, 4, 5, 6, 7, 8, 9, 12, 17, 18, 19, 20, 26, 28, 32, 34, 38, 39, 40;N/A;N/A;N/A;HSPA 42.2/5.76 Mbps, LTE Cat21 1400/200 Mbps;GSM / HSPA / LTE;Noise -96.2dB / Crosstalk -97.5dB;N/A;Endurance rating 83h;Photo / Video;635 nits max brightness (measured);Voice 83dB / Noise 75dB / Ring 83dB;"AnTuTu: 314595 (v7)
GeekBench: 10114 (v4.4)
GFXBench: 28fps (ES 3.1 onscreen)";Octa-core (2x2.6 GHz Cortex-A76 & 2x1.92 GHz Cortex-A76 & 4x1.8 GHz Cortex-A55);Kirin 980 (7 nm);Mali-G76 MP10;Android 9.0 (Pie), upgradable to Android 10, EMUI 10;N/A;HDR;"32 MP, f/2.0, 26mm (wide), 1/2.8"", 0.8µm";1080p@30fps;32-bit/384kHz audio;Yes;Yes
37;Huawei;Huawei Mate 70 Pro;https://www.gsmarena.com/huawei_mate_70_pro-13518.php;N/A;N/A;"100W wired
80W wireless
20W reverse wireless
18W reverse wired";5500 mAh;"IP68/IP69 dust tight and water resistant (high pressure water jets; immersible up to 6m for 30 min)";Glass front, aluminum alloy frame;164.6 x 79.5 x 8.2 mm (6.48 x 3.13 x 0.32 in);Nano-SIM + Nano-SIM;221 g (7.80 oz);N/A;5.2, A2DP, LE, L2HC;Yes;Yes;GPS (L1+L5), GLONASS (L1), BDS (B1I+B1c+B2a+B2b), GALILEO (E1+E5a+E5b), QZSS (L1+L5), NavIC;No;USB Type-C 3.1, OTG, DisplayPort 1.2;Wi-Fi 802.11 a/b/g/n/ac/6/7, dual-band, Wi-Fi Direct;N/A;Huawei Kunlun Glass 2;1316 x 2832 pixels, 19.5:9 ratio (~453 ppi density);6.9 inches, 117.4 cm2 (~89.7% screen-to-body ratio);LTPO OLED, 1B colors, 120Hz, 2500 nits (peak);N/A;N/A;N/A;N/A;BDS Satellite Calling and Messaging - China only;Face ID, fingerprint (side-mounted), accelerometer, gyro, proximity, barometer, compass;2024, November 26;Available. Released 2024, November 26;N/A;Laser AF, color spectrum sensor, LED flash, panorama, HDR;N/A;N/A;"50 MP, f/1.4-f/4.0, 24mm (wide), PDAF, OIS
48 MP, f/2.1, 93mm (periscope telephoto), PDAF, OIS, 3.5x optical zoom
40 MP, f/2.2, 13mm, 120˚ (ultrawide), PDAF";4K, 1080p, HDR, gyro-EIS, OIS;N/A;No;256GB 12GB RAM, 512GB 12GB RAM, 1TB 12GB RAM;Black, Purple, White, Green;PLR-AL00, PLR-AL50;About 860 EUR;CDMA2000 1x;GSM 850 / 900 / 1800 / 1900;HSDPA 800 / 850 / 900 / 1700(AWS) / 1900 / 2100;LTE;SA/NSA;N/A;N/A;HSPA, LTE, 5G;GSM / CDMA / HSPA / CDMA2000 / LTE / 5G;N/A;N/A;N/A;N/A;N/A;N/A;N/A;Octa-core (1x2.5 GHz & 3x2.15 GHz & 4x1.6 GHz) - PLR-AL00Octa-core (1x2.4 GHz & 3x2.0 GHz & 4x1.6 GHz) - PLR-AL50;Kirin 9020;Maleoon 920;HarmonyOS 4.3;N/A;HDR, panorama;"13 MP, f/2.4, 18mm (ultrawide)
TOF 3D, (depth/biometrics sensor)";4K, 1080p, HDR, gyro-EIS;High-definition audio;No;Yes, with stereo speakers
38;Huawei;Huawei Y7 (2019);https://www.gsmarena.com/huawei_y7_(2019)-9625.php;N/A;N/A;10W wired;Li-Ion 4000 mAh, non-removable;N/A;Glass front, plastic back, plastic frame;158.9 x 76.9 x 8.1 mm (6.26 x 3.03 x 0.32 in);Nano-SIM + Nano-SIM;168 g (5.93 oz);N/A;4.2, A2DP, LE;N/A;No;GPS, GLONASS, BDS;FM radio;microUSB 2.0;Wi-Fi 802.11 b/g/n, Wi-Fi Direct;N/A;N/A;720 x 1520 pixels, 19:9 ratio (~269 ppi density);6.26 inches, 97.8 cm2 (~80.0% screen-to-body ratio);IPS LCD;N/A;N/A;N/A;N/A;N/A;Fingerprint (rear-mounted), accelerometer, proximity, compass;2019, March 07. Released 2019, March 07;Discontinued;"13 MP, f/1.8, PDAF
2 MP, (depth)";LED flash, HDR, panorama;N/A;N/A;N/A;1080p@30fps;eMMC 5.1;microSDXC (uses shared SIM slot);32GB 3GB RAM, 64GB 4GB RAM;Aurora Blue, Midnight Black, Coral Red;DUB-LX1, DUB-LX3;About 180 EUR;N/A;GSM 850 / 900 / 1800 / 1900;HSDPA 850 / 900 / 1900 / 2100;1, 3, 7, 8, 20;N/A;N/A;N/A;HSPA 42.2/5.76 Mbps, LTE (2CA) Cat6 300/50 Mbps;GSM / HSPA / LTE;N/A;N/A;N/A;N/A;N/A;N/A;N/A;Octa-core 1.8 GHz Cortex-A53;Qualcomm SDM450 Snapdragon 450 (14 nm);Adreno 506;Android 8.1 (Oreo), EMUI 8.2;N/A;HDR;8 MP;1080p@30fps;N/A;Yes;Yes
39;Huawei;Huawei Watch GT 5 Pro;https://www.gsmarena.com/huawei_watch_gt_5_pro-13349.php;N/A;N/A;Wireless;Li-Ion 524 mAh;"40m swimproof/diving (EN13319)
IP69K dust tight and water resistant (high pressure water jets; immersible up to 50m/5ATM for 10 min)
ECG certified";Glass front, titanium alloy frame, ceramic back (Ceramic White model only);46.3 x 46.3 x 10.9 mm (1.82 x 1.82 x 0.43 in);No;44 g or 53 g (1.55 oz);No;5.2, A2DP, LE;N/A;Yes;GPS (L1+L5), BDS (B1I+B1c), GALILEO (E1+E5a), QZSS (L1+L5), GLONASS;No;No;No;N/A;N/A;466 x 466 pixels (~326 ppi density);1.43 inches;AMOLED, 1200 nits (peak);N/A;N/A;N/A;N/A;N/A;Accelerometer, gyro, heart rate, barometer, compass, SpO2, thermometer (body temperature);2024, September 19;Available. Released 2024, September 19;N/A;N/A;N/A;N/A;N/A;N/A;N/A;No;Unspecified;Titanium, Black, Ceramic White, White;VLI-B29;$ 253.29 / € 309.99;N/A;N/A;N/A;N/A;N/A;No;No;N/A;No cellular connectivity;N/A;N/A;N/A;N/A;N/A;N/A;N/A;N/A;N/A;N/A;HarmonyOS 5.0;N/A;N/A;N/A;N/A;N/A;No;Yes
40;Huawei;Huawei Mate 10 Pro;https://www.gsmarena.com/huawei_mate_10_pro-8854.php;N/A;N/A;22.5W wired, 58% in 30 min;Li-Po 4000 mAh, non-removable;IP67 dust/water resistant (up to 1m for 30 min);Glass front (Gorilla Glass), glass back, aluminum frame;154.2 x 74.5 x 7.9 mm (6.07 x 2.93 x 0.31 in);Nano-SIMNano-SIM + Nano-SIM;178 g (6.28 oz);N/A;4.2, A2DP, aptX HD, LE;Yes;Yes;GPS, GLONASS, BDS;No;USB Type-C 3.1, OTG;Wi-Fi 802.11 a/b/g/n/ac, dual-band, DLNA, Wi-Fi Direct;N/A;Corning Gorilla Glass (unspecified version);1080 x 2160 pixels, 18:9 ratio (~402 ppi density);6.0 inches, 92.9 cm2 (~80.9% screen-to-body ratio);OLED, HDR10;N/A;N/A;N/A;N/A;N/A;Fingerprint (rear-mounted), accelerometer, gyro, proximity, barometer, compass;2017, October. Released 2017, November;Discontinued;"12 MP, f/1.6, 27mm (wide), 1/2.9"", 1.25µm, PDAF, OIS
20 MP B/W, f/1.6, 27mm (wide), 1/2.7""";Laser AF, Leica optics, dual-LED dual-tone flash, panorama, HDR;N/A;N/A;N/A;4K@30fps, 1080p@30/60fps;UFS 2.1;No;64GB 4GB RAM, 128GB 6GB RAM;Midnight Blue, Titanium Gray, Mocha Brown, Pink Gold;BLA-L29, BLA-L09, BLA-AL00, BLA-A09, BLA-TL00;About 450 EUR;N/A;GSM 850 / 900 / 1800 / 1900 - SIM 1 & SIM 2 (dual-SIM model only);HSDPA 800 / 850 / 900 / 1700(AWS) / 1900 / 2100;1, 2, 3, 4, 5, 6, 7, 8, 9, 12, 17, 18, 19, 20, 26, 28, 32, 34, 38, 39, 40;N/A;N/A;N/A;HSPA 42.2/5.76 Mbps, LTE (3CA) Cat18 1200/150 Mbps;GSM / HSPA / LTE;Noise -93.5dB / Crosstalk -93.4dB;N/A;Endurance rating 96h;Photo / Video;Contrast ratio: Infinity (nominal), 4.096 (sunlight);Voice 70dB / Noise 73dB / Ring 84dB;"GeekBench: 6783 (v4.4)
GFXBench: 21fps (ES 3.1 onscreen)";Octa-core (4x2.4 GHz Cortex-A73 & 4x1.8 GHz Cortex-A53);Kirin 970 (10 nm);Mali-G72 MP12;Android 8.0 (Oreo), upgradable to Android 10, EMUI 10.2;N/A;N/A;"8 MP, f/2.0, 26mm (wide), 1/3.2"", 1.4µm, AF";1080p@30fps;32-bit/384kHz audio;No;Yes, with stereo speakers
41;Huawei;Huawei Watch Ultimate 2;https://www.gsmarena.com/huawei_watch_ultimate_2-14166.php;N/A;N/A;10W wireless;Li-Ion 867 mAh;"150m swimproof/diving (EN13319, ISO 22810:2010)
IP68 dust tight and water resistant (immersible up to 150m/20ATM)
ECG certified";Sapphire crystal front, cerramic bezzel, zirconium front case, ceramic back;48.5 x 48.5 x 12.9 mm - Black47.8 x 47.8 x 12.9 mm - Blue;eSIM;80.5 g (2.86 oz);No;5.2, A2DP, LE;N/A;Yes;GPS (L1+L5), BDS (B1I+B1c), GALILEO (E1+E5a), QZSS (L1+L5), GLONASS;No;No;Wi-Fi 802.11 a/b/g/n/ac/6;N/A;N/A;466 x 466 pixels (~310 ppi density);1.5 inches;LTPO2 AMOLED, 3500 nits (peak);N/A;N/A;N/A;N/A;"Sonar-based underwater communication (Nearlink, up to 30m distance)
BDS Satellite Messaging - China only
Heart Rate Variability (HRV)
Arterial Stiffness Detection";Accelerometer, gyro, heart rate, barometer, compass, SpO2, thermometer (body temperature), X-TAP;2025, September 19;Coming soon. Exp. release 2025, September 29;N/A;N/A;N/A;N/A;N/A;N/A;N/A;No;N/A;Black, Blue;MCH-AL00;N/A;N/A;GSM 850 / 900 / 1800 / 1900;HSDPA 850 / 900 / 1900 / 2100;LTE;N/A;N/A;N/A;HSPA, LTE;GSM / HSPA / LTE;N/A;N/A;N/A;N/A;N/A;N/A;N/A;N/A;N/A;N/A;HarmonyOS 5.1;N/A;N/A;N/A;N/A;N/A;No;Yes
42;Huawei;Huawei Y9 Prime (2019);https://www.gsmarena.com/huawei_y9_prime_(2019)-9742.php;N/A;N/A;N/A;Li-Po 4000 mAh, non-removable;N/A;Glass front, plastic back;163.5 x 77.3 x 8.9 mm (6.44 x 3.04 x 0.35 in);Nano-SIMNano-SIM + Nano-SIM;196.8 g (6.95 oz);N/A;5.0, A2DP, LE;N/A;No;GPS, GLONASS, GALILEO, BDS, QZSS;FM radio;USB Type-C 2.0, OTG;Wi-Fi 802.11 a/b/g/n/ac, dual-band, Wi-Fi Direct;N/A;N/A;1080 x 2340 pixels, 19.5:9 ratio (~391 ppi density);6.59 inches, 106.6 cm2 (~84.3% screen-to-body ratio);IPS LCD;N/A;N/A;N/A;N/A;N/A;Fingerprint (rear-mounted), accelerometer, gyro, proximity, compass;2019, August 01. Released 2019, August 05;Discontinued;N/A;LED flash, HDR, panorama;N/A;N/A;"16 MP, f/1.8, (wide), PDAF
8 MP, f/2.4, 13mm (ultrawide)
2 MP, f/2.4, (depth)";1080p@30fps;eMMC;microSDXC (dedicated slot);64GB 4GB RAM, 128GB 4GB RAM;Emerald Green, Midnight Black, Sapphire Blue;STK-L21, STK-L22, STK-LX3;About 220 EUR;N/A;GSM 850 / 900 / 1800 / 1900;HSDPA 800 / 850 / 900 / 1700(AWS) / 1900 / 2100;1, 2, 3, 4, 5, 7, 8, 18, 19, 20, 26, 28, 38, 40, 41;N/A;N/A;N/A;HSPA 42.2/5.76 Mbps, LTE (2CA) Cat12 600/50 Mbps;GSM / HSPA / LTE;N/A;N/A;N/A;N/A;N/A;N/A;N/A;Octa-core (4x2.2 GHz Cortex-A73 & 4x1.7 GHz Cortex-A53);Kirin 710F (12 nm);Mali-G51 MP4;Android 9.0 (Pie), upgradable to Android 10, Magic UI 2.1;N/A;N/A;Motorized pop-up 16 MP, f/2.0;1080p@30fps;N/A;Yes;Yes
43;Huawei;Huawei Mate 30 Pro;https://www.gsmarena.com/huawei_mate_30_pro-9885.php;N/A;N/A;"40W wired
27W wireless
Reverse wireless";Li-Po 4500 mAh, non-removable;IP68 dust tight and water resistant (immersible up to 2m for 30 min);Glass front (Gorilla Glass 6), glass back (Gorilla Glass 6), aluminum frame;158.1 x 73.1 x 8.8 mm (6.22 x 2.88 x 0.35 in);Nano-SIMNano-SIM + Nano-SIM;198 g (6.98 oz);N/A;5.1, A2DP, aptX HD, LE;Yes;Yes;GPS (L1+L5), GLONASS (L1), BDS (B1), GALILEO (E1+E5a), QZSS (L1+L5);No;USB Type-C 3.1, OTG;Wi-Fi 802.11 a/b/g/n/ac, dual-band, DLNA, Wi-Fi Direct;N/A;Corning Gorilla Glass 6;1176 x 2400 pixels, 18.5:9 ratio (~409 ppi density);6.53 inches, 108.7 cm2 (~94.1% screen-to-body ratio);OLED, HDR10;N/A;N/A;N/A;N/A;N/A;Face ID, fingerprint (under display, optical), accelerometer, gyro, proximity, barometer, compass;2019, September 19. Released 2019, September 26;Discontinued;N/A;Leica optics, dual-LED dual-tone flash, panorama, HDR;N/A;N/A;"40 MP, f/1.6, 27mm (wide), 1/1.7"", PDAF, OIS
8 MP, f/2.4, 80mm (telephoto), 1/4.0"", PDAF, OIS, 3x optical zoom
40 MP, f/1.8, 18mm (ultrawide), 1/1.54"", PDAF
TOF 3D, (depth)";4K@30/60fps, 1080p@30/60/120fps, 1080p@960fps, 720p@7680fps, gyro-EIS;UFS 3.0;Nano Memory (uses shared SIM slot);128GB 8GB RAM, 256GB 8GB RAM;Black, Space Silver, Cosmic Purple, Emerald Green;LIO-L09, LIO-L29, LIO-AL00, LIO-TL00;About 1290 EUR;1, 2, 3, 4, 5, 6, 7, 8, 9, 12, 17, 18, 19, 20, 26, 34, 38, 39, 40, 41 - China;GSM 850 / 900 / 1800 / 1900;HSDPA 800 / 850 / 900 / 1700(AWS) / 1900 / 2100;1, 2, 3, 4, 5, 6, 7, 8, 9, 12, 17, 18, 19, 20, 26, 28, 32, 34, 38, 39, 40, 41 - Global;N/A;N/A;N/A;HSPA, LTE;GSM / HSPA / LTE;N/A;N/A;Endurance rating 103h;Photo / Video;686 nits max brightness (measured);-29.3 LUFS (Average);"AnTuTu: 378950 (v7), 484529 (v8)
GeekBench: 11936 (v4.4), 3038 (v5.1)
GFXBench: 34fps (ES 3.1 onscreen)";Octa-core (2x2.86 GHz Cortex-A76 & 2x2.09 GHz Cortex-A76 & 4x1.86 GHz Cortex-A55);Kirin 990 (7 nm);Mali-G76 MP16;Android 10, EMUI 11, no Google Play Services;N/A;HDR, panorama;"32 MP, f/2.0, 26mm (wide), 1/2.8"", 0.8µm
TOF 3D, (depth/biometrics sensor)";1080p@30fps;32-bit/384kHz audio;No;Yes
44;Huawei;Huawei Pura 80 Ultra;https://www.gsmarena.com/huawei_pura_80_ultra_5g-13944.php;N/A;N/A;"100W wired
80W wireless
20W reverse wireless
18W reverse wired";Li-Po 5170 mAh - InternationalLi-Po 5700 mAh - China;"IP68/IP69 dust tight and water resistant (high pressure water jets; immersible up to 2m for 30 min)";Glass front, aluminum frame, glass back;163 x 76.1 x 8.3 mm (6.42 x 3.00 x 0.33 in);Nano-SIM + Nano-SIM + eSIM (max 2 at a time)Nano-SIM + eSIM;233.5 g (8.25 oz);N/A;5.2, A2DP, LE, L2HC;Yes;Yes;GPS (L1+L5), GLONASS (L1), BDS (B1I+B1c+B2a+B2b), GALILEO (E1+E5a+E5b), QZSS (L1+L5), NavIC;No;USB Type-C 3.1, OTG, DisplayPort 1.2;Wi-Fi 802.11 a/b/g/n/ac/6/7, dual-band, Wi-Fi Direct;N/A;Kunlun Glass 2 (Basalt-tempered) / 2nd-Gen Crystal Armor Kunlun Glass, Mohs level 4;1276 x 2848 pixels, 20:9 ratio (~459 ppi density);6.8 inches, 111.3 cm2 (~89.7% screen-to-body ratio);LTPO OLED, 1B colors, HDR Vivid, 120Hz, 1440Hz PWM, 3000 nits (peak);41:00h endurance, 1000 cycles;Class C;Class D (45 falls);Class C;BDS Satellite Calling and Messaging - China only;Fingerprint (side-mounted), accelerometer, gyro, proximity, compass, barometer;2025, June 11;Available. Released 2025, June 11;N/A;Laser AF, color spectrum sensor, LED flash, panorama, HDR;"50 MP, f/1.6-4.0, 23mm (wide), 1.0""-type, dual pixel PDAF, OIS
50 MP, f/2.4, 83mm (periscope telephoto), 1/1.28"", PDAF, sensor-shift OIS, 3.7x optical zoom
12.5 MP, f/3.6, 212mm (periscope telephoto), PDAF, sensor-shift OIS, 9.4x optical zoom
40 MP, f/2.2, 13mm (ultrawide), AF
* Both telephoto cameras utilize the same camera sensor w/o continuous optical zoom";N/A;N/A;4K, 1080p, 1080p@960fps (interpolated), HDR Vivid, gyro-EIS, OIS;N/A;No;512GB 16GB RAM, 1TB 16GB RAM;Prestige Gold, Golden Black;LMR-AL10, LMU-LX9;About 1220 EUR;CDMA2000 1x;GSM 850 / 900 / 1800 / 1900;HSDPA 800 / 850 / 900 / 1700(AWS) / 1900 / 2100;1, 2, 3, 4, 5, 6, 7, 8, 9, 12, 13, 17, 18, 19, 20, 25, 26, 28, 32, 34, 38, 39, 40, 41, 42, 66 - International;SA/NSA - China only;N/A;N/A;HSPA, LTE, 5G (China only);GSM / CDMA / HSPA / CDMA2000 / LTE / 5G;N/A;Active use score 11:51h;N/A;N/A;1029 nits max brightness (measured);-24.1 LUFS (Very good);"AnTuTu: 1160268 (v10)
GeekBench: 4368 (v6)
3DMark: 1850 (Wild Life Extreme)";Octa-core (1x2.5GHz & 3x2.15 GHz & 4x1.6GHz);Kirin 9020 (7 nm);Maleoon 920;EMUI (International), HarmonyOS 5.1 (China);N/A;HDR, panorama;13 MP, f/2.0, (ultrawide), AF;4K, 1080p, 1080p@240fps, HDR Vivid, gyro-EIS;N/A;No;Yes, with stereo speakers
45;Huawei;Huawei Pura 70;https://www.gsmarena.com/huawei_pura_70-12943.php;N/A;N/A;"66W wired
50W wireless
7.5W reverse wireless
5W reverse wired";Li-Po 4900 mAh;IP68 dust tight and water resistant (immersible up to 1.5m for 30 min);Glass front, aluminum frame;157.6 x 74.3 x 8 mm (6.20 x 2.93 x 0.31 in);Nano-SIM + Nano-SIM;207 g (7.30 oz);N/A;5.2, A2DP, LE, L2HC;N/A;Yes;GPS (L1+L5), GLONASS (L1), BDS (B1I+B1c+B2a+B2b), GALILEO (E1+E5a+E5b), QZSS (L1+L5), NavIC;No;USB Type-C 3.1, OTG, DisplayPort 1.2;Wi-Fi 802.11 a/b/g/n/ac/6, dual-band, Wi-Fi Direct;N/A;Kunlun Glass 2;1256 x 2760 pixels (~460 ppi density);6.6 inches, 105.5 cm2 (~90.1% screen-to-body ratio);LTPO OLED, 1B colors, HDR, 120Hz, 1440Hz PWM, 2500 nits (peak);N/A;N/A;N/A;N/A;N/A;Fingerprint (under display, optical), accelerometer, proximity, gyro, compass;2024, April 18;Available. Released 2024, May 06;N/A;Laser AF, color spectrum sensor, LED flash, panorama, HDR;N/A;N/A;"50 MP, f/1.4-4.0, 25mm (wide), 1/1.3"", PDAF, OIS
12 MP, f/3.4, 125mm (periscope telephoto), PDAF, OIS, 5x optical zoom
13 MP, f/2.2, 13mm (ultrawide)";4K, 1080p, HDR, gyro-EIS, OIS;N/A;No;256GB 12GB RAM, 512GB 12GB RAM, 1TB 12GB RAM;Black, White, Blue, Pink;ADY-LX9, ADY-AL00, ADY-AL10;€ 532.53;CDMA2000 1x;GSM 850 / 900 / 1800 / 1900;HSDPA 800 / 850 / 900 / 1700(AWS) / 1900 / 2100;1, 2, 3, 4, 5, 6, 7, 8, 9, 12, 17, 18, 19, 20, 26, 28, 34, 38, 39, 40, 41, 42;SA/NSA - China only;N/A;N/A;HSPA, LTE, 5G;GSM / CDMA / HSPA / CDMA2000 / LTE / 5G;N/A;N/A;N/A;N/A;N/A;N/A;N/A;Octa-core;Kirin 9000S1;N/A;EMUI 14.2 (International), HarmonyOS 4.2 (China);N/A;HDR, panorama;13 MP, f/2.4, (ultrawide);Yes, HDR;N/A;No;Yes, with stereo speakers
46;Huawei;Huawei nova 12i;https://www.gsmarena.com/huawei_nova_12i-12882.php;N/A;N/A;40W wired, 3-62% in 30 min;Li-Po 5000 mAh;N/A;N/A;163.3 x 74.7 x 8.4 mm (6.43 x 2.94 x 0.33 in);Nano-SIMNano-SIM + Nano-SIM;199 g (7.02 oz);N/A;5.0, A2DP, LE;N/A;Yes;GPS, GLONASS, GALILEO, BDS, QZSS;No;USB Type-C 2.0;Wi-Fi 802.11 a/b/g/n/ac, dual-band;N/A;N/A;1080 x 2388 pixels (~391 ppi density);6.7 inches, 108.7 cm2 (~89.1% screen-to-body ratio);IPS LCD, 90Hz;N/A;N/A;N/A;N/A;N/A;Fingerprint (side-mounted), accelerometer, compass;2024, March 19;Available. Released 2024, April 16;"108 MP, f/1.9, 26mm (wide), PDAF
2 MP, f/2.4, (depth)";LED flash, HDR, panorama;N/A;N/A;N/A;1080p@30fps;N/A;No;128GB 8GB RAM, 256GB 8GB RAM;Green, Black, White;CTR-AL20, CTR-L81;About 110 EUR;N/A;GSM 850 / 900 / 1800 / 1900;HSDPA 850 / 900 / 1700(AWS) / 1900 / 2100;1, 2, 3, 4, 5, 7, 8, 18, 19, 20, 26, 28, 34, 38, 39, 40, 41;N/A;N/A;N/A;HSPA, LTE;GSM / HSPA / LTE;N/A;N/A;N/A;N/A;N/A;N/A;N/A;Octa-core (4x2.4 GHz Cortex-A73 & 4x1.9 GHz Cortex-A53);Qualcomm Snapdragon 680 4G (6 nm);Adreno 610;EMUI 14, no Google Play Services;N/A;N/A;8 MP, f/2.0, (wide);1080p@30fps;N/A;No;Yes
47;Huawei;Huawei Y9 (2019);https://www.gsmarena.com/huawei_y9_(2019)-9324.php;N/A;N/A;10W wired;Li-Ion 4000 mAh, non-removable;N/A;Glass front, plastic back, plastic frame;162.4 x 77.1 x 8.1 mm (6.39 x 3.04 x 0.32 in);Nano-SIMNano-SIM + Nano-SIM;173 g (6.10 oz);N/A;5.0, A2DP, LE;N/A;No;GPS, GLONASS, BDS;FM radio;microUSB 2.0;Wi-Fi 802.11 а/b/g/n/ac, dual-band, Wi-Fi Direct;N/A;N/A;1080 x 2340 pixels, 19.5:9 ratio (~396 ppi density);6.5 inches, 103.7 cm2 (~82.8% screen-to-body ratio);IPS LCD;N/A;N/A;N/A;N/A;N/A;Fingerprint (rear-mounted), accelerometer, gyro, proximity, compass;2018, October 01. Released 2018, October 01;Discontinued;"13 MP, f/1.8, PDAF
2 MP, f/2.4, (depth)";LED flash, HDR, panorama;N/A;N/A;N/A;1080p@30fps;eMMC 5.1;microSDXC (dedicated slot);64GB 3GB RAM, 64GB 4GB RAM, 128GB 4GB RAM, 128GB 6GB RAM;Midnight Black, Sapphire Blue, Aurora Purple;JKM-LX1, JKM-LX2, JKM-LX3, JKM-AL00, JKM-TL00, JKM-AL00a, JKM-AL00b;About 180 EUR;N/A;GSM 850 / 900 / 1800 / 1900;HSDPA 850 / 900 / 1900 / 2100;1, 3, 7, 8, 20;N/A;N/A;N/A;HSPA, LTE;GSM / HSPA / LTE;N/A;N/A;N/A;N/A;N/A;N/A;N/A;Octa-core (4x2.2 GHz Cortex-A73 & 4x1.7 GHz Cortex-A53);Kirin 710 (12 nm);Mali-G51 MP4;Android 8.1 (Oreo), EMUI 8.2;"16 MP, f/2.0
2 MP, f/2.4, depth sensor";HDR;N/A;1080p@30fps;N/A;Yes;Yes
48;Huawei;Huawei P30 Pro;https://www.gsmarena.com/huawei_p30_pro-9635.php;N/A;N/A;"40W wired, 70% in 30 min
15W wireless
2.5W reverse wireless";Li-Po 4200 mAh, non-removable;IP68 dust tight and water resistant (immersible up to 2m for 30 min);Glass front (Aluminosilicate glass), glass back (Aluminosilicate glass), aluminum frame;158 x 73.4 x 8.4 mm (6.22 x 2.89 x 0.33 in);Nano-SIMNano-SIM + Nano-SIM;192 g (6.77 oz);N/A;5.0, A2DP, aptX HD, LE;Yes;Yes;GPS (L1+L5), GLONASS (L1), BDS (B1), GALILEO (E1+E5a), QZSS (L1+L5);No;USB Type-C 3.1;Wi-Fi 802.11 a/b/g/n/ac, dual-band, Wi-Fi Direct;N/A;N/A;1080 x 2340 pixels, 19.5:9 ratio (~398 ppi density);6.47 inches, 102.8 cm2 (~88.6% screen-to-body ratio);OLED, HDR10;N/A;N/A;N/A;N/A;N/A;Fingerprint (under display, optical), accelerometer, gyro, proximity, compass;2019, March 26. Released 2019, March 26;Discontinued;N/A;Leica optics, color spectrum sensor, dual-LED dual-tone flash, panorama, HDR;N/A;N/A;"40 MP, f/1.6, 27mm (wide), 1/1.7"", PDAF, OIS
8 MP, f/3.4, 125mm (periscope telephoto), 1/4.0"", PDAF, OIS, 5x optical zoom
20 MP, f/2.2, 16mm (ultrawide), 1/2.7"", PDAF
TOF 3D, (depth)";4K@30fps, 1080p@60fps, 1080p@30fps (gyro-EIS), 720p@960fps;UFS 2.1;Nano Memory (uses shared SIM slot);128GB 6GB RAM, 128GB 8GB RAM, 256GB 8GB RAM, 512GB 8GB RAM;Aurora, Amber Sunrise, Breathing Crystal, Black, Pearl White, Misty Lavender, Mystic Blue;VOG-L29, VOG-L09, VOG-AL00, VOG-TL00, VOG-L04, VOG-AL10, HW-02L;About 670 EUR;1, 2, 3, 4, 5, 6, 7, 8, 9, 12, 17, 18, 19, 20, 26, 28, 34, 38, 39, 40, 66;GSM 850 / 900 / 1800 / 1900;HSDPA 800 / 850 / 900 / 1700(AWS) / 1900 / 2100;1, 2, 3, 4, 5, 6, 7, 8, 9, 12, 17, 18, 19, 20, 26, 28, 32, 34, 38, 39, 40;N/A;N/A;N/A;HSPA 42.2/5.76 Mbps, LTE Cat21 1400/200 Mbps;GSM / HSPA / LTE;Noise -90.5dB / Crosstalk -93.0dB;N/A;Endurance rating 100h;Photo / Video;Contrast ratio: Infinite (nominal), 5.119 (sunlight);-28.1 LUFS (Average);"AnTuTu: 316156 (v7), 401208 (v8)
GeekBench: 10014 (v4.4), 2521 (v5.1)
GFXBench: 29fps (ES 3.1 onscreen)";Octa-core (2x2.6 GHz Cortex-A76 & 2x1.92 GHz Cortex-A76 & 4x1.8 GHz Cortex-A55);Kirin 980 (7 nm);Mali-G76 MP10;Android 9.0 (Pie), upgradable to Android 10, EMUI 10;N/A;HDR;"32 MP, f/2.0, 26mm (wide), 1/2.8"", 0.8µm";1080p@30fps;32-bit/384kHz audio;No;Yes
49;Huawei;Huawei Watch GT 6 Pro;https://www.gsmarena.com/huawei_watch_gt_6_pro-14167.php;N/A;N/A;10W wireless;Li-Ion 867 mAh;"40m swimproof/diving (EN13319)
IP69 dust tight and water resistant (high pressure water jets; immersible up to 50m/5ATM for 10 min)
ECG certified";Glass front, titanium alloy frame, ceramic back;45.6 x 45.6 x 11.3 mm (1.80 x 1.80 x 0.44 in);No;54.7 g (1.94 oz);No;6.0, A2DP, LE;N/A;Yes;GPS (L1+L5), BDS (B1I+B1c+B1a), GALILEO (E1+E5a), QZSS (L1+L5), GLONASS, NavIC;No;No;No;N/A;N/A;466 x 466 pixels (~317 ppi density);1.47 inches;AMOLED, 3000 nits (peak);N/A;N/A;N/A;N/A;N/A;Accelerometer, gyro, heart rate, barometer, compass, SpO2, thermometer (body temperature);2025, September 19;Available. Released 2025, September 19;N/A;N/A;N/A;N/A;N/A;N/A;N/A;No;Unspecified;Silver, Brown, Black;ATM-B29;About 380 EUR;N/A;N/A;N/A;N/A;N/A;No;No;N/A;No cellular connectivity;N/A;N/A;N/A;N/A;N/A;N/A;N/A;N/A;N/A;N/A;HarmonyOS 6.0;N/A;N/A;N/A;N/A;N/A;No;Yes
50;Huawei;Huawei P20;https://www.gsmarena.com/huawei_p20-9107.php;N/A;N/A;22.5W wired;Li-Po 3400 mAh, non-removable;Water-repellent coating;Glass front, glass back, aluminum frame;149.1 x 70.8 x 7.7 mm (5.87 x 2.79 x 0.30 in);Nano-SIMNano-SIM + Nano-SIM;165 g (5.82 oz);N/A;4.2, A2DP, LE, EDR, aptX HD;N/A;Yes;GPS, GLONASS, GALILEO;No;USB Type-C 3.1;Wi-Fi 802.11 a/b/g/n/ac, dual-band, Wi-Fi Direct;N/A;N/A;1080 x 2240 pixels, 18.7:9 ratio (~429 ppi density);5.8 inches, 84.9 cm2 (~80.4% screen-to-body ratio);IPS LCD;N/A;N/A;N/A;N/A;N/A;Fingerprint (front-mounted), accelerometer, gyro, proximity, compass;2018, March 27. Released 2018, April 06;Discontinued;"12 MP, f/1.8, 27mm (wide), 1/2.3"", 1.55µm, PDAF, OIS
20 MP B/W, f/1.6, 27mm (wide), 1/2.7"", PDAF";Laser AF, color spectrum sensor, Leica optics, LED flash, HDR, panorama;N/A;N/A;N/A;4K@30fps, 1080p@60fps, 1080p@30fps (gyro-EIS), 720p@960fps;UFS 2.1;No;64GB 4GB RAM, 64GB 6GB RAM, 128GB 4GB RAM, 128GB 6GB RAM;Twilight, Black, Midnight Blue, Pink Gold;EML-L29C, EML-L09C, EML-AL00 EML-TL00, EML-L29, EML-L09, EML-AL00, EML-TL00;About 330 EUR;N/A;GSM 850 / 900 / 1800 / 1900;HSDPA 850 / 900 / 1900 / 2100;1, 3, 7, 8, 20;N/A;N/A;N/A;HSPA 42.2/5.76 Mbps, LTE (3CA) Cat16 1024/150 Mbps;GSM / HSPA / LTE;Noise -92.4dB / Crosstalk -92.7dB;N/A;Endurance rating 75h;Photo / Video;Contrast ratio: 1445:1 (nominal), 3.683 (sunlight);Voice 66dB / Noise 69dB / Ring 90dB;"AnTuTu: 207016 (v7)
GeekBench: 6739 (v4.4)
GFXBench: 23fps (ES 3.1 onscreen)";Octa-core (4x2.4 GHz Cortex-A73 & 4x1.8 GHz Cortex-A53);Kirin 970 (10 nm);Mali-G72 MP12;Android 8.1 (Oreo), upgradable to Android 9.0 (Pie), EMUI 9.1;N/A;N/A;"24 MP, f/2.0, 26mm (wide), 1/2.8"", 0.9µm";1080p@30fps;32-bit/384kHz audio;No;Yes
51;Huawei;Huawei Pura 70 Ultra;https://www.gsmarena.com/huawei_pura_70_ultra-12940.php;N/A;N/A;"100W wired
80W wireless
20W reverse wireless
18W reverse wired";Li-Po 5200 mAh;IP68 dust tight and water resistant (immersible up to 2m for 30 min);Glass front, aluminum frame, silicone polymer back (eco leather);162.6 x 75.1 x 8.4 mm (6.40 x 2.96 x 0.33 in);Nano-SIM + Nano-SIM;226 g (7.97 oz);N/A;5.2, A2DP, LE, L2HC;Yes;Yes;GPS (L1+L5), GLONASS (L1), BDS (B1I+B1c+B2a+B2b), GALILEO (E1+E5a+E5b), QZSS (L1+L5), NavIC;No;USB Type-C 3.1, OTG, DisplayPort 1.2;Wi-Fi 802.11 a/b/g/n/ac/6, dual-band, Wi-Fi Direct;N/A;Kunlun Glass (Basalt-tempered);1260 x 2844 pixels (~460 ppi density);6.8 inches, 109.0 cm2 (~89.3% screen-to-body ratio);LTPO OLED, 1B colors, HDR, 120Hz, 1440Hz PWM, 2500 nits (peak);N/A;N/A;N/A;N/A;BDS Satellite Calling and Messaging - China only;Fingerprint (under display, optical), accelerometer, proximity, gyro, compass;2024, April 18;Available. Released 2024, April 29;N/A;Laser AF, color spectrum sensor, LED flash, panorama, HDR;N/A;N/A;"50 MP, f/1.6-4.0, 23mm (wide), 1.0""-type, dual pixel PDAF, sensor-shift OIS, retractable lens
50 MP, f/2.1, 90mm (telephoto), PDAF (5cm - ∞), OIS, 3.5x optical zoom
40 MP, f/2.2, 13mm (ultrawide), AF";4K, 1080p, HDR, gyro-EIS, OIS;N/A;No;512GB 12GB RAM, 512GB 16GB RAM, 1TB 16GB RAM;Black, White, Brown, Green;HBP-LX9, HBP-AL00;€ 832.06 / £ 1,135.12;CDMA2000 1x;GSM 850 / 900 / 1800 / 1900;HSDPA 800 / 850 / 900 / 1700(AWS) / 1900 / 2100;1, 2, 3, 4, 5, 6, 7, 8, 9, 12, 17, 18, 19, 20, 26, 28, 34, 38, 39, 40, 41, 42;SA/NSA - China only;N/A;N/A;HSPA, LTE, 5G;GSM / CDMA / HSPA / CDMA2000 / LTE / 5G;N/A;Active use score 12:29h;N/A;N/A;1231 nits max brightness (measured);-28.3 LUFS (Average);"AnTuTu: 987197 (v10)
GeekBench: 4482 (v6)
3DMark: 1578 (Wild Life Extreme)";Octa-core (1x2.3 GHz Taishan Big & 3x2.18 GHz Taishan Mid & 4x1.55 GHz  Cortex-A510);Kirin 9010 (7 nm);N/A;EMUI 14.2 (International), HarmonyOS 4.2 (China);N/A;HDR, panorama;13 MP, f/2.4, (ultrawide), AF;Yes, HDR;N/A;No;Yes, with stereo speakers
52;Huawei;Huawei Y9s;https://www.gsmarena.com/huawei_y9s-9956.php;N/A;N/A;10W wired;Li-Po 4000 mAh, non-removable;N/A;Glass front, glass back, aluminum frame;163.1 x 77.2 x 8.8 mm (6.42 x 3.04 x 0.35 in);Nano-SIM + Nano-SIM;206 g (7.27 oz);N/A;4.2, A2DP, LE;N/A;No;GPS, GLONASS, BDS;FM radio;USB Type-C 2.0;Wi-Fi 802.11 b/g/n, Wi-Fi Direct;N/A;N/A;1080 x 2340 pixels, 19.5:9 ratio (~391 ppi density);6.59 inches, 106.6 cm2 (~84.7% screen-to-body ratio);IPS LCD;N/A;N/A;N/A;N/A;N/A;Fingerprint (side-mounted), accelerometer, gyro, proximity, compass;2019, November 08. Released 2019, November 08;Discontinued;N/A;LED flash, HDR, panorama;N/A;N/A;"48 MP, f/1.8, (wide), 1/2.0"", 0.8µm, PDAF
8 MP, f/2.4, 13mm (ultrawide)
2 MP, f/2.4, (depth)";1080p@30fps;UFS 2.1;microSDXC (uses shared SIM slot);128GB 6GB RAM;Midnight Black, Breathing Crystal, Phantom Purple;STK-L21, STK-LX3, STK-L22;About 220 EUR;N/A;GSM 850 / 900 / 1800 / 1900;HSDPA 850 / 900 / 1900 / 2100;1, 3, 5, 7, 8, 28, 38, 40, 41 - International;N/A;N/A;N/A;HSPA, LTE;GSM / HSPA / LTE;N/A;N/A;N/A;N/A;N/A;N/A;N/A;Octa-core (4x2.2 GHz Cortex-A73 & 4x1.7 GHz Cortex-A53);Kirin 710F (12 nm);Mali-G51 MP4;Android 9.0 (Pie), EMUI 9.1;N/A;HDR;Motorized pop-up 16 MP, f/2.2;1080p@60fps;N/A;Yes;Yes
53;Huawei;Huawei nova 11i;https://www.gsmarena.com/huawei_nova_11i-12268.php;N/A;N/A;40W wired, 60% in 30 min;Li-Po 5000 mAh;Splash and dust resistant;N/A;164.6 x 75.6 x 8.6 mm (6.48 x 2.98 x 0.34 in);Nano-SIMNano-SIM + Nano-SIM;193 g (6.81 oz);N/A;5.0, A2DP, LE;N/A;No;GPS, GLONASS, GALILEO, BDS, QZSS;No;USB Type-C 2.0;Wi-Fi 802.11 a/b/g/n/ac, dual-band;N/A;N/A;1080 x 2388 pixels (~385 ppi density);6.8 inches, 112.0 cm2 (~90.0% screen-to-body ratio);IPS LCD, 90Hz;N/A;N/A;N/A;N/A;N/A;Fingerprint (side-mounted), accelerometer, compass;2023, May 01;Available. Released 2023, May 11;"48 MP, f/1.8, (wide), PDAF
2 MP, (depth)";LED flash, HDR, panorama;N/A;N/A;N/A;1080p@30fps;N/A;Unspecified;128GB 8GB RAM, 256GB 8GB RAM;Starry Black, Mint Green;MAO-LX9, MAO-LX9N;About 140 EUR;N/A;GSM 850 / 900 / 1800 / 1900;HSDPA 850 / 900 / 1700(AWS) / 1900 / 2100;1, 2, 3, 4, 5, 7, 8, 13, 20, 28, 66, 26, 38, 40, 41;N/A;N/A;N/A;HSPA, LTE;GSM / HSPA / LTE;N/A;N/A;N/A;N/A;N/A;N/A;N/A;Octa-core (4x2.4 GHz Cortex-A73 & 4x1.9 GHz Cortex-A53);Qualcomm Snapdragon 680 4G (6 nm);Adreno 610;EMUI 13;N/A;N/A;16 MP, f/2.2, (wide);1080p@30fps;N/A;No;Yes
54;Huawei;Huawei Pura 70 Pro;https://www.gsmarena.com/huawei_pura_70_pro-12942.php;N/A;N/A;"100W wired
80W wireless
20W reverse wireless
18W reverse wired";Li-Po 5050 mAh;IP68 dust tight and water resistant (immersible up to 2m for 30 min);Glass front, aluminum frame, glass back;162.6 x 75.1 x 8.4 mm (6.40 x 2.96 x 0.33 in);Nano-SIM + eSIMNano-SIM + Nano-SIM;220 g (7.76 oz);N/A;5.2, A2DP, LE, L2HC;Yes;Yes;GPS (L1+L5), GLONASS (L1), BDS (B1I+B1c+B2a+B2b), GALILEO (E1+E5a+E5b), QZSS (L1+L5), NavIC;No;USB Type-C 3.1, OTG, DisplayPort 1.2;Wi-Fi 802.11 a/b/g/n/ac/6, dual-band, Wi-Fi Direct;N/A;Kunlun Glass 2;1260 x 2844 pixels (~460 ppi density);6.8 inches, 109.0 cm2 (~89.3% screen-to-body ratio);LTPO OLED, 1B colors, HDR, 120Hz, 1440Hz PWM, 2500 nits (peak);N/A;N/A;N/A;N/A;BDS Satellite Messaging - China only;Fingerprint (under display, optical), accelerometer, proximity, gyro, compass;2024, April 18;Available. Released 2024, April 29;N/A;Laser AF, color spectrum sensor, LED flash, panorama, HDR;N/A;N/A;"50 MP, f/1.4-4.0, 25mm (wide), 1/1.3"", PDAF, OIS
48 MP, f/2.1, 93mm (telephoto), PDAF (5cm - ∞), OIS, 3.5x optical zoom
12.5 MP, f/2.2, 13mm (ultrawide)";4K, 1080p, HDR, gyro-EIS, OIS;N/A;No;256GB 12GB RAM, 512GB 12GB RAM, 512GB 16GB RAM, 1TB 12GB RAM;Black, White, Purple;HBN-LX9, HBN-AL00;€ 751.70 / £ 1,545.00;CDMA2000 1x;GSM 850 / 900 / 1800 / 1900;HSDPA 800 / 850 / 900 / 1700(AWS) / 1900 / 2100;1, 2, 3, 4, 5, 6, 7, 8, 9, 12, 13, 17, 18, 19, 20, 26, 28, 34, 38, 39, 40, 41, 42, 66;SA/NSA - China only;N/A;N/A;HSPA, LTE, 5G;GSM / CDMA / HSPA / CDMA2000 / LTE / 5G;N/A;N/A;N/A;N/A;N/A;N/A;N/A;Octa-core (1x2.3 GHz Taishan Big & 3x2.18 GHz Taishan Mid & 4x1.55 GHz  Cortex-A510);Kirin 9010 (7 nm);N/A;EMUI 14.2 (International), HarmonyOS 4.2 (China);N/A;HDR, panorama;13 MP, f/2.4, (ultrawide), AF;Yes, HDR;N/A;No;Yes, with stereo speakers
55;Huawei;Huawei nova 9 SE;https://www.gsmarena.com/huawei_nova_9_se-11399.php;N/A;N/A;66W wired, 75% in 20 min;Li-Po 4000 mAh;N/A;N/A;164.6 x 75.6 x 7.9 mm (6.48 x 2.98 x 0.31 in);Nano-SIM + Nano-SIM;191 g (6.74 oz);N/A;5.0, A2DP, LE;N/A;Yes (JLN-XL1 only);GPS, GLONASS, GALILEO, BDS, QZSS;No;USB Type-C 2.0, OTG;Wi-Fi 802.11 a/b/g/n/ac, dual-band, Wi-Fi Direct;N/A;N/A;1080 x 2388 pixels (~387 ppi density);6.78 inches, 111.4 cm2 (~89.5% screen-to-body ratio);IPS LCD, 90Hz;N/A;N/A;N/A;N/A;Virtual proximity sensing;Fingerprint (side-mounted), accelerometer, gyro, compass;2022, March 08;Available. Released 2022, March 20;N/A;LED flash, HDR, panorama;"108 MP, f/1.9, (wide), 1/1.52"", 0.7µm, PDAF
8 MP, f/2.2, 112˚ (ultrawide)
2 MP, f/2.4, (macro)
2 MP, f/2.4, (depth)";N/A;N/A;1080p@30fps, gyro-EIS;N/A;microSDXC (uses shared SIM slot);128GB 6GB RAM, 128GB 8GB RAM, 256GB 8GB RAM, 512GB 8GB RAM;Midnight Black, Pearl White, Crystal Blue;JLN-LX1, JLN-LX3, JuliaQN-L01B, JuliaQN-L21B, JuliaQN-L23A, RMX2190, FIO-BD00, JLN-AL00;About 150 EUR;1, 2, 3, 4, 5, 7, 8, 12, 13, 17, 26, 28, 38, 40, 41, 66 - JLN-LX3;GSM 850 / 900 / 1800 / 1900;HSDPA 850 / 900 / 1900 / 2100 - JLN-LX1;1, 3, 5, 7, 8, 20, 28, 34, 38, 39, 40, 41 - JLN-LX1;N/A;N/A;N/A;HSPA, LTE;GSM / HSPA / LTE;N/A;N/A;N/A;N/A;N/A;N/A;N/A;Octa-core (4x2.4 GHz Kryo 265 Gold & 4x1.9 GHz Kryo 265 Silver);Qualcomm SM6225 Snapdragon 680 4G (6 nm);Adreno 610;Android 11, EMUI 12, no Google Play Services;N/A;N/A;16 MP, f/2.2, 22mm (wide);1080p@30fps;N/A;No;Yes
56;Huawei;Huawei nova 13i;https://www.gsmarena.com/huawei_nova_13i-13606.php;N/A;N/A;40W wired, 3-62% in 30 min;Li-Po 5000 mAh;N/A;N/A;163.3 x 74.7 x 8.4 mm (6.43 x 2.94 x 0.33 in);Nano-SIMNano-SIM + Nano-SIM;199 g (7.02 oz);N/A;5.0, A2DP, LE;N/A;Yes;GPS, GLONASS, GALILEO, BDS, QZSS;No;USB Type-C 2.0;Wi-Fi 802.11 a/b/g/n/ac, dual-band;N/A;N/A;1080 x 2388 pixels (~391 ppi density);6.7 inches, 108.7 cm2 (~89.1% screen-to-body ratio);IPS LCD, 90Hz;N/A;N/A;N/A;N/A;N/A;Fingerprint (side-mounted), accelerometer, compass;2024, December 14;Available. Released 2025, January;"108 MP, f/1.9, 26mm (wide), PDAF
2 MP, f/2.4, (depth)";LED flash, HDR, panorama;N/A;N/A;N/A;1080p@30fps;N/A;No;128GB 8GB RAM, 256GB 8GB RAM;White, Blue;CTR-L91;About 200 EUR;N/A;GSM 850 / 900 / 1800 / 1900;HSDPA 850 / 900 / 1700(AWS) / 1900 / 2100;1, 2, 3, 4, 5, 7, 8, 18, 19, 20, 26, 28, 34, 38, 39, 40, 41;N/A;N/A;N/A;HSPA, LTE;GSM / HSPA / LTE;N/A;N/A;N/A;N/A;N/A;N/A;N/A;Octa-core (4x2.4 GHz Cortex-A73 & 4x1.9 GHz Cortex-A53);Qualcomm Snapdragon 680 4G (6 nm);Adreno 610;EMUI 14.2, no Google Play Services;N/A;N/A;8 MP, f/2.0, (wide);1080p@30fps;N/A;No;Yes
57;Huawei;Huawei Pura 80;https://www.gsmarena.com/huawei_pura_80_5g-13947.php;N/A;N/A;"66W wired
50W wireless
7.5W reverse wireless
5W reverse wired";Li-Po 5170 mAh - InternationalLi-Po 5600 mAh - China;"IP68/IP69 dust tight and water resistant (high pressure water jets; immersible up to 2m for 30 min)";Glass front, aluminum frame, glass back;157.7 x 74.4 x 8.2 mm (6.21 x 2.93 x 0.32 in);Nano-SIM + Nano-SIM;211 g (7.44 oz);N/A;5.2, A2DP, LE, L2HC;Yes;Yes;GPS (L1+L5), GLONASS (L1), BDS (B1I+B1c+B2a+B2b), GALILEO (E1+E5a+E5b), QZSS (L1+L5), NavIC;No;USB Type-C 2.0, OTG, DisplayPort 1.2;Wi-Fi 802.11 a/b/g/n/ac/6/7, dual-band, Wi-Fi Direct;N/A;Kunlun Glass 2;1256 x 2760 pixels (~459 ppi density);6.6 inches, 105.9 cm2 (~90.3% screen-to-body ratio);LTPO OLED, 1B colors, HDR Vivid, 120Hz, 1440Hz PWM, 2800 nits (peak);N/A;N/A;N/A;N/A;BDS Satellite Messaging - China only;Fingerprint (side-mounted), accelerometer, gyro, proximity, compass;2025, June 11;Available. Released 2025, July 25;N/A;Laser AF, color spectrum sensor, LED flash, panorama, HDR;N/A;N/A;"50 MP, f/1.4-4.0, 24mm (wide), 1/1.3"", PDAF, OIS
12 MP, f/3.4, 125mm (periscope telephoto), PDAF, OIS, 5x optical zoom
13 MP, f/2.2, 13mm (ultrawide)";4K, 1080p, 1080p@480fps (interpolated), HDR Vivid, gyro-EIS, OIS;N/A;No;256GB 12GB RAM, 512GB 12GB RAM, 1TB 12GB RAM;Frosted Gold, Frosted White, Frosted Black, Green;HED-LX9;About 580 EUR;CDMA2000 1x;GSM 850 / 900 / 1800 / 1900;HSDPA 800 / 850 / 900 / 1700(AWS) / 1900 / 2100;1, 2, 3, 4, 5, 6, 7, 8, 9, 12, 17, 18, 19, 20, 26, 28, 34, 38, 39, 40, 41, 42, 66 - International;SA/NSA - China only;N/A;N/A;HSPA, LTE, 5G (China only);GSM / CDMA / HSPA / CDMA2000 / LTE / 5G;N/A;N/A;N/A;N/A;N/A;N/A;N/A;Octa-core;Kirin 9010s (7 nm);N/A;EMUI 15 (International), HarmonyOS 5.1 (China);N/A;HDR, panorama;13 MP, f/2.0, (ultrawide), AF;4K, 1080p, 1080p@240fps, HDR Vivid, gyro-EIS;N/A;No;Yes, with stereo speakers
58;Huawei;Huawei P20 Pro;https://www.gsmarena.com/huawei_p20_pro-9106.php;N/A;N/A;22.5W wired, 58% in 30 min;Li-Po 4000 mAh, non-removable;IP67 dust/water resistant (up to 1m for 30 min);Glass front (Gorilla Glass 5), glass back, aluminum frame;155 x 73.9 x 7.8 mm (6.10 x 2.91 x 0.31 in);Nano-SIMNano-SIM + Nano-SIM;180 g (6.35 oz);N/A;4.2, A2DP, LE, EDR, aptX HD;Yes;Yes;GPS, GLONASS, GALILEO;No;USB Type-C 3.1;Wi-Fi 802.11 a/b/g/n/ac, dual-band, Wi-Fi Direct;N/A;Corning Gorilla Glass 5;1080 x 2240 pixels, 18.7:9 ratio (~408 ppi density);6.1 inches, 93.9 cm2 (~82.0% screen-to-body ratio);OLED;N/A;N/A;N/A;N/A;N/A;Fingerprint (front-mounted), accelerometer, gyro, proximity, compass;2018, March 27. Released 2018, April 06;Discontinued;N/A;Laser AF, color spectrum sensor, Leica optics, LED flash, HDR, panorama;N/A;N/A;"40 MP, f/1.8, 27mm (wide), 1/1.7"", PDAF, OIS
8 MP, f/2.4, 80mm (telephoto), 1/4.0"", PDAF, OIS, 3x optical zoom
20 MP B/W, f/1.6, 27mm (wide), 1/2.7""";4K@30fps, 1080p@60fps, 1080p@30fps (gyro-EIS), 720p@960fps;UFS 2.1;No;64GB 6GB RAM, 128GB 6GB RAM, 128GB 8GB RAM, 256GB 6GB RAM, 256GB 8GB RAM;Black, Gold;CLT-L29C, CLT-L29, CLT-L09C, CLT-L09, CLT-AL00, CLT-AL01, CLT-TL01, CLT-AL00L, CLT-L04, HW-01K, CLT-L0J;About 410 EUR;N/A;GSM 850 / 900 / 1800 / 1900;HSDPA 850 / 900 / 1900 / 2100;1, 2, 3, 4, 5, 6, 7, 8, 9, 12, 17, 18, 19, 20, 26, 28, 32, 34, 38, 39, 40;N/A;N/A;N/A;HSPA 42.2/5.76 Mbps, LTE (3CA) Cat16 1024/150 Mbps;GSM / HSPA / LTE;Noise -92.1dB / Crosstalk -92.1dB;N/A;Endurance rating 89h;Photo / Video;Contrast ratio: Infinite (nominal), 4.087 (sunlight);Voice 71dB / Noise 69dB / Ring 91dB;"AnTuTu: 209884 (v7)
GeekBench: 6679 (v4.4)
GFXBench: 21fps (ES 3.1 onscreen)";Octa-core (4x2.4 GHz Cortex-A73 & 4x1.8 GHz Cortex-A53);Kirin 970 (10 nm);Mali-G72 MP12;Android 8.1 (Oreo), upgradable to Android 10, EMUI 12;N/A;Leica optics;"24 MP, f/2.0, 26mm (wide), 1/2.8"", 0.9µm";1080p@30fps;32-bit/384kHz audio;No;Yes, with stereo speakers
