No;Brand;Device Name;Product URL;Estimated_Price;Popularity_Fans;Battery_Charging;Battery_Type;Body_;Body_Build;Body_Dimensions;Body_SIM;Body_Weight;Comms_Bluetooth;Comms_Infraredport;Comms_NFC;Comms_Positioning;Comms_Radio;Comms_USB;Comms_WLAN;Display_;Display_Protection;Display_Resolution;Display_Size;Display_Type;EULABEL_Battery;EULABEL_Energy;EULABEL_Freefall;EULABEL_Repairability;Features_;Features_Sensors;Launch_Announced;Launch_Status;MainCamera_Dual;MainCamera_Features;MainCamera_Quad;MainCamera_Single;MainCamera_Triple;MainCamera_Video;Memory_;Memory_Cardslot;Memory_Internal;Misc_Colors;Misc_Models;Misc_Price;Misc_SAR;Misc_SAREU;Network_;Network_2Gbands;Network_3Gbands;Network_4Gbands;Network_5Gbands;Network_Speed;Network_Technology;OurTests_Audioquality;OurTests_Battery;OurTests_Batteryold;OurTests_Camera;OurTests_Display;OurTests_Loudspeaker;OurTests_Performance;Platform_CPU;Platform_Chipset;Platform_GPU;Platform_OS;Selfiecamera_Dual;Selfiecamera_Features;Selfiecamera_Single;Selfiecamera_Video;Sound_;Sound_35mmjack;Sound_Loudspeaker
1;Xiaomi;Xiaomi 14 Ultra;https://www.gsmarena.com/xiaomi_14_ultra-12827.php;N/A;N/A;"90W wired, PD3.0, QC4, 100% in 33 min
80W wireless, 100% in 46 min
10W reverse wireless";5000 mAh (Global)5300 mAh (China only);IP68 dust tight and water resistant (immersible up to 1.5m for 30 min);Glass front (Shield Glass), glass back or silicone polymer back (eco leather), titanium frame (grade 5) or aluminum alloy frame;161.4 x 75.3 x 9.2 mm (6.35 x 2.96 x 0.36 in);Nano-SIM + Nano-SIM;219.8 / 224.4 / 229.5 g (7.76 oz);5.4, A2DP, LE, aptX HD, aptX Adaptive, LHDC;Yes;Yes;GPS (L1+L5), GLONASS (L1), BDS (B1I+B1c+B2a), GALILEO (E1+E5a), QZSS (L1+L5), NavIC (L5);No;USB Type-C 3.2 Gen 2, DisplayPort, OTG;Wi-Fi 802.11 a/b/g/n/ac/6e/7, tri-band, Wi-Fi Direct;N/A;Xiaomi Shield Glass;1440 x 3200 pixels, 20:9 ratio (~522 ppi density);6.73 inches, 108.9 cm2 (~89.6% screen-to-body ratio);LTPO AMOLED, 68B colors, 120Hz, 1920Hz PWM, Dolby Vision, HDR10+, 1000 nits (typ), 3000 nits (peak);N/A;N/A;N/A;N/A;Two-way satellite communication;Fingerprint (under display, optical), accelerometer, proximity, gyro, compass, barometer;2024, February 22;Available. Released 2024, February 22;N/A;Laser AF, color spectrum sensor, Leica lenses, Dual-LED flash, HDR, panorama, 67mm filter ring holder (optional);"50 MP, f/1.6-f/4.0, 23mm (wide), 1.0""-type, 1.6µm, dual pixel PDAF, OIS
50 MP, f/1.8, 75mm (telephoto), 1/2.51"", 0.7µm, dual pixel PDAF (10cm - ∞), OIS, 3.2x optical zoom
50 MP, f/2.5, 120mm (periscope telephoto), 1/2.51"", 0.7µm, dual pixel PDAF (30cm - ∞), OIS, 5x optical zoom
50 MP, f/1.8, 12mm, 122˚ (ultrawide), 1/2.51"", 0.7µm, dual pixel PDAF
TOF 3D, (depth)";N/A;N/A;8K@24/30fps, 4K@24/30/60/120fps, 1080p@30/60/120/240/480/960/1920fps, gyro-EIS, Dolby Vision HDR 10-bit rec. (4K@60fps, 1080p);UFS 4.0;No;256GB 12GB RAM, 512GB 16GB RAM, 1TB 16GB RAM;Black, Blue, White, Titanium Gray;24031PN0DC, 24030PN60G;€ 859.99 / £ 1,119.70;0.83 W/kg (head)     0.82 W/kg (body);1.00 W/kg (head)     1.00 W/kg (body);1, 3, 5, 7, 8, 28, 38, 40, 41, 48, 66, 77, 78, 79 SA/NSA - China;GSM 850 / 900 / 1800 / 1900;HSDPA 800 / 850 / 900 / 1700(AWS) / 1900 / 2100;1, 2, 3, 4, 5, 7, 8, 18, 19, 20, 26, 28, 38, 40, 41, 42, 48, 66 - International;1, 2, 3, 5, 7, 8, 20, 28, 38, 40, 41, 48, 66, 77, 78, 79 SA/NSA - International;HSPA, LTE, 5G;GSM / CDMA / HSPA / EVDO / LTE / 5G;N/A;Active use score 11:25h;N/A;N/A;1281 nits max brightness (measured);-25.6 LUFS (Very good);"AnTuTu: 2014262 (v10)
GeekBench: 7060 (v6)
3DMark: 4977 (Wild Life Extreme)";Octa-core (1x3.3 GHz Cortex-X4 & 3x3.2 GHz Cortex-A720 & 2x3.0 GHz Cortex-A720 & 2x2.3 GHz Cortex-A520);Qualcomm SM8650-AB Snapdragon 8 Gen 3 (4 nm);Adreno 750;Android 14, up to 4 major Android upgrades, HyperOS;N/A;HDR, panorama;"32 MP, f/2.0, 22mm (wide), 1/3.14"", 0.7µm";4K@30/60fps, 1080p@30/60fps, gyro-EIS;24-bit/192kHz Hi-Res & Hi-Res Wireless audio;No;Yes, with stereo speakers
3;Xiaomi;Xiaomi Redmi 15C 4G;https://www.gsmarena.com/xiaomi_redmi_15c_4g-14005.php;N/A;N/A;33W wired, PD;6000 mAh;IP64 dust tight and water resistant (water splashes);Glass front (Gorilla Glass 3), plastic frame, glass back or silicone polymer (eco leather) back;171.6 x 79.5 x 8 mm (6.76 x 3.13 x 0.31 in);Nano-SIM + Nano-SIM;205 g (7.23 oz);5.4, A2DP, LE;N/A;Yes (market/region dependent);GPS, GLONASS, GALILEO, BDS;FM radio;USB Type-C 2.0, OTG;Wi-Fi 802.11 a/b/g/n/ac, dual-band;N/A;Corning Gorilla Glass 3;720 x 1600 pixels, 20:9 ratio (~254 ppi density);6.9 inches, 114.9 cm2 (~84.3% screen-to-body ratio);IPS LCD, 120Hz;N/A;N/A;N/A;N/A;Virtual proximity sensing;Fingerprint (side-mounted), accelerometer, compass;2025, August 01;Available. Released 2025, August 01;"50 MP, f/1.8, 28mm (wide), 1/2.76"", 0.64µm, PDAF
QVGA, f/3.0";LED flash, HDR;N/A;N/A;N/A;1080p@30fps;N/A;microSDXC (dedicated slot);128GB 4GB RAM, 128GB 6GB RAM, 256GB 4GB RAM, 256GB 8GB RAM;Moonlight Blue, Mint Green, Midnight Gray, Twilight Orange;25078RA3EA, 25078RA3EL;$ 179.99 / € 113.67 / £ 126.69;N/A;N/A;N/A;GSM 850 / 900 / 1800 / 1900;HSDPA 850 / 900 / 2100;LTE;N/A;HSPA, LTE;GSM / HSPA / LTE;N/A;N/A;N/A;N/A;N/A;N/A;N/A;Octa-core (2x2.0 GHz Cortex-A75 & 6x1.8 GHz Cortex-A55);Mediatek Helio G81 Ultra (12 nm);Mali-G52 MC2;Android 15, HyperOS 2;N/A;HDR;"8 MP, f/2.0, (wide), 1/4.0"", 1.12µm";1080p@30fps;N/A;Yes;Yes
4;Xiaomi;Xiaomi 14 Civi;https://www.gsmarena.com/xiaomi_14_civi-13056.php;N/A;N/A;67W wired, PD3.0, 100% in 40 minutes;Li-Po 4700 mAh;N/A;Glass front (Gorilla Glass Victus 2), glass back or silicone polymer back (eco leather), aluminum frame;157.2 x 72.8 x 7.5 mm or 7.8 mm;Nano-SIM + Nano-SIM;177.6 g or 179.3 g (6.28 oz);5.4, A2DP, LE;Yes;Yes;GPS, GLONASS, GALILEO, BDS, NavIC;No;USB Type-C 2.0, OTG;Wi-Fi 802.11 a/b/g/n/ac/6, dual-band, Wi-Fi Direct;N/A;Corning Gorilla Glass Victus 2;1236 x 2750 pixels, 20:9 ratio (~460 ppi density);6.55 inches, 103.5 cm2 (~90.4% screen-to-body ratio);AMOLED, 68B colors, 120Hz, Dolby Vision, HDR10+, 3000 nits (peak);N/A;N/A;N/A;N/A;N/A;Fingerprint (under display, optical), accelerometer, gyro, proximity, compass;2024, June 12;Available. Released 2024, June 20;N/A;Dual-LED flash, HDR, panorama, Leica lenses;N/A;N/A;"50 MP, f/1.6, 25mm (wide), 1/1.55"", 1.0µm, PDAF, OIS
50 MP, f/2.0, 50mm (telephoto), 0.64µm, PDAF, 2x optical zoom
12 MP, f/2.2, 15mm, 120˚ (ultrawide), 1.12µm";4K@24/30/60fps, 1080p@30/60/120/240/960fps, 720p@1920fps, gyro-EIS;UFS 4.0;No;256GB 8GB RAM, 512GB 12GB RAM;Cruise Blue, Matcha Green, Shadow Black;24053PY09I;₹ 24,999;0.93 W/kg (head)     0.81 W/kg (body);N/A;N/A;GSM 850 / 900 / 1800 / 1900;HSDPA 800 / 850 / 900 / 1700(AWS) / 1900 / 2100;1, 3, 5, 8, 28, 40, 41;1, 3, 5, 8, 28, 40, 41, 78 SA/NSA;HSPA, LTE, 5G;GSM / HSPA / LTE / 5G;N/A;Active use score 11:36h;N/A;N/A;1441 nits max brightness (measured);-26.6 LUFS (Good);"AnTuTu: 1530876 (v10)
GeekBench: 5352 (v6)
3DMark: 3311 (Wild Life Extreme)";Octa-core (1x3.0 GHz Cortex-X4 & 4x2.8 GHz Cortex-A720 & 3x2.0 GHz Cortex-A520);Qualcomm SM8635 Snapdragon 8s Gen 3 (4 nm);Adreno 735;Android 14, HyperOS;"32 MP, f/2.0, 26mm (wide), 1/2.8"", 0.8µm, AF
32 MP, f/2.4, 100˚ (ultrawide), 1/2.8"", 0.8µm";HDR;N/A;"4K@30fps, 1080p@30/60fps; gyro-EIS";24-bit/192kHz Hi-Res & Hi-Res wireless audio;No;Yes, with stereo speakers
6;Xiaomi;Xiaomi Redmi Note 8;https://www.gsmarena.com/xiaomi_redmi_note_8-9814.php;N/A;N/A;18W wired;Li-Po 4000 mAh, non-removable;N/A;Glass front (Gorilla Glass 5), glass back (Gorilla Glass 5), plastic frame;158.3 x 75.3 x 8.4 mm (6.23 x 2.96 x 0.33 in);Nano-SIM + Nano-SIM;190 (6.70 oz);4.2, A2DP, LE;Yes;No;GPS, GLONASS, BDS;FM radio;USB Type-C 2.0, OTG;Wi-Fi 802.11 a/b/g/n/ac, dual-band, Wi-Fi Direct;N/A;Corning Gorilla Glass 5;1080 x 2340 pixels, 19.5:9 ratio (~409 ppi density);6.3 inches, 97.4 cm2 (~81.7% screen-to-body ratio);IPS LCD;N/A;N/A;N/A;N/A;N/A;Fingerprint (rear-mounted), accelerometer, gyro, proximity, compass;2019, August 29. Released 2019, October 16;Discontinued;N/A;LED flash, HDR, panorama;"48 MP, f/1.8, 26mm (wide), 1/2.0"", 0.8µm, PDAF
8 MP, f/2.2, 120˚ (ultrawide), 1/4.0"", 1.12µm
2 MP, f/2.4, (macro)
2 MP, f/2.4, (depth)";N/A;N/A;"4K@30fps, 1080p@30/60/120fps; gyro-EIS";eMMC 5.1;microSDXC (dedicated slot);32GB 3GB RAM, 64GB 4GB RAM, 64GB 6GB RAM, 128GB 4GB RAM, 128GB 6GB RAM;Neptune Blue, Moonlight White, Space Black, Nebula Purple, Cosmic Purple;M1908C3JH, M1908C3JG, M1908C3JI;About 220 EUR;0.26 W/kg (head)     1.00 W/kg (body);0.19 W/kg (head)     1.09 W/kg (body);1, 3, 5, 8, 38, 40, 41;GSM 850 / 900 / 1800 / 1900;HSDPA 850 / 900 / 1700(AWS) / 1900 / 2100;1, 2, 3, 4, 5, 7, 8, 20, 38, 40;N/A;HSPA 42.2/5.76 Mbps, LTE (4CA) Cat12 600/50 Mbps;GSM / HSPA / LTE;Noise -94.0dB / Crosstalk -93.3dB;N/A;Endurance rating 108h;Photo / Video;Contrast ratio: 1521:1 (nominal);Voice 78dB / Noise 72dB / Ring 81dB;"AnTuTu: 141915 (v7), 161572 (v8)
GeekBench: 5590 (v4.4), 1339 (v5.1)
GFXBench: 5.9fps (ES 3.1 onscreen)";Octa-core (4x2.0 GHz Kryo 260 Gold & 4x1.8 GHz Kryo 260 Silver);Qualcomm SDM665 Snapdragon 665 (11 nm);Adreno 610;Android 9.0 (Pie), upgradable to Android 11, MIUI 12.5;N/A;HDR, panorama;"13 MP, f/2.0, (wide), 1/3.1"", 1.12µm";1080p@30fps;N/A;Yes;Yes
7;Xiaomi;Xiaomi Redmi 13C;https://www.gsmarena.com/xiaomi_redmi_13c-12689.php;N/A;N/A;18W wired, PD;Li-Po 5000 mAh;N/A;N/A;168 x 78 x 8.1 mm (6.61 x 3.07 x 0.32 in);Nano-SIM + Nano-SIM;192 g (6.77 oz);5.3, A2DP, LE;N/A;Yes (market/region dependent);GPS, GLONASS, GALILEO, BDS;FM radio;USB Type-C 2.0;Wi-Fi 802.11 a/b/g/n/ac, dual-band;N/A;Corning Gorilla Glass;720 x 1600 pixels, 20:9 ratio (~260 ppi density);6.74 inches, 109.7 cm2 (~83.7% screen-to-body ratio);IPS LCD, 90Hz, 450 nits (typ), 600 nits (HBM);N/A;N/A;N/A;N/A;Virtual proximity sensing;Fingerprint (side-mounted), accelerometer, compass;2023, November 10;Available. Released 2023, November 10;"50 MP, f/1.8, 28mm (wide), PDAF
2 MP, f/2.4, (macro)
0.08 MP (auxiliary lens)";LED flash, HDR;N/A;N/A;N/A;1080p@30fps;eMMC 5.1;microSDXC (dedicated slot);128GB 4GB RAM, 128GB 6GB RAM, 128GB 8GB RAM, 256GB 4GB RAM, 256GB 8GB RAM;Midnight Black, Navy Blue, Glacier White, Clover Green;23100RN82L, 23106RN0DA, 23108RN04Y, 2311DRN14I;$ 129.99 / € 82.43 / £ 94.00 / ₹ 9,499;N/A;0.98 W/kg (head)     0.99 W/kg (body);N/A;GSM 850 / 900 / 1800 / 1900;HSDPA 850 / 900 / 2100;1, 3, 5, 7, 8, 20, 28, 38, 40, 41;N/A;HSPA, LTE;GSM / HSPA / LTE;N/A;N/A;N/A;N/A;N/A;N/A;N/A;Octa-core (2x2.0 GHz Cortex-A75 & 6x1.8 GHz Cortex-A55);Mediatek MT6769Z Helio G85 (12 nm);Mali-G52 MC2;Android 13, MIUI 14;N/A;HDR;8 MP, f/2.0;1080p@30fps;N/A;Yes;Yes
9;Xiaomi;Xiaomi Mi 11 Ultra;https://www.gsmarena.com/xiaomi_mi_11_ultra-10737.php;N/A;N/A;"67W wired, PD3.0, QC4, 100% in 36 min
67W wireless, 100% in 39 min
10W reverse wireless";Li-Po 5000 mAh;IP68 dust tight and water resistant (immersible up to 1.5m for 30 min);Glass front (Gorilla Glass Victus), ceramic back, aluminum frame;164.3 x 74.6 x 8.4 mm (6.47 x 2.94 x 0.33 in);Nano-SIM + Nano-SIM;234 g (8.25 oz);5.2, A2DP, LE, aptX HD, aptX Adaptive;Yes;Yes;GPS (L1+L5), GLONASS (L1), BDS (B1I+B1c+B2a), GALILEO (E1+E5a), QZSS (L1+L5), NavIC (L5);No;USB Type-C 2.0, OTG;Wi-Fi 802.11 a/b/g/n/ac/6e, dual-band, Wi-Fi Direct, DLNA;N/A;Corning Gorilla Glass Victus;1440 x 3200 pixels, 20:9 ratio (~515 ppi density);6.81 inches, 112.0 cm2 (~91.4% screen-to-body ratio);AMOLED, 1B colors, 120Hz, HDR10+, Dolby Vision, 900 nits (HBM), 1700 nits (peak);N/A;N/A;N/A;N/A;Virtual proximity sensing;Fingerprint (under display, optical), accelerometer, gyro, compass;2021, March 29;Available. Released 2021, April 02;N/A;Laser AF, color spectrum sensor, Dual-LED flash, HDR, panorama, 1.1” AMOLED selfie display;N/A;N/A;"50 MP, f/2.0, 24mm (wide), 1/1.12"", 1.4µm, dual pixel PDAF, OIS
48 MP, f/4.1, 120mm (periscope telephoto), 1/2.0"", 0.8µm, PDAF, OIS, 5x optical zoom
48 MP, f/2.2, 12mm, 128˚ (ultrawide), 1/2.0"", 0.8µm, PDAF";8K@24fps, 4K@30/60fps, 1080p@30/60/120/240/960/1920fps, gyro-EIS, HDR10+ rec.;UFS 3.1;No;256GB 8GB RAM, 256GB 12GB RAM, 512GB 12GB RAM;Ceramic White (Cosmic White), Ceramic Black (Cosmic Black);M2102K1G, M2102K1C;About 1500 EUR;1.08 W/kg (head)     0.81 W/kg (body);0.55 W/kg (head)     0.99 W/kg (body);1, 3, 28, 41, 77, 78, 79 SA/NSA - China;GSM 850 / 900 / 1800 / 1900;HSDPA 850 / 900 / 1700(AWS) / 1900 / 2100;1, 2, 3, 4, 5, 7, 8, 12, 17, 20, 28, 32, 38, 40, 41, 42, 66 - International;1, 3, 5, 7, 8, 20, 28, 38, 40, 41, 77, 78, 79 SA/NSA - International;HSPA, LTE, 5G;GSM / CDMA / HSPA / EVDO / LTE / 5G;N/A;N/A;Endurance rating 95h;Photo / Video;943 nits max brightness (measured);-24.3 LUFS (Very good);"AnTuTu: 688720 (v8)
GeekBench: 3191 (v5.1)
GFXBench: 33fps (ES 3.1 onscreen)";Octa-core (1x2.84 GHz Cortex-X1 & 3x2.42 GHz Cortex-A78 & 4x1.80 GHz Cortex-A55);Qualcomm SM8350 Snapdragon 888 5G (5 nm);Adreno 660;Android 11, upgradable to Android 13, MIUI 14;N/A;HDR, panorama;"20 MP, f/2.2, 27mm (wide), 1/3.4"", 0.8µm";1080p@30/60fps, 720p@120fps, gyro-EIS;"24-bit/192kHz Hi-Res audio
Tuned by Harman Kardon
Snapdragon Sound";No;Yes, with stereo speakers
10;Xiaomi;Xiaomi Redmi A5 4G;https://www.gsmarena.com/xiaomi_redmi_a5_4g-13737.php;N/A;N/A;15W wired;5200 mAh;Dust and splash resistant;N/A;171.7 x 77.8 x 8.3 mm (6.76 x 3.06 x 0.33 in);Nano-SIM + Nano-SIM;193 g (6.81 oz);5.2, A2DP, LE;N/A;No;GPS, GALILEO, GLONASS, BDS;FM radio;USB Type-C 2.0;Wi-Fi 802.11 a/b/g/n/ac, dual-band;N/A;Mohs level 5;720 x 1640 pixels (~260 ppi density);6.88 inches, 112.4 cm2 (~84.1% screen-to-body ratio);IPS LCD, 120Hz, 450 nits (typ);45:26h endurance, 1000 cycles;Class B;Class A (270 falls);Class C;Virtual proximity sensing;Fingerprint (side-mounted), accelerometer, compass;2025, March 21;Available. Released 2025, March 21;N/A;LED flash, HDR;N/A;"32 MP, f/2.0, (wide)
Auxiliary lens";N/A;1080p@30fps;eMMC 5.1;microSDXC (dedicated slot);64GB 3GB RAM, 64GB 4GB RAM, 128GB 4GB RAM, 128GB 6GB RAM;Ocean Blue, Lake Green, Sandy Gold, Midnight Black;25028PC03G, 25028RN03A, 25028RN03I, 25028RN03Y;$ 75.22 / € 63.78 / £ 57.00 / ₹ 6,240;N/A;N/A;N/A;GSM 850 / 900 / 1800 / 1900;HSDPA 850 / 900 / 2100;1, 3, 5, 7, 8, 20, 28, 38, 40, 41;N/A;HSPA, LTE;GSM / HSPA / LTE;N/A;N/A;N/A;N/A;N/A;N/A;N/A;Octa-core (2x1.8 GHz Cortex-A75 & 6x1.6 GHz Cortex-A55);Unisoc T7250 (12 nm);Mali-G57 MP1;Android 15 (Go edition), up to 2 major Android upgrades;N/A;HDR;8 MP, f/2.0, (wide);1080p@30fps;N/A;Yes;Yes
11;Xiaomi;Xiaomi Redmi Turbo 4 Pro;https://www.gsmarena.com/xiaomi_redmi_turbo_4_pro-13617.php;N/A;N/A;"90W wired, PD3.0, QC3+
22.5W reverse wired";Si/C Li-Ion 7550 mAh;IP68 dust tight and water resistant (immersible up to 2m for 30 min);Glass front, aluminum frame, glass back;163.1 x 77.9 x 8 mm (6.42 x 3.07 x 0.31 in);Nano-SIM + Nano-SIM;219 g (7.72 oz);5.4, A2DP, LE, aptX, LHDC 5;Yes;Yes;GPS (L1+L5), BDS (B1I+B1c+B2a), GALILEO (E1+E5a), QZSS (L1+L5), NavIC (L5), GLONASS;No;USB Type-C 2.0, OTG;Wi-Fi 802.11 a/b/g/n/ac/6/7, dual-band, Wi-Fi Direct;N/A;N/A;1280 x 2772 pixels, 19.5:9 ratio (~447 ppi density);6.83 inches, 114.5 cm2 (~90.2% screen-to-body ratio);AMOLED, 68B colors, 120Hz, 3840Hz PWM, Dolby Vision, HDR10+, HDR Vivid, 800 nits (typ), 1800 nits (HBM), 3200 nits (peak;N/A;N/A;N/A;N/A;N/A;Fingerprint (under display, optical), accelerometer, gyro, proximity, compass;2025, April 24;Available. Released 2025, April 24;"50 MP, f/1.5, 26mm (wide), 1/1.95"", 0.8µm, PDAF, OIS
8 MP, f/2.2, 15mm (ultrawide), 1/4.0"", 1.12µm";LED flash, HDR, panorama;N/A;N/A;N/A;4K@30/60fps, 1080p@30/60/120/240/960fps, gyro-EIS;UFS 4.1;No;256GB 12GB RAM, 256GB 16GB RAM, 512GB 12GB RAM, 512GB 16GB RAM, 1TB 16GB RAM;Black, White, Green, Harry Potter edition;25053RT47C;About 240 EUR;N/A;N/A;CDMA2000 1x;GSM 850 / 900 / 1800 / 1900;HSDPA 800 / 850 / 900 / 1700(AWS) / 2100;1, 3, 4, 5, 8, 19, 28, 34, 38, 39, 40, 41, 42, 48, 66;1, 3, 5, 8, 28, 38, 40, 41, 48, 66, 77, 78 SA/NSA/Sub6;HSPA, LTE, 5G;GSM / CDMA / HSPA / CDMA2000 / LTE / 5G;N/A;N/A;N/A;N/A;N/A;N/A;N/A;Octa-core (1x3.21 GHz Cortex-X4 & 3x3.0 GHz Cortex-A720 & 2x2.8 GHz Cortex-A720 & 2x2.0 GHz Cortex-A720);Qualcomm SM8735 Snapdragon 8s Gen 4 (4 nm);Adreno 825;Android 15, HyperOS 2;N/A;N/A;"20 MP, f/2.2, (wide), 1/4""";1080p@30/60fps;24-bit/192kHz Hi-Res & Hi-Res Wireless audio;No;Yes, with stereo speakers
12;Xiaomi;Xiaomi Redmi K80 Ultra;https://www.gsmarena.com/xiaomi_redmi_k80_ultra_5g-13965.php;N/A;N/A;"100W wired, PD3.0
Bypass charging";Si/C Li-Ion 7410 mAh;IP68 dust tight and water resistant (immersible up to 2m for 30 min);Glass front, aluminum frame;163.1 x 77.9 x 8.2 mm (6.42 x 3.07 x 0.32 in);Nano-SIM + Nano-SIM;219 g (7.72 oz);5.4, A2DP, LE, LHDC 5;Yes;Yes;GPS (L1+L5), BDS (B1I+B1C+B2a+B2b), GALILEO (E1+E5a+E5b), QZSS (L1+L5), NavIC, GLONASS;Unspecified;USB Type-C;Wi-Fi 802.11 a/b/g/n/ac/6/7, dual-band, Wi-Fi Direct;N/A;Scratch/drop-resistant glass;1280 x 2772 pixels, 19.5:9 ratio (~447 ppi density);6.83 inches, 114.5 cm2 (~90.2% screen-to-body ratio);OLED, 68B colors, 144Hz, Dolby Vision, HDR10+, HDR Vivid, 1800 nits (HBM), 3200 nits (peak);N/A;N/A;N/A;N/A;N/A;Fingerprint (under display, ultrasonic), accelerometer, gyro, proximity, compass;2025, June 26;Available. Released 2025, June 26;"50 MP, f/1.9, 23mm (wide), 1/1.55"", 1.0µm, PDAF, OIS
8 MP, 119˚ (ultrawide), 1/4.0"", 1.12µm";Color spectrum sensor, Dual-LED dual-tone flash, HDR, panorama;N/A;N/A;N/A;8K@30fps, 4K@30/60fps, 1080p@30/60/120/240/960fps, gyro-EIS;UFS 4.1;No;256GB 12GB RAM, 256GB 16GB RAM, 512GB 12GB RAM, 512GB 16GB RAM, 1TB 16GB RAM;Gray, White, Blue, Green;N/A;About 310 EUR;N/A;N/A;CDMA2000 1x;GSM 850 / 900 / 1800 / 1900;HSDPA 800 / 850 / 900 / 1700(AWS) / 2100;1, 3, 4, 5, 7, 8, 18, 19, 26, 28, 34, 38, 39, 40, 41, 42, 48, 66;1, 3, 5, 7, 8, 26, 28, 38, 40, 41, 48, 66, 77, 78 SA/NSA;HSPA, LTE, 5G;GSM / CDMA / HSPA / CDMA2000 / LTE / 5G;N/A;N/A;N/A;N/A;N/A;N/A;N/A;Octa-core (1x3.63 GHz Cortex-X925 & 3x3.3 GHz Cortex-X4 & 4x2.4 GHz Cortex-A720);Mediatek Dimensity 9400+ (3 nm);Immortalis-G925;Android 15, HyperOS 2;N/A;HDR;"20 MP, (wide), 1/2.0"", 0.8µm";1080p@30/60fps;24-bit/192kHz Hi-Res & Hi-Res Wireless audio;No;Yes, with stereo speakers
15;Xiaomi;Xiaomi Redmi 9A;https://www.gsmarena.com/xiaomi_redmi_9a-10279.php;N/A;N/A;10W wired;Li-Po 5000 mAh;N/A;N/A;164.9 x 77.1 x 9 mm (6.49 x 3.04 x 0.35 in);Nano-SIM + Nano-SIM;196 g (6.91 oz);5.0, A2DP, LE;N/A;No;GPS, GLONASS, BDS;FM radio;microUSB 2.0, OTG;Wi-Fi 802.11 b/g/n, Wi-Fi Direct;N/A;N/A;720 x 1600 pixels, 20:9 ratio (~269 ppi density);6.53 inches, 102.9 cm2 (~81.0% screen-to-body ratio);IPS LCD, 400 nits (typ);N/A;N/A;N/A;N/A;N/A;Accelerometer, proximity;2020, June 30;Available. Released 2020, July 07;N/A;LED flash, HDR;N/A;13 MP, f/2.2, 28mm (wide), 1.0µm, PDAF;N/A;1080p@30/60fps;eMMC 5.1;microSDXC (dedicated slot);32GB 2GB RAM, 32GB 3GB RAM, 64GB 4GB RAM, 128GB 4GB RAM, 128GB 6GB RAM;Carbon Gray (Midnight Black), Sky Blue (Sea Blue), Ocean Green (Nature Green);M2006C3LG, M2006C3LI, M2006C3LC, M2004C3L;$ 55.88 / € 69.90 / £ 129.94 / ₹ 7,699;0.90 W/kg (head)     0.65 W/kg (body);0.40 W/kg (head)     1.19 W/kg (body);1, 3, 5, 8, 40, 41 - India;GSM 850 / 900 / 1800 / 1900;HSDPA 850 / 900 / 1700(AWS) / 1900 / 2100 - International;1, 2, 3, 4, 5, 7, 8, 20, 28, 38, 40, 41 - International;N/A;HSPA, LTE;GSM / HSPA / LTE;N/A;N/A;N/A;N/A;N/A;N/A;N/A;Octa-core (4x2.0 GHz Cortex-A53 & 4x1.5 GHz Cortex-A53);Mediatek MT6762G Helio G25 (12 nm);PowerVR GE8320;Android 10, upgradable to Android 11, MIUI 12;N/A;HDR;5 MP, f/2.2, (wide), 1.12µm;1080p@30fps;N/A;Yes;Yes
16;Xiaomi;Xiaomi Redmi Note 12;https://www.gsmarena.com/xiaomi_redmi_note_12-12063.php;N/A;N/A;33W wired, 50% in 22 min;Li-Po 5000 mAh;"IP53 dust protected and water resistant
(vertical water sprays)";N/A;165.9 x 76.2 x 8 mm (6.53 x 3.00 x 0.31 in);Nano-SIM + Nano-SIM;188 g (6.63 oz);5.1, A2DP, LE;Yes;Yes (market/region dependent);GPS, GLONASS;Unspecified;USB Type-C 2.0, OTG;Wi-Fi 802.11 a/b/g/n/ac, dual-band;N/A;Corning Gorilla Glass 3;1080 x 2400 pixels, 20:9 ratio (~395 ppi density);6.67 inches, 107.4 cm2 (~85.0% screen-to-body ratio);AMOLED, 120Hz, 1200 nits (peak);N/A;N/A;N/A;N/A;N/A;Fingerprint (side-mounted), accelerometer, gyro, proximity, compass;2022, October 27;Available. Released 2023, January 11;N/A;Dual-LED dual-tone flash, HDR, panorama;N/A;N/A;"48 MP, f/1.8, (wide), PDAF
8 MP, f/2.2, 120˚ (ultrawide), 1/4.0"", 1.12µm
2 MP, f/2.4, (macro)";1080p@30fps;UFS 2.2;microSDXC (uses shared SIM slot);128GB 4GB RAM, 128GB 6GB RAM, 256GB 8GB RAM;Frosted Green, Matte Black, Mystique Blue;22111317I, 22111317G;$ 219.99 / € 104.85 / ₹ 12,490;1.09 W/kg (head)     1.05 W/kg (body);0.68 W/kg (head)     0.91 W/kg (body);N/A;GSM 850 / 900 / 1800 / 1900;HSDPA 850 / 900 / 2100;1, 3, 5, 8, 40, 41;1, 3, 5, 8, 28, 40, 78 SA/NSA;HSPA, LTE (CA), 5G;GSM / HSPA / LTE / 5G;N/A;Active use score 10:58h;Endurance rating 101h;Photo / Video;706 nits max brightness (measured);-28.0 LUFS (Good);"AnTuTu: 360745 (v9)
GeekBench: 1998	(v5.1), 2017 (v6)";Octa-core (2x2.0 GHz Cortex-A78 & 6x1.8 GHz Cortex-A55);Qualcomm SM4375 Snapdragon 4 Gen 1 (6 nm);Adreno 619;Android 12, MIUI 14 (International), MIUI 13 (India);N/A;HDR;"13 MP, f/2.5, (wide), 1/3.0""";1080p@30fps;24-bit/192kHz Hi-Res audio;Yes;Yes
17;Xiaomi;Xiaomi Redmi 13;https://www.gsmarena.com/xiaomi_redmi_13-13102.php;N/A;N/A;33W wired;5030 mAh;IP53 dust protected and water resistant (vertical water sprays);Glass front, plastic frame, glass back;168.6 x 76.3 x 8.3 mm (6.64 x 3.00 x 0.33 in);Nano-SIM + Nano-SIM;205 g (7.23 oz);5.4, A2DP, LE;Yes;Yes (market/region dependent);GPS, GLONASS, GALILEO, BDS;FM radio;USB Type-C;Wi-Fi 802.11 a/b/g/n/ac, dual-band;N/A;Corning Gorilla Glass;1080 x 2460 pixels (~396 ppi density);6.79 inches, 109.5 cm2 (~85.1% screen-to-body ratio);IPS LCD, 90Hz, 550 nits (HBM);N/A;N/A;N/A;N/A;Virtual proximity sensing;Fingerprint (side-mounted), accelerometer, compass;2024, June 03;Available. Released 2024, June 03;"108 MP, f/1.8, (wide), 1/1.67"", 0.64µm, PDAF
2 MP, f/2.4, (macro)";LED flash, HDR;N/A;N/A;N/A;1080p@30fps;eMMC 5.1;microSDXC (uses shared SIM slot);128GB 6GB RAM, 128GB 8GB RAM, 256GB 6GB RAM, 256GB 8GB RAM;Midnight Black, Sandy Gold, Ocean Blue, Pink;2404ARN45A, 24040RN64Y;$ 129.00 / € 111.00 / £ 137.72;N/A;0.99 W/kg (head)     0.98 W/kg (body);N/A;GSM 850 / 900 / 1800 / 1900;HSDPA 850 / 900 / 2100;1, 3, 5, 7, 8, 20, 28, 38, 40, 41;N/A;HSPA, LTE;GSM / HSPA / LTE;N/A;Active use score 10:28h;N/A;N/A;1300:1 contrast ratio, 448 nits max brightness (measured);-29.9 LUFS (Average);"AnTuTu: 258090 (v9), 262438 (v10)

GeekBench: 1346 (v5), 1342 (v6)
3DMark: 187 (Wild Life Extreme)";Octa-core (2x2.0 GHz Cortex-A75 & 6x1.8 GHz Cortex-A55);Mediatek Helio G91 Ultra (12 nm);Mali-G52 MC2;Android 14, HyperOS;N/A;HDR;13 MP, f/2.5, (wide);1080p@30fps;N/A;Yes;Yes
18;Xiaomi;Xiaomi 15 Ultra;https://www.gsmarena.com/xiaomi_15_ultra-13657.php;N/A;N/A;"90W wired, PD3.0, QC3+
80W wireless
10W reverse wireless";Si/C Li-Ion 5410 mAh - GlobalSi/C Li-Ion 6000 mAh - China;"IP68 dust tight and water resistant (immersible up to 1.5m for 30 min)
Aerospace-grade glass fiber";Glass front, glass-fiber back or silicone polymer back (eco leather), aluminum frame;161.3 x 75.3 x 9.4 mm (6.35 x 2.96 x 0.37 in);Nano-SIM + Nano-SIMNano-SIM + Nano-SIM + eSIM + eSIM (max 2 at a time);226 g or 229 g (7.97 oz);6.0, A2DP, LE, aptX HD, aptX Adaptive, LHDC 5;Yes;Yes;GPS (L1+L5), BDS (B1I+B1c+B2a), GALILEO (E1+E5a), QZSS (L1+L5), NavIC (L5), GLONASS;No;USB Type-C 3.2 Gen 2, DisplayPort, OTG;Wi-Fi 802.11 a/b/g/n/ac/6e/7, dual-band or tri-band, Wi-Fi Direct;N/A;Xiaomi Shield Glass 2.0, Mohs level 6;1440 x 3200 pixels, 20:9 ratio (~522 ppi density);6.73 inches, 108.9 cm2 (~89.7% screen-to-body ratio);LTPO AMOLED, 68B colors, 120Hz, 1920Hz PWM, Dolby Vision, HDR10+, HDR Vivid, 3200 nits (peak);58:58h endurance, 1000 cycles;Class A;Class C (90 falls);Class C;Two-way satellite communication;Fingerprint (under display, ultrasonic), accelerometer, proximity, gyro, compass, barometer;2025, February 27;Available. Released 2025, February 27;N/A;Laser AF, color spectrum sensor, Leica lenses, Dual-LED flash, HDR, panorama, 67mm filter ring holder (optional);"50 MP, f/1.6, 23mm (wide), 1.0""-type, 1.6µm, dual pixel PDAF, OIS
50 MP, f/1.8, 70mm (telephoto), 1/2.51"", 0.7µm, dual pixel PDAF (10cm - ∞), OIS, 3x optical zoom
200 MP, f/2.6, 100mm (periscope telephoto), 1/1.4"", 0.56µm, multi-directional PDAF, OIS, 4.3x optical zoom
50 MP, f/2.2, 14mm, 115˚ (ultrawide), 1/2.76"", 0.64µm, dual pixel PDAF
TOF 3D, (depth)";N/A;N/A;8K@30fps, 4K@30/60/120fps, 1080p@30/60/120/240/480/960/1920fps, gyro-EIS, Dolby Vision HDR 10-bit rec. (4K@60fps, 1080p);UFS 4.1;No;256GB 12GB RAM, 512GB 16GB RAM, 1TB 16GB RAM;Black, White, Silver Chrome, Green;25010PN30G;$ 1,431.69 / € 1,099.00 / £ 897.00;N/A;1.00 W/kg (head)     1.00 W/kg (body);1, 2, 3, 5, 7, 8, 12, 20, 26, 28, 38, 40, 41, 48, 66, 77, 78, 79, 80, 81, 83, 84, 89 SA/NSA - China;GSM 850 / 900 / 1800 / 1900;HSDPA 800 / 850 / 900 / 1700(AWS) / 1900 / 2100;1, 2, 3, 4, 5, 7, 8, 12, 13, 17, 18, 19, 20, 25, 26, 28, 32, 38, 39, 40, 41, 42, 48, 66, 71 - International;1, 2, 3, 5, 7, 8, 12, 20, 25, 26, 28, 38, 40, 41, 48, 66, 71, 75, 77, 78, 79 SA/NSA - International;HSPA, LTE, 5G;GSM / HSPA / LTE / 5G;N/A;Active use score 16:13h;N/A;N/A;N/A;-24.1 LUFS (Very good);N/A;Octa-core (2x4.32 GHz Oryon V2 Phoenix L + 6x3.53 GHz Oryon V2 Phoenix M);Qualcomm SM8750-AB Snapdragon 8 Elite (3 nm);Adreno 830;Android 15, up to 4 major Android upgrades, HyperOS 2;N/A;HDR, panorama;"32 MP, f/2.0, 21mm (wide), 1/3.14"", 0.7µm";4K@30/60fps, 1080p@30/60fps, gyro-EIS;"24-bit/192kHz Hi-Res & Hi-Res Wireless audio
Qualcomm XPAN (24-bit/96kHz audio)";No;Yes, with stereo speakers
19;Xiaomi;Xiaomi Redmi Note 15 Pro+;https://www.gsmarena.com/xiaomi_redmi_note_15_pro+_5g_(china)-14091.php;N/A;N/A;"90W wired
22.5W reverse wired";Li-Ion 7000 mAh;"IP68/IP69K dust tight and water resistant (high pressure water jets; immersible up to 1.5m for 30 min)
Manufacturer-rated water-resistance (up to 2m for 24 hours)";N/A;163.3 x 78.3 x 7.9 mm (6.43 x 3.08 x 0.31 in);Nano-SIM + Nano-SIM;211 g (7.44 oz);5.4, A2DP, LE, LHDC;Yes;Yes;GPS (L1+L5), GALILEO (E1+E5a), QZSS (L1+L5), BDS (B1l+B1C+B2a), GLONASS;Unspecified;USB Type-C 2.0, OTG;Wi-Fi 802.11 a/b/g/n/ac/6, dual-band, Wi-Fi Direct;N/A;Xiaomi Dragon Crystal Glass;1220 x 2772 pixels (~443 ppi density);6.83 inches, 111.0 cm2 (~86.8% screen-to-body ratio);AMOLED, 68B colors, 120Hz, 3840Hz PWM, HDR10+, Dolby Vision, 3200 nits (peak);N/A;N/A;N/A;N/A;Circle to Search;Fingerprint (under display, optical), accelerometer, gyro, compass, proximity;2025, August 21;Available. Released 2025, August 21;N/A;LED flash, HDR, panorama;N/A;N/A;"50 MP, f/1.6, (wide), 1/1.55"", 1.0µm, multi-directional PDAF, OIS
50 MP, f/2.2, (telephoto), PDAF, 2.5x optical zoom
8 MP, 112˚ (ultrawide)";4K@24/30fps, 1080p@30/60/120fps, gyro-EIS, OIS;UFS 2.2;No;256GB 12GB RAM, 512GB 12GB RAM, 512GB 16GB RAM, 1TB 16GB RAM;Black, Purple, Blue, White;N/A;N/A;N/A;N/A;N/A;GSM 850 / 900 / 1800 / 1900;HSDPA 800 / 850 / 900 / 1700(AWS) / 1900 / 2100;1, 3, 4, 5, 8, 19, 28, 34, 38, 39, 40, 41, 42, 48, 66;1, 3, 5, 8, 28, 38, 40, 41, 48, 66, 77, 78 SA/NSA;HSPA, LTE, 5G;GSM / HSPA / LTE / 5G;N/A;N/A;N/A;N/A;N/A;N/A;N/A;Octa-core (1x2.7 GHz Cortex-A720 & 3x2.4 GHz Cortex-A720 & 4x1.8 GHz Cortex-A520);Qualcomm SM7635 Snapdragon 7s Gen 4 (4 nm);Adreno 810;Android 15, HyperOS 2;N/A;HDR, panorama;32 MP, (wide);1080p@30/60fps;24-bit/192kHz Hi-Res & Hi-Res wireless audio;No;Yes, with stereo speakers (with Dolby Atmos)
20;Xiaomi;Xiaomi Redmi 14C;https://www.gsmarena.com/xiaomi_redmi_14c-13291.php;N/A;N/A;18W wired, PD;5160 mAh;Dust and splash resistant;Glass front (Gorilla Glass 3), plastic frame, glass back or silicone polymer (eco leather) back;171.9 x 77.8 x 8.2 mm (6.77 x 3.06 x 0.32 in);Nano-SIM + Nano-SIM;204 / 207 / 211 g (7.20 oz);5.4, A2DP, LE;N/A;Yes (market/region dependent);GPS, GLONASS, GALILEO, BDS;FM radio;USB Type-C 2.0, OTG;Wi-Fi 802.11 a/b/g/n/ac, dual-band, Wi-Fi Direct;N/A;Corning Gorilla Glass 3;720 x 1640 pixels (~260 ppi density);6.88 inches, 112.4 cm2 (~84.0% screen-to-body ratio);IPS LCD, 120Hz, 450 nits (typ), 600 nits (HBM);N/A;N/A;N/A;N/A;Virtual proximity sensing;Fingerprint (side-mounted), accelerometer, compass;2024, August 30;Available. Released 2024, August 30;"50 MP, f/1.8, 28mm (wide), 1/2.96"", PDAF
or
50 MP, f/1.8, 28mm (wide), 1/2.76"", 0.64µm, PDAF
QVGA, f/3.0";LED flash, HDR;N/A;N/A;N/A;1080p@30fps;eMMC 5.1;microSDXC (dedicated slot);64GB 4GB RAM, 128GB 4GB RAM, 128GB 6GB RAM, 128GB 8GB RAM, 256GB 4GB RAM, 256GB 8GB RAM;Midnight Black, Sage Green, Dreamy Purple, Starry Blue;2411DRN47C, 2409BRN2CA, 2409BRN2CG, 2409BRN2CY;$ 116.00 / € 94.90 / £ 137.50;N/A;0.99 W/kg (head)     0.90 W/kg (body);N/A;GSM 850 / 900 / 1800 / 1900;HSDPA 850 / 900 / 2100;1, 3, 5, 7, 8, 20, 28, 38, 40, 41;N/A;HSPA, LTE;GSM / HSPA / LTE;N/A;N/A;N/A;N/A;N/A;N/A;N/A;Octa-core (2x2.0 GHz Cortex-A75 & 6x1.8 GHz Cortex-A55);Mediatek Helio G81 Ultra (12 nm);Mali-G52 MC2;Android 14, HyperOS;N/A;HDR;"13 MP, f/2.0, (wide), 1/3.06""";1080p@30fps;N/A;Yes;Yes
21;Xiaomi;Xiaomi 14T Pro;https://www.gsmarena.com/xiaomi_14t_pro-13328.php;N/A;N/A;"120W wired, PD3.0, QC4, 100% in 19 min
50W wireless, 100% in 45 min";Li-Po 5000 mAh;"IP68 dust tight and water resistant (immersible up to 2m for 30 min)
6M13 aluminium alloy, 281 N/mm frame rigidity, 260 N/mm device rigidity";Glass front, aluminum frame, glass back (Panda X);160.4 x 75.1 x 8.4 mm (6.31 x 2.96 x 0.33 in);Nano-SIM + eSIMeSIM + eSIMNano-SIM + Nano-SIM;209 g (7.37 oz);5.4, A2DP, LE, LHDC;Yes;Yes (market/region dependent);GPS (L1+L5), BDS (B1I+B1C+B2a+B2b), GALILEO (E1+E5a+E5b), QZSS (L1+L5), NavIC (L5), GLONASS;No;USB Type-C 2.0, OTG;Wi-Fi 802.11 a/b/g/n/ac/6e/7, dual-band, Wi-Fi Direct;N/A;Corning Gorilla Glass 5;1220 x 2712 pixels, 20:9 ratio (~446 ppi density);6.67 inches, 107.4 cm2 (~89.1% screen-to-body ratio);AMOLED, 68B colors, 144Hz, 3840Hz PWM, Dolby Vision, HDR10+, 1600 nits (HBM), 4000 nits (peak);N/A;N/A;N/A;N/A;Circle to Search;Fingerprint (under display, optical), accelerometer, gyro, proximity, compass;2024, September 26;Available. Released 2024, September 26;N/A;Leica lens, Ultra HDR, LED flash, HDR, panorama;N/A;N/A;"50 MP, f/1.6, 23mm (wide), 1/1.31"", 1.2µm, PDAF, OIS
50 MP, f/2.0, 60mm (telephoto), 1/2.88"", 0.61µm, PDAF, 2.6x optical zoom
12 MP, f/2.2, 15mm (ultrawide), 1/3.06"", 1.12µm";8K@24/30fps, 4K@24/30/60fps, 1080p@30/60/120/240/960fps, gyro-EIS, 10-bit Rec. 2020, HDR10+;UFS 4.0;No;256GB 12GB RAM, 512GB 12GB RAM, 512GB 16GB RAM, 1TB 12GB RAM;Titan Gray, Titan Blue, Titan Black;2407FPN8EG;$ 479.50 / € 465.99 / £ 474.40;N/A;0.99 W/kg (head)     1.00 W/kg (body);N/A;GSM 850 / 900 / 1800 / 1900;HSDPA 800 / 850 / 900 / 1700(AWS) / 1900 / 2100;1, 2, 3, 4, 5, 7, 8, 12, 13, 17, 18, 19, 20, 25, 26, 28, 32, 38, 39, 40, 41, 42, 48, 66;1, 2, 3, 5, 7, 8, 12, 20, 25, 26, 28, 38, 40, 41, 48, 66, 75, 77, 78 SA/NSA;HSPA, LTE, 5G;GSM / HSPA / LTE / 5G;N/A;Active use score 12:32h;N/A;N/A;Maximum brightness: 1228nits (measured);-26.0 LUFS (Very good);"AnTuTu: 2015655 (v10)
GeekBench: 7081 (v6)
3DMark: 3998 (Wild Life Extreme)";Octa-core (1x3.4 GHz Cortex-X4 & 3x2.85 GHz Cortex-X4 & 4x2.0 GHz Cortex-A720);Mediatek Dimensity 9300+ (4 nm);Immortalis-G720 MC12;Android 14, HyperOS;N/A;HDR;"32 MP, f/2.0, 25mm (wide), 1/3.44"", 0.64µm";4K@30fps, 1080p@30/60fps, HDR10+;24-bit/192kHz Hi-Res & Hi-Res Wireless audio;No;Yes, with stereo speakers
22;Xiaomi;Xiaomi Redmi Note 14 Pro+ 5G;https://www.gsmarena.com/xiaomi_redmi_note_14_pro+_5g_(global)-13612.php;N/A;N/A;120W wired;5110 mAh;IP68 dust tight and water resistant (immersible up to 1.5m for 30 min);Glass front (Gorilla Glass Victus 2), glass back (Gorrila Glass 7i) or silicone polymer back (eco leather), aluminum frame;162.5 x 74.7 x 8.8 mm (6.40 x 2.94 x 0.35 in);Nano-SIM + eSIMNano-SIM + Nano-SIM;205 g or 210 g (7.23 oz);5.4, A2DP, LE;Yes;Yes (market/region dependent);GPS (L1+L5), GALILEO, GLONASS, QZSS, BDS;Unspecified;USB Type-C 2.0, OTG;Wi-Fi 802.11 a/b/g/n/ac/6/6e, dual-band, Wi-Fi Direct (/6e is market/region dependent);N/A;Corning Gorilla Glass Victus 2, Mohs level 5;1220 x 2712 pixels, 20:9 ratio (~446 ppi density);6.67 inches, 107.4 cm2 (~88.5% screen-to-body ratio);AMOLED, 68B colors, 120Hz, 1920Hz PWM, HDR10+, Dolby Vision, 3000 nits (peak);50:09h endurance, 1000 cycles;Class B;Class C (90 falls);Class C;Circle to Search;Fingerprint (under display, optical), accelerometer, gyro, compass, proximity;2025, January 10;Available. Released 2025, January 15;N/A;LED flash, HDR, panorama;N/A;N/A;"200 MP, f/1.7, 23mm (wide), 1/1.4"", 0.56µm, multi-directional PDAF, OIS
8 MP, f/2.2, 15mm, 120˚ (ultrawide), 1/4.0"", 1.12µm
2 MP, f/2.4, (macro)";4K@24/30fps, 1080p@30/60/120fps, gyro-EIS, OIS;UFS 2.2;No;256GB 8GB RAM, 256GB 12GB RAM, 512GB 12GB RAM;Lavender Purple, Frost Blue, Midnight Black, Sand Gold;24115RA8EG;$ 349.99 / € 280.98 / £ 258.90;N/A;0.99 W/kg (head)     1.00 W/kg (body);N/A;GSM 850 / 900 / 1800 / 1900;HSDPA 800 / 850 / 900 / 1700(AWS) / 1900 / 2100;1, 2, 3, 4, 5, 7, 8, 12, 13, 17, 18, 19, 20, 26, 28, 32, 38, 40, 41, 42, 48, 66;1, 2, 3, 5, 7, 8, 12, 20, 26, 28, 38, 40, 41, 48, 66, 77, 78 SA/NSA;HSPA, LTE, 5G;GSM / HSPA / LTE / 5G;N/A;Active use score 10:40h;N/A;N/A;1200 nits max brightness (measured);-26.5 LUFS (Good);"AnTuTu: 750292 (v10)
GeekBench: 3234 (v6)
3DMark: 1049 (Wild Life Extreme)";Octa-core (1x2.5 GHz Cortex-A720 & 3x2.4 GHz Cortex-A720 & 4x1.8 GHz Cortex-A520);Qualcomm SM7635 Snapdragon 7s Gen 3 (4 nm);Adreno 810;Android 14, up to 3 major Android upgrades, HyperOS;N/A;HDR, panorama;"20 MP, f/2.2, 21mm (wide), 1/4.0"", 0.7µm";1080p@30/60fps;24-bit/192kHz Hi-Res & Hi-Res wireless audio;No;Yes, with stereo speakers (with Dolby Atmos)
23;Xiaomi;Xiaomi Redmi 12;https://www.gsmarena.com/xiaomi_redmi_12-12328.php;N/A;N/A;18W wired, PD;Li-Po 5000 mAh;"IP53 dust protected and water resistant
(vertical water sprays)";Glass front, plastic frame, glass back;168.6 x 76.3 x 8.2 mm (6.64 x 3.00 x 0.32 in);Nano-SIM + Nano-SIM;198.5 g (7.02 oz);5.3, A2DP, LE;Yes;Yes (market/region dependent);GPS, GLONASS, BDS, GALILEO;FM radio;USB Type-C;Wi-Fi 802.11 a/b/g/n/ac, dual-band;N/A;N/A;1080 x 2460 pixels (~396 ppi density);6.79 inches, 109.5 cm2 (~85.1% screen-to-body ratio);IPS LCD, 90Hz, 550 nits (peak);N/A;N/A;N/A;N/A;N/A;Fingerprint (side-mounted), accelerometer, compass;2023, June 15;Available. Released 2023, June 15;N/A;LED flash, HDR;N/A;N/A;"50 MP, f/1.8, (wide), PDAF
8 MP, f/2.2, 120˚ (ultrawide)
2 MP, f/2.4, (macro)";1080p@30fps;eMMC 5.1;microSDXC (uses shared SIM slot);128GB 2GB RAM, 128GB 4GB RAM, 128GB 6GB RAM, 128GB 8GB RAM, 256GB 4GB RAM, 256GB 8GB RAM;Midnight Black, Sky Blue, Polar Silver, Moonstone Silver;23053RN02A, 23053RN02Y, 23053RN02I, 23053RN02L, 23077RABDC;$ 139.99 / € 138.79 / £ 84.99 / ₹ 9,499;1.09 W/kg (head)     1.06 W/kg (body);0.99 W/kg (head)     0.99 W/kg (body);N/A;GSM 850 / 900 / 1800 / 1900;HSDPA 850 / 900 / 2100;1, 3, 5, 7, 8, 20, 28, 38, 40, 41;N/A;HSPA, LTE;GSM / HSPA / LTE;N/A;N/A;Endurance rating 117h;Photo / Video;1507:1 contrast ratio, 541 nits max brightness (measured);-29.9 LUFS (Average);"AnTuTu: 258006 (v9)
GeekBench: 1303 (v5.1), 1380 (v6)
GFXBench: 9fps (ES 3.1 onscreen)";Octa-core (2x2.0 GHz Cortex-A75 & 6x1.8 GHz Cortex-A55);Mediatek MT6769H Helio G88 (12 nm);Mali-G52 MC2;Android 13, upgradable to Android 14, HyperOS;N/A;N/A;8 MP, f/2.1, (wide);1080p@30fps;N/A;Yes;Yes
24;Xiaomi;Xiaomi 13;https://www.gsmarena.com/xiaomi_13-12013.php;N/A;N/A;"67W wired, PD3.0, QC4, 100% in 38 min
50W wireless, 100% in 48 min
10W reverse wireless";Li-Po 4500 mAh;IP68 dust tight and water resistant (immersible up to 1.5m for 30 min);Glass front (Gorilla Glass 5), glass back or silicone polymer back, aluminum frame;152.8 x 71.5 x 8.0 mm or 8.1 mm;Nano-SIM + eSIMNano-SIM + Nano-SIM;185 g or 189 g (6.53 oz);5.3, A2DP, LE, aptX HD, aptX Adaptive;Yes;Yes;GPS (L1+L5), GLONASS (G1), BDS (B1I+B1c+B2a), GALILEO (E1+E5a), QZSS (L1+L5), NavIC (L5);No;USB Type-C 2.0, OTG;Wi-Fi 802.11 a/b/g/n/ac/6e, dual-band, Wi-Fi Direct;N/A;Corning Gorilla Glass 5;1080 x 2400 pixels, 20:9 ratio (~414 ppi density);6.36 inches, 97.7 cm2 (~89.4% screen-to-body ratio);AMOLED, 120Hz, Dolby Vision, HDR10+, 1200 nits (HBM), 1900 nits (peak);N/A;N/A;N/A;N/A;N/A;Fingerprint (under display, optical), accelerometer, proximity, gyro, compass;2022, December 11;Available. Released 2022, December 14;N/A;Leica lens, color spectrum sensor, Dual-LED dual-tone flash, HDR, panorama;N/A;N/A;"50 MP, f/1.8, 23mm (wide), 1/1.49"", 1.0µm, PDAF, OIS
10 MP, f/2.0, 75mm (telephoto), 1/3.75"", 1.0µm, PDAF, OIS, 3.2x optical zoom
12 MP, f/2.2, 15mm, 120˚ (ultrawide), 1/3.06"", 1.12µm";8K@24fps (HDR), 4K@24/30/60fps (HDR10+, 10-bit Dolby Vision HDR, 10-bit LOG), 1080p@30/120/240/960fps, 1080p@1920fps, gyro-EIS;"UFS 3.1 - 128GB
UFS 4.0 - 256/512GB";No;128GB 8GB RAM, 256GB 8GB RAM, 256GB 12GB RAM, 512GB 12GB RAM;White, Black, Flora Green, Mountain Blue, Red, Blue, Yellow, Green, Gray;2211133C, 2211133G;€ 306.86;N/A;N/A;1, 3, 5, 8, 28, 38, 40, 41, 77, 78 SA/NSA - China;GSM 850 / 900 / 1800 / 1900;HSDPA 800 / 850 / 900 / 1700(AWS) / 1900 / 2100;1, 2, 3, 4, 5, 7, 8, 12, 13, 17, 18, 19, 20, 25, 26, 28, 32, 38, 39, 40, 41, 42, 48, 66 - International;1, 3, 5, 7, 8, 20, 28, 38, 40, 41, 66, 71, 75, 77, 78 SA/NSA - International;HSPA, LTE, 5G;GSM / CDMA / HSPA / CDMA2000 / LTE / 5G;N/A;N/A;Endurance rating 108h;Photo / Video;1254 nits max brightness (measured);-25.8 LUFS (Very good);"AnTuTu: 1248260 (v9)
GeekBench: 5129 (v5.1)
GFXBench: 109fps (ES 3.1 onscreen)";Octa-core (1x3.2 GHz Cortex-X3 & 2x2.8 GHz Cortex-A715 & 2x2.8 GHz Cortex-A710 & 3x2.0 GHz Cortex-A510);Qualcomm SM8550-AB Snapdragon 8 Gen 2 (4 nm);Adreno 740;Android 13, upgradable to Android 14, MIUI 14;N/A;HDR, panorama;"32 MP, f/2.0, 22mm (wide), 1/3.14"",  0.7µm";1080p@30fps;"24-bit/192kHz Hi-Res audio
Snapdragon Sound";No;Yes, with stereo speakers
25;Xiaomi;Xiaomi Redmi Turbo 4;https://www.gsmarena.com/xiaomi_redmi_turbo_4-13598.php;N/A;N/A;90W wired, PD3.0, QC3+, 100% in 45 min;Si/C Li-Ion 6550 mAh;IP68 dust tight and water resistant (immersible up to 2m for 30 min);N/A;161 x 75.2 x 8.1 mm (6.34 x 2.96 x 0.32 in);Nano-SIM + Nano-SIM;203.5 g (7.20 oz);6.0, A2DP, LE, aptX, LHDC 5;Yes;Yes;GPS (L1+L5), GLONASS (G1), BDS (B1I+B1c+B2a), GALILEO (E1+E5a), QZSS (L1+L5), NavIC (L5);No;USB Type-C 2.0, OTG;Wi-Fi 802.11 a/b/g/n/ac/6, dual-band, Wi-Fi Direct;N/A;N/A;1220 x 2712 pixels, 20:9 ratio (~446 ppi density);6.67 inches, 107.4 cm2 (~88.7% screen-to-body ratio);AMOLED, 68B colors, 120Hz, 1920Hz PWM, Dolby Vision, HDR10+, HDR Vivid, 1400 nits (HBM), 3200 nits (peak);N/A;N/A;N/A;N/A;N/A;Fingerprint (under display, optical), accelerometer, gyro, proximity, compass;2025, January 02;Available. Released 2025, January 02;"50 MP, f/1.5, 26mm (wide), 1/1.95"", 0.8µm, PDAF, OIS
8 MP, f/2.2, 15mm (ultrawide), 1/4.0"", 1.12µm";LED flash, HDR, panorama;N/A;N/A;N/A;4K@24/30/60fps, 1080p@30/60/120/240/960fps, gyro-EIS;UFS 4.0;No;256GB 12GB RAM, 256GB 16GB RAM, 512GB 12GB RAM, 512GB 16GB RAM;Black, White, Blue;24129RT7CC;About 270 EUR;N/A;N/A;CDMA2000 1x;GSM 850 / 900 / 1800 / 1900;HSDPA 800 / 850 / 900 / 1700(AWS) / 2100;1, 3, 4, 5, 8, 18, 19, 26, 28, 34, 38, 39, 40, 41, 42, 48, 66;1, 3, 5, 8, 28, 38, 40, 41, 48, 66, 77, 78 SA/NSA/Sub6;HSPA, LTE, 5G;GSM / CDMA / HSPA / CDMA2000 / LTE / 5G;N/A;N/A;N/A;N/A;N/A;N/A;N/A;Octa-core (1x3.25 GHz Cortex-A725 & 3x3.0 GHz Cortex-A725 & 4x2.1 GHz Cortex-A725);Mediatek Dimensity 8400 Ultra (4 nm);G720 MC7;Android 15, HyperOS 2;N/A;N/A;"20 MP, f/2.2, (wide), 1/4""";1080p@30fps;24-bit/192kHz Hi-Res & Hi-Res Wireless audio;No;Yes, with stereo speakers
27;Xiaomi;Xiaomi 15S Pro;https://www.gsmarena.com/xiaomi_15s_pro_5g-13895.php;N/A;N/A;"90W wired, PD3.0
50W wireless
10W reverse wireless";Si/C Li-Ion 6100 mAh;IP68 dust tight and water resistant (immersible up to 1.5m for 30 min);N/A;161.3 x 75.3 x 8.3 mm (6.35 x 2.96 x 0.33 in);Nano-SIM + Nano-SIM;216 g (7.62 oz);5.4, A2DP, LE, aptX HD, aptX Adaptive, LHDC 5;Yes;Yes;GPS (L1+L5), BDS (B1I+B1c+B2a), GALILEO (E1+E5a), QZSS (L1+L5), GLONASS;No;USB Type-C 3.2 Gen2, Display Port, OTG;Wi-Fi 802.11 a/b/g/n/ac/6e/7, dual-band, Wi-Fi Direct;N/A;Shatterproof glass (2024 gen);1440 x 3200 pixels, 20:9 ratio (~521 ppi density);6.73 inches, 109.4 cm2 (~90.0% screen-to-body ratio);LTPO AMOLED, 68B colors, 120Hz, 1920Hz PWM, Dolby Vision, HDR10+, HDR Vivid, 3200 nits (peak);N/A;N/A;N/A;N/A;UWB support;Fingerprint (under display, ultrasonic), accelerometer, proximity, gyro, compass, barometer;2025, May 22;Available. Released 2025, May 22;N/A;Laser AF, color spectrum sensor, Leica lens, Dual-LED dual-tone flash, HDR, panorama;N/A;N/A;"50 MP, f/1.4, 23mm (wide), 1/1.31"", 1.2µm, dual pixel PDAF, OIS
50 MP, f/2.5, 120mm (periscope telephoto), PDAF (30cm - ∞), OIS, 5x optical zoom
50 MP, f/2.2, 14mm, 115˚ (ultrawide), AF";8K@24fps (HDR), 4K@30/60fps (HDR10+, 10-bit Dolby Vision HDR, 10-bit LOG), 1080p@30/60/120/240/960fps, gyro-EIS;UFS 4.1;No;512GB 16GB RAM, 1TB 16GB RAM;Black, Blue;N/A;About 680 EUR;N/A;N/A;CDMA2000 1xEV-DO;GSM 850 / 900 / 1800 / 1900;HSDPA 800 / 850 / 900 / 1700(AWS) / 1900 / 2100;1, 2, 3, 4, 5, 7, 8, 12, 17, 18, 19, 20, 26, 28, 34, 38, 39, 40, 41, 42, 48, 66;1, 2, 3, 5, 7, 8, 12, 20, 26, 28, 38, 40, 41, 48, 66, 77, 78, 79 SA/NSA;HSPA, LTE, 5G;GSM / CDMA / HSPA / EVDO / LTE / 5G;N/A;N/A;N/A;N/A;N/A;N/A;N/A;10-core (2x3.9GHz Cortex-X925 & 4x3.4GHz Cortex-A725 & 2x1.9GHz Cortex-A725 & 2x1.8GHz Cortex-A520);Xring O1 (3 nm);Immortalis-G925 MP16;Android 15, HyperOS 2;N/A;HDR, panorama;32 MP, f/2.0, 22mm (wide), 0.7µm;4K@30/60fps, 1080p@30/60fps, gyro-EIS;24-bit/192kHz Hi-Res & Hi-Res wireless audio;No;Yes, with stereo speakers
28;Xiaomi;Xiaomi 15;https://www.gsmarena.com/xiaomi_15-13472.php;N/A;N/A;"90W wired, PD3.0, QC3+
50W wireless
10W reverse wireless";Si/C Li-Ion 5240 mAh - GlobalSi/C Li-Ion 5400 mAh - China;IP68 dust tight and water resistant (immersible up to 1.5m for 30 min);Glass front (Xiaomi Shield Glass), aluminum alloy frame (6M42);152.3 x 71.2 x 8.1 / 8.4 / 8.5 mm;Nano-SIM + Nano-SIMNano-SIM + Nano-SIM + eSIM + eSIM (max 2 at a time);189 / 191 / 192 g (6.67 oz);5.4/6.0, A2DP, LE, aptX HD, aptX Adaptive, LHDC 5;Yes;Yes;GPS (L1+L5), GLONASS (G1), BDS (B1I+B1c+B2a), GALILEO (E1+E5a), QZSS (L1+L5);No;USB Type-C 3.2, Display Port, OTG;Wi-Fi 802.11 a/b/g/n/ac/6e/7, dual-band or tri-band, Wi-Fi Direct;N/A;Xiaomi Shield Glass, Mohs level 6;1200 x 2670 pixels, 20:9 ratio (~460 ppi density);6.36 inches, 97.6 cm2 (~90.0% screen-to-body ratio);LTPO AMOLED, 68B colors, 1920Hz PWM, 120Hz, Dolby Vision, HDR10+, 3200 nits (peak);63:26h endurance, 1000 cycles;Class A;Class C (90 falls);Class C;N/A;Fingerprint (under display, ultrasonic), accelerometer, proximity, gyro, compass, barometer;2024, October 29;Available. Released 2024, October 29;N/A;Laser AF, color spectrum sensor, Leica lens, Dual-LED dual-tone flash, HDR, panorama;N/A;N/A;"50 MP, f/1.6, 23mm (wide), 1/1.31"", 1.2µm, dual pixel PDAF, OIS
50 MP, f/2.0, 60mm (telephoto), 1/2.76"", 0.64µm, PDAF (10cm - ∞), OIS, 2.6x optical zoom
50 MP, f/2.2, 14mm, 115˚ (ultrawide), 1/2.76"", 0.64µm";8K@24/30fps (HDR), 4K@24/30/60fps (HDR10+, 10-bit Dolby Vision HDR, 10-bit LOG), 1080p@30/60/120/240/960fps, 720p@1920fps, gyro-EIS;UFS 4.0;No;256GB 12GB RAM, 256GB 16GB RAM, 512GB 12GB RAM, 512GB 16GB RAM, 1TB 16GB RAM;Black, White, Liquid Silver, Green, Lilac;24129PN74G, 24129PN74I, 24129PN74C;$ 437.02 / € 707.99 / £ 599.00 / ₹ 64,997;N/A;0.99 W/kg (head)     1.00 W/kg (body);1, 2, 3, 5, 12, 20, 26, 28, 38, 40, 41, 48, 66, 77, 78, 80, 81, 83, 84, 89 SA/NSA - China;GSM 850 / 900 / 1800 / 1900;HSDPA 800 / 850 / 900 / 1700(AWS) / 1900 / 2100;1, 2, 3, 4, 5, 7, 8, 12, 13, 17, 18, 19, 20, 25, 26, 28, 32, 38, 39, 40, 41, 42, 48, 66 - International;1, 2, 3, 5, 7, 8, 12, 20, 25, 26, 28, 38, 40, 41, 48, 66, 75, 77, 78 SA/NSA - International;HSPA, LTE, 5G;GSM / HSPA / LTE / 5G;N/A;Active use score 16:28h;N/A;N/A;1517 nits max brightness (measured);-25.7 LUFS (Very good);"AnTuTu: 2534638 (v10)
GeekBench: 9419 (v6)
3DMark: 5980 (Wild Life Extreme)";Octa-core (2x4.32 GHz Oryon V2 Phoenix L + 6x3.53 GHz Oryon V2 Phoenix M);Qualcomm SM8750-AB Snapdragon 8 Elite (3 nm);Adreno 830;Android 15, up to 4 major Android upgrades, HyperOS 2;N/A;HDR, panorama;"32 MP, f/2.0, 21mm (wide), 1/3.14"", 0.7µm";4K@30/60fps, 1080p@30/60fps, HDR10+, gyro-EIS;"24-bit/192kHz Hi-Res & Hi-Res wireless audio
Qualcomm XPAN (24-bit/96kHz audio)";No;Yes, with stereo speakers
29;Xiaomi;Xiaomi Redmi Note 10S;https://www.gsmarena.com/xiaomi_redmi_note_10s-10769.php;N/A;N/A;33W wired;Li-Po 5000 mAh;"IP53 dust protected and water resistant
(vertical water sprays)";N/A;160.5 x 74.5 x 8.3 mm (6.32 x 2.93 x 0.33 in);Nano-SIM + Nano-SIM;178.8 g (6.31 oz);5.1, A2DP, LE;Yes;Yes (market/region dependent);GPS, GLONASS, GALILEO, BDS;FM radio;USB Type-C 2.0;Wi-Fi 802.11 a/b/g/n/ac, dual-band, Wi-Fi Direct;N/A;Corning Gorilla Glass 3;1080 x 2400 pixels, 20:9 ratio (~409 ppi density);6.43 inches, 99.8 cm2 (~83.5% screen-to-body ratio);AMOLED, 450 nits (typ), 1100 nits (peak);N/A;N/A;N/A;N/A;Virtual proximity sensing;Fingerprint (side-mounted), accelerometer, gyro, compass;2021, March 04;Available. Released 2021, April 28;N/A;LED flash, HDR, panorama;"64 MP, f/1.8, 26mm (wide), 1/1.97"", 0.7µm, PDAF
8 MP, f/2.2, 118˚ (ultrawide), 1/4.0"", 1.12µm
2 MP, f/2.4, (macro)
2 MP, f/2.4, (depth)";N/A;N/A;4K@30fps, 1080p@30/60/120fps, 720p@960fps;UFS 2.2;microSDXC (dedicated slot);64GB 4GB RAM, 64GB 6GB RAM, 128GB 4GB RAM, 128GB 6GB RAM, 128GB 8GB RAM;Deep Sea Blue (Ocean Blue), Shadow Black (Onyx Gray), (Frost White) Pebble White;M2101K7BG, M2101K7BI, M2101K7BNY, M2101K7BL;€ 88.37 / £ 131.78 / ₹ 12,999;1.07 W/kg (head)     0.81 W/kg (body);0.60 W/kg (head)     0.90 W/kg (body);N/A;GSM 850 / 900 / 1800 / 1900;HSDPA 850 / 900 / 1700(AWS) / 1900 / 2100;1, 2, 3, 4, 5, 7, 8, 20, 28, 38, 40, 41;N/A;HSPA, LTE;GSM / HSPA / LTE;N/A;N/A;N/A;N/A;N/A;N/A;N/A;Octa-core (2x2.05 GHz Cortex-A76 & 6x2.0 GHz Cortex-A55);Mediatek MT6785V/CD Helio G95 (12 nm);Mali-G76 MC4;Android 11, upgradable to Android 13, MIUI 14;N/A;HDR;"13 MP, f/2.5, (wide), 1/3.06"", 1.12µm";1080p@30fps;24-bit/192kHz Hi-Res audio;Yes;Yes, with stereo speakers
30;Xiaomi;Xiaomi 17;https://www.gsmarena.com/xiaomi_17_5g-14134.php;N/A;N/A;"100W wired, PD3.0, QC3+
50W wireless
10W reverse wireless";Si/C Li-Ion 7000 mAh - China;"IP68/IP69 dust tight and water resistant (high pressure water jets; immersible up to 1.5m for 30 min)";N/A;-;Nano-SIM + Nano-SIMNano-SIM + Nano-SIM + eSIM + eSIM (max 2 at a time);-;5.4/6.0, A2DP, LE, aptX HD, aptX Adaptive, LHDC 5;Yes;Yes;GPS (L1+L5), GLONASS (G1), BDS (B1I+B1c+B2a), GALILEO (E1+E5a), QZSS (L1+L5);No;USB Type-C 3.2, Display Port, OTG;Wi-Fi 802.11 a/b/g/n/ac/6e/7, dual-band or tri-band, Wi-Fi Direct;N/A;Xiaomi Shield Glass;1200 x 2670 pixels, 20:9 ratio (~465 ppi density);6.3 inches, 95.7 cm2;LTPO AMOLED, 68B colors, 1920Hz PWM, 120Hz, Dolby Vision, HDR10+, 4500 nits (peak);N/A;N/A;N/A;N/A;N/A;Fingerprint (under display, ultrasonic), accelerometer, proximity, gyro, compass, barometer;Not announced yet;Rumored;N/A;Laser AF, color spectrum sensor, Leica lens, Dual-LED dual-tone flash, HDR, panorama;N/A;N/A;"50 MP, f/1.6, 23mm (wide), 1/1.31"", 1.2µm, dual pixel PDAF, OIS
50 MP, f/2.0, 60mm (telephoto), 1/2.76"", 0.64µm, PDAF (10cm - ∞), OIS, 2.6x optical zoom
50 MP, f/2.2, 14mm, 115˚ (ultrawide), 1/2.76"", 0.64µm";8K@24/30fps (HDR), 4K@24/30/60fps (HDR10+, 10-bit Dolby Vision HDR, 10-bit LOG), 1080p@30/60/120/240/960fps, 720p@1920fps, gyro-EIS;UFS 4.0;No;256GB 12GB RAM, 256GB 16GB RAM, 512GB 12GB RAM, 512GB 16GB RAM, 1TB 16GB RAM;"Black; other colors";N/A;N/A;N/A;N/A;N/A;GSM 850 / 900 / 1800 / 1900;HSDPA 800 / 850 / 900 / 1700(AWS) / 1900 / 2100;LTE;SA/NSA;HSPA, LTE, 5G;GSM / HSPA / LTE / 5G;N/A;N/A;N/A;N/A;N/A;N/A;N/A;N/A;Qualcomm Snapdragon 8 Elite Gen 5 (3 nm);N/A;Android 16, up to 4 major Android upgrades, HyperOS 3;N/A;HDR, panorama;"32 MP, f/2.0, 21mm (wide), 1/3.14"", 0.7µm";4K@30/60fps, 1080p@30/60fps, HDR10+, gyro-EIS;"24-bit/192kHz Hi-Res & Hi-Res wireless audio
Qualcomm XPAN (24-bit/96kHz audio)";No;Yes, with stereo speakers
31;Xiaomi;Xiaomi Redmi Note 11;https://www.gsmarena.com/xiaomi_redmi_note_11-11336.php;N/A;N/A;33W wired, PD3.0, QC3, 100% in 60 min;Li-Po 5000 mAh;"IP53 dust protected and water resistant
(vertical water sprays)";N/A;159.9 x 73.9 x 8.1 mm (6.30 x 2.91 x 0.32 in);Nano-SIM + Nano-SIM;179 g (6.31 oz);5.0, A2DP, LE;Yes;Yes (market/region dependent);GPS, GLONASS, BDS, GALILEO;FM radio;USB Type-C 2.0, OTG;Wi-Fi 802.11 a/b/g/n/ac, dual-band, Wi-Fi Direct;N/A;Corning Gorilla Glass 3;1080 x 2400 pixels, 20:9 ratio (~409 ppi density);6.43 inches, 99.8 cm2 (~84.5% screen-to-body ratio);AMOLED, 90Hz, 700 nits, 1000 nits (peak);N/A;N/A;N/A;N/A;Virtual proximity sensing;Fingerprint (side-mounted), accelerometer, gyro, compass;2022, January 26;Available. Released 2022, February 09;N/A;LED flash, HDR, panorama;"50 MP, f/1.8, 26mm (wide), 1/2.76"", 0.64µm, PDAF
8 MP, f/2.2, 118˚ (ultrawide), 1/4.0"", 1.12µm
2 MP, f/2.4, (macro)
2 MP, f/2.4, (depth)";N/A;N/A;1080p@30fps;UFS 2.2;microSDXC (dedicated slot);64GB 4GB RAM, 64GB 6GB RAM, 128GB 4GB RAM, 128GB 6GB RAM;Graphite Gray, Twilight Blue, Star Blue;2201117TG, 2201117TI, 2201117TY, 2201117TL;€ 75.00 / £ 107.85 / ₹ 11,990;0.97 W/kg (head)     0.93 W/kg (body);0.60 W/kg (head)     0.99 W/kg (body);N/A;GSM 850 / 900 / 1800 / 1900;HSDPA 850 / 900 / 1700(AWS) / 1900 / 2100;1, 2, 3, 4, 5, 7, 8, 20, 28, 38, 40, 41;N/A;HSPA, LTE (CA);GSM / HSPA / LTE;N/A;N/A;Endurance rating 126h;Photo / Video;736 nits max brightness (measured);-25.8 LUFS (Very good);"AnTuTu: 228044 (v8), 244526 (v9)
GeekBench: 1662 (v5.1)
GFXBench: 6.8fps (ES 3.1 onscreen)";Octa-core (4x2.4 GHz Kryo 265 Gold & 4x1.9 GHz Kryo 265 Silver);Qualcomm SM6225 Snapdragon 680 4G (6 nm);Adreno 610;Android 11, upgradable to Android 13, MIUI 14;N/A;N/A;"13 MP, f/2.4, (wide), 1/3.1"", 1.12µm";1080p@30fps;24-bit/192kHz Hi-Res audio;Yes;Yes, with stereo speakers
32;Xiaomi;Xiaomi Redmi 15 4G;https://www.gsmarena.com/xiaomi_redmi_15-14037.php;N/A;N/A;33W wired;Si/C Li-Ion 7000 mAh;IP64 dust tight and water resistant (water splashes);N/A;171.1 x 82.1 x 8.6 mm (6.74 x 3.23 x 0.34 in);Nano-SIM + Nano-SIM;224 g (7.90 oz);5.0, A2DP, LE;Yes;Yes (market/region dependent);GPS, GLONASS, GALILEO, BDS;No;USB Type-C 2.0;Wi-Fi 802.11 b/g/n/ac, dual-band;N/A;N/A;1080 x 2340 pixels, 19.5:9 ratio (~374 ppi density);6.9 inches, 116.9 cm2 (~83.2% screen-to-body ratio);IPS LCD, 144Hz;N/A;N/A;N/A;N/A;Virtual proximity sensing;Fingerprint (side-mounted), accelerometer, compass;2025, August 01;Available. Released 2025, August 01;"50 MP, f/1.8, (wide), PDAF
Auxiliary lens";LED flash, HDR;N/A;N/A;N/A;1080p@30fps;N/A;microSDXC (uses shared SIM slot);128GB 6GB RAM, 256GB 8GB RAM;Midnight Black, Titan Gray, Sandy Purple;N/A;$ 204.99 / € 143.09;N/A;N/A;N/A;GSM 850 / 900 / 1800 / 1900;HSDPA 850 / 900 / 1900 / 2100;LTE;N/A;HSPA, LTE;GSM / HSPA / LTE;N/A;N/A;N/A;N/A;N/A;N/A;N/A;Octa-core (4x2.8 GHz Cortex-A73 & 4x1.9 GHz Cortex-A53);Qualcomm SM6225 Snapdragon 685 (6 nm);Adreno 610;Android 15, HyperOS 2;N/A;HDR;8 MP, f/2.0, (wide);1080p@30fps;N/A;No;Yes
34;Xiaomi;Xiaomi Redmi Note 15;https://www.gsmarena.com/xiaomi_redmi_note_15_5g_(china)-14092.php;N/A;N/A;"45W wired
22.5W reverse wired";Li-Ion 5800 mAh;IP68 dust tight and water resistant (immersible up to 1.5m for 30 min);N/A;165 x 75.4 x 7.4 mm (6.50 x 2.97 x 0.29 in);Nano-SIM + Nano-SIM;178 g (6.28 oz);5.1, A2DP, LE;Yes;Yes;GPS, GALILEO, GLONASS, QZSS, BDS (B1l+B1C);Unspecified;USB Type-C 2.0, OTG;Wi-Fi 802.11 a/b/g/n/ac, dual-band, Wi-Fi Direct;N/A;Xiaomi Dragon Crystal Glass;1080 x 2392 pixels (~388 ppi density);6.77 inches, 110.9 cm2 (~89.1% screen-to-body ratio);AMOLED, 68B colors, 120Hz, 3200 nits (peak);N/A;N/A;N/A;N/A;Circle to Search;Fingerprint (under display, optical), accelerometer, gyro, compass, proximity;2025, August 21;Available. Released 2025, August 21;"50 MP, f/1.8, (wide), 1/2.88"", 0.61µm, PDAF
2 MP, (depth)";LED flash, HDR, panorama;N/A;N/A;N/A;4K@30fps, 1080p@30fps, gyro-EIS;UFS 2.2;microSDXC (uses shared SIM slot);128GB 6GB, 128GB 8GB, 256GB 8GB RAM, 256GB 12GB RAM;Black, White, Blue;N/A;N/A;N/A;N/A;N/A;GSM 850 / 900 / 1800 / 1900;HSDPA 800 / 850 / 900 / 1700(AWS) / 1900 / 2100;1, 3, 5, 8, 19, 28, 34, 38, 39, 40, 41, 42, 48;1, 3, 5, 8, 28, 38, 40.41, 48, 77, 78 SA/NSA;HSPA, LTE, 5G;GSM / HSPA / LTE / 5G;N/A;N/A;N/A;N/A;N/A;N/A;N/A;Octa-core (4x2.4 GHz Cortex-A78 & 4x1.8 GHz Cortex-A55);Qualcomm SM6475-AB Snapdragon 6 Gen 3 (4 nm);Adreno 710;Android 15, HyperOS 2;N/A;HDR, panorama;8 MP, (wide);1080p@30/60fps;24-bit/192kHz Hi-Res & Hi-Res wireless audio;No;Yes, with stereo speakers (with Dolby Atmos)
35;Xiaomi;Xiaomi 14T;https://www.gsmarena.com/xiaomi_14t-13329.php;N/A;N/A;67W wired, PD3.0, 100% in 45 min;Li-Po 5000 mAh;IP68 dust tight and water resistant (immersible up to 2m for 30 min);Glass front (Gorilla Glass 5), plastic frame, glass back (Panda X);160.5 x 75.1 x 7.8 mm or 8.0 mm;Nano-SIM + eSIMeSIM + eSIMNano-SIM + Nano-SIM;193 g or 195 g (6.81 oz);5.4, A2DP, LE, LHDC;Yes;Yes (market/region dependent);GPS (L1+L5), BDS (B1I+B1C+B2a), GALILEO (E1+E5a), NavIC (L5), GLONASS;No;USB Type-C 2.0, OTG;Wi-Fi 802.11 a/b/g/n/ac/6e, dual-band, Wi-Fi Direct;N/A;Corning Gorilla Glass 5;1220 x 2712 pixels, 20:9 ratio (~446 ppi density);6.67 inches, 107.4 cm2 (~89.1% screen-to-body ratio);AMOLED, 68B colors, 144Hz, 2880Hz PWM, Dolby Vision, HDR10+, 1600 nits (HBM), 4000 nits (peak);N/A;N/A;N/A;N/A;Circle to Search;Fingerprint (under display, optical), accelerometer, gyro, proximity, compass;2024, September 26;Available. Released 2024, September 26;N/A;Leica lens, Ultra HDR, LED flash, HDR, panorama;N/A;N/A;"50 MP, f/1.7, 23mm (wide), 1/1.56"", 1.0µm, PDAF, OIS
50 MP, f/1.9, 50mm (telephoto), 1/2.76"", 0.64µm, PDAF, 2x optical zoom
12 MP, f/2.2, 15mm (ultrawide), 1/3.06"", 1.12µm";4K@24/30/60fps, 1080p@30/60/120/240/960fps, gyro-EIS, 10-bit Rec. 2020, HDR10+;UFS 4.0;No;256GB 12GB RAM, 512GB 12GB RAM, 512GB 16GB RAM;Titan Gray, Titan Blue, Titan Black, Lemon Green;2406APNFAG;$ 446.76 / € 353.22 / £ 347.09;N/A;0.98 W/kg (head)     0.99 W/kg (body);N/A;GSM 850 / 900 / 1800 / 1900;HSDPA 800 / 850 / 900 / 1700(AWS) / 1900 / 2100;1, 2, 3, 4, 5, 7, 8, 12, 13, 17, 18, 19, 20, 26, 28, 32, 38, 40, 41, 42, 48, 66;1, 2, 3, 5, 7, 8, 12, 20, 26, 28, 38, 40, 41, 48, 66, 77, 78 SA/NSA;HSPA, LTE, 5G;GSM / HSPA / LTE / 5G;N/A;Active use score 11:32h;N/A;N/A;1355 nits max brightness (measured);-25.0 LUFS (Very good);"AnTuTu: 1253994 (v10)
GeekBench: 3989 (v6)
3DMark: 2942 (Wild Life Extreme)";Octa-core (1x3.35 GHz Cortex-A715 & 3x3.20 GHz Cortex-A715 & 4x2.20 GHz Cortex-A510);Mediatek Dimensity 8300 Ultra (4 nm);Mali G615-MC6;Android 14, upgradable to Android 15, HyperOS 2;N/A;HDR;"32 MP, f/2.0, 25mm (wide), 1/3.44"", 0.64µm";4K@30fps, 1080p@30/60fps, HDR10+;24-bit/192kHz Hi-Res & Hi-Res Wireless audio;No;Yes, with stereo speakers
37;Xiaomi;Xiaomi Redmi Note 13 Pro;https://www.gsmarena.com/xiaomi_redmi_note_13_pro-12581.php;N/A;N/A;67W wired, PD3.0, 50% in 17 min, 100% in 44 min;Li-Po 5100 mAh;IP54 dust protected and water resistant (water splashes);Glass front (Gorilla Glass Victus), plastic frame, glass back;161.2 x 74.2 x 8 mm (6.35 x 2.92 x 0.31 in);Nano-SIM + eSIMNano-SIM + Nano-SIM;187 g (6.60 oz);5.2, A2DP, LE;Yes;Yes (market/region dependent);GPS, GLONASS, BDS (B1I+B1c), GALILEO, QZSS;Unspecified;USB Type-C 2.0, OTG;Wi-Fi 802.11 a/b/g/n/ac, dual-band;N/A;Corning Gorilla Glass Victus;1220 x 2712 pixels, 20:9 ratio (~446 ppi density);6.67 inches, 107.4 cm2 (~89.8% screen-to-body ratio);AMOLED, 68B colors, 120Hz, 1920Hz PWM, Dolby Vision, 500 nits (typ), 1200 nits (HBM), 1800 nits (peak);N/A;N/A;N/A;N/A;Virtual proximity sensing;Fingerprint (under display, optical), accelerometer, gyro, compass;2023, September 21;Available. Released 2023, September 21;N/A;Dual-LED dual-tone flash, HDR, panorama;N/A;N/A;"200 MP, f/1.7, 23mm (wide), 1/1.4"", 0.56µm, multi-directional PDAF, OIS
8 MP, f/2.2, 118˚ (ultrawide), 1/4.0"", 1.12µm
2 MP, f/2.4, (macro)";4K@30fps, 1080p@30/60/120fps, gyro-EIS;UFS 2.2;No;128GB 8GB RAM, 256GB 8GB RAM, 256GB 12GB RAM, 512GB 12GB RAM, 512GB 16GB RAM;Midnight Black, Aurora Purple (Coral Purple), Ocean Teal, Arctic White, Olive Green, Scarlet Red;2312DRA50C, 2312CRAD3C, 2312DRA50G, 2312DRA50I;$ 181.00 / € 200.90 / £ 200.00;1.09 W/kg (head)     1.03 W/kg (body);1.00 W/kg (head)     1.00 W/kg (body);1, 3, 5, 8, 28, 38, 41, 77, 78 SA/NSA - China;GSM 850 / 900 / 1800 / 1900;HSDPA 800 / 850 / 900 / 1700(AWS) / 1900 / 2100 - International;1, 2, 3, 4, 5, 7, 8, 12, 13, 17, 18, 19, 20, 26, 28, 32, 38, 40, 41, 66 - International;1, 3, 5, 7, 8, 20, 28, 38, 40, 41, 66, 77, 78 SA/NSA - International;HSPA, LTE (CA), 5G;GSM / CDMA / HSPA / CDMA2000 / LTE / 5G;N/A;Active use score 10:16h;N/A;Photo / Video;1331 nits max brightness (measured);-26.0 LUFS (Very good);"AnTuTu: 523746 (v9), 581979 (v10)
GeekBench: 2695 (v5), 2751 (v6)";Octa-core (4x2.40 GHz Cortex-A78 & 4x1.95 GHz Cortex-A55);Qualcomm SM7435-AB Snapdragon 7s Gen 2 (4 nm);Adreno 710;Android 13, up to 3 major Android upgrades, HyperOS;N/A;HDR, panorama;"16 MP, f/2.4, (wide), 1/3.06"", 1.0µm";1080p@30/60fps;24-bit/192kHz Hi-Res & Hi-Res wireless audio;Yes;Yes, with stereo speakers
38;Xiaomi;Xiaomi 14;https://www.gsmarena.com/xiaomi_14-12626.php;N/A;N/A;"90W wired, PD3.0, QC4, 100% in 31 min
50W wireless, 100% in 46 min
10W reverse wireless";Li-Po 4610 mAh;IP68 dust tight and water resistant (immersible up to 1.5m for 30 min);Glass front (Gorilla Glass Victus), glass back or silicone polymer back, aluminum frame;152.8 x 71.5 x 8.2 mm or 8.3 mm;Nano-SIM + eSIMNano-SIM + Nano-SIM;188 g or 193 g (6.63 oz);5.4, A2DP, LE, aptX HD, aptX Adaptive, LHDC;Yes;Yes;GPS (L1+L5), GLONASS (G1), BDS (B1I+B1c+B2a), GALILEO (E1+E5a), QZSS (L1+L5), NavIC (L5);No;USB Type-C 3.2, OTG;Wi-Fi 802.11 a/b/g/n/ac/6e/7, dual-band, Wi-Fi Direct;N/A;Corning Gorilla Glass Victus;1200 x 2670 pixels, 20:9 ratio (~460 ppi density);6.36 inches, 97.6 cm2 (~89.3% screen-to-body ratio);LTPO OLED, 68B colors, 120Hz, Dolby Vision, HDR10+, 1000 nits (typ), 3000 nits (peak);N/A;N/A;N/A;N/A;N/A;Fingerprint (under display, optical), accelerometer, proximity, gyro, compass, barometer;2023, October 26;Available. Released 2023, November 01;N/A;Laser AF, color spectrum sensor, Leica lens, Dual-LED dual-tone flash, HDR, panorama;N/A;N/A;"50 MP, f/1.6, 23mm (wide), 1/1.31"", 1.2µm, dual pixel PDAF, OIS
50 MP, f/2.0, 75mm (telephoto), PDAF (10cm - ∞), OIS, 3.2x optical zoom
50 MP, f/2.2, 14mm, 115˚ (ultrawide)";8K@24fps (HDR), 4K@24/30/60fps (HDR10+, 10-bit Dolby Vision HDR, 10-bit LOG), 1080p@30/60/120/240/960fps, 720p@1920fps, gyro-EIS;UFS 4.0;No;256GB 8GB RAM, 256GB 12GB RAM, 512GB 12GB RAM, 512GB 16GB RAM, 1TB 16GB RAM;Black, White, Jade Green, Pink;23127PN0CC, 23127PN0CG;$ 779.99 / € 434.99 / £ 848.99;N/A;1.00 W/kg (head)     0.99 W/kg (body);1, 3, 5, 8, 28, 38, 40, 41, 48, 66, 77, 78 SA/NSA - China;GSM 850 / 900 / 1800 / 1900;HSDPA 800 / 850 / 900 / 1700(AWS) / 1900 / 2100;1, 2, 3, 4, 5, 7, 8, 12, 13, 17, 18, 19, 20, 25, 26, 28, 32, 38, 39, 40, 41, 42, 48, 66 - International;1, 2, 3, 5, 7, 8, 20, 25, 28, 38, 40, 41, 48, 66, 75, 77, 78 SA/NSA - International;HSPA, LTE, 5G;GSM / CDMA / HSPA / CDMA2000 / LTE / 5G;N/A;Active use score 13:56h;N/A;N/A;1175 nits max brightness (measured);-25.3 LUFS (Very good);"AnTuTu: 2003429 (v10)
GeekBench: 6810 (v6)
3DMark: 4567 (Wild Life Extreme)";Octa-core (1x3.3 GHz Cortex-X4 & 3x3.2 GHz Cortex-A720 & 2x3.0 GHz Cortex-A720 & 2x2.3 GHz Cortex-A520);Qualcomm SM8650-AB Snapdragon 8 Gen 3 (4 nm);Adreno 750;Android 14, upgradable to Android 15, up to 4 major Android upgrades, HyperOS 1.1;N/A;HDR, panorama;32 MP, f/2.0, 22mm (wide), 0.7µm;4K@30/60fps, 1080p@30/60fps, gyro-EIS;"24-bit/192kHz Hi-Res & Hi-Res wireless audio
Snapdragon Sound";No;Yes, with stereo speakers
39;Xiaomi;Xiaomi 15 Pro;https://www.gsmarena.com/xiaomi_15_pro-13473.php;N/A;N/A;"90W wired, PD3.0, QC3+
50W wireless
10W reverse wireless";Si/C Li-Ion 6100 mAh;IP68 dust tight and water resistant (immersible up to 1.5m for 30 min);N/A;161.3 x 75.3 x 8.4 mm or 8.7 mm;Nano-SIM + Nano-SIM;213 g or 219 g (7.51 oz);5.4, A2DP, LE, aptX HD, aptX Adaptive, LHDC 5;Yes;Yes;GPS (L1+L5), GLONASS (G1), BDS (B1I+B1c+B2a), GALILEO (E1+E5a), QZSS (L1+L5);No;USB Type-C 3.2 Gen2, Display Port, OTG;Wi-Fi 802.11 a/b/g/n/ac/6e/7, dual-band or tri-band, Wi-Fi Direct;N/A;Shatterproof glass (2024 gen);1440 x 3200 pixels, 20:9 ratio (~522 ppi density);6.73 inches, 108.9 cm2 (~89.7% screen-to-body ratio);LTPO AMOLED, 68B colors, 120Hz, 1920Hz PWM, Dolby Vision, HDR10+, 3200 nits (peak);N/A;N/A;N/A;N/A;Two-way satellite communication;Fingerprint (under display, ultrasonic), accelerometer, proximity, gyro, compass, barometer;2024, October 29;Available. Released 2024, October 29;N/A;Laser AF, color spectrum sensor, Leica lens, Dual-LED dual-tone flash, HDR, panorama;N/A;N/A;"50 MP, f/1.4, 23mm (wide), 1/1.31"", 1.2µm, dual pixel PDAF, OIS
50 MP, f/2.5, 120mm (periscope telephoto), PDAF (30cm - ∞), OIS, 5x optical zoom
50 MP, f/2.2, 14mm, 115˚ (ultrawide), AF";8K@24/30fps (HDR), 4K@24/30/60fps (HDR10+, 10-bit Dolby Vision HDR, 10-bit LOG), 1080p@30/60/120/240/960fps, 720p@1920fps, gyro-EIS;UFS 4.0;No;256GB 12GB RAM, 512GB 16GB RAM, 1TB 16GB RAM;Black, White, Silver, Green;24101PNB7C, 2410DPN6CC;About 690 EUR;N/A;N/A;N/A;GSM 850 / 900 / 1800 / 1900;HSDPA 800 / 850 / 900 / 1700(AWS) / 1900 / 2100;1, 2, 3, 4, 5, 7, 8, 12, 17, 18, 19, 20, 26, 28, 34, 38, 39, 40, 41, 42, 48, 66  - China;1, 2, 3, 5, 7, 8, 12, 20, 26, 28, 38, 40, 41, 48, 66, 77, 78, 79, 80, 81, 83, 84, 89 SA/NSA - China;HSPA, LTE, 5G;GSM / HSPA / LTE / 5G;N/A;N/A;N/A;N/A;N/A;N/A;N/A;Octa-core (2x4.32 GHz Oryon V2 Phoenix L + 6x3.53 GHz Oryon V2 Phoenix M);Qualcomm SM8750-AB Snapdragon 8 Elite (3 nm);Adreno 830;Android 15, HyperOS 2;N/A;HDR, panorama;32 MP, f/2.0, 22mm (wide), 0.7µm;4K@30/60fps, 1080p@30/60fps, gyro-EIS;"24-bit/192kHz Hi-Res & Hi-Res wireless audio
Snapdragon Sound";No;Yes, with stereo speakers
40;Xiaomi;Xiaomi Redmi Note 14 Pro 4G;https://www.gsmarena.com/xiaomi_redmi_note_14_pro_4g_(global)-13614.php;N/A;N/A;45W wired;5500 mAh;IP64 dust tight and water resistant (water splashes);Glass front (Gorilla Glass Victus 2), plastic back, aluminum frame;162.2 x 74.9 x 8.2 mm (6.39 x 2.95 x 0.32 in);Nano-SIM + Nano-SIM;180 g (6.35 oz);5.3, A2DP, LE;Yes;Yes (market/region dependent);GPS, GALILEO, GLONASS, QZSS, BDS;FM radio;USB Type-C 2.0, OTG;Wi-Fi 802.11 a/b/g/n/ac, dual-band;N/A;Corning Gorilla Glass Victus 2, Mohs level 5;1080 x 2400 pixels, 20:9 ratio (~395 ppi density);6.67 inches, 107.4 cm2 (~88.4% screen-to-body ratio);AMOLED, 1B colors, 120Hz, 1920Hz PWM, 1200 nits (HBM), 1800 nits (peak);52:56h endurance, 1000 cycles;Class B;Class B (180 falls);Class C;N/A;Fingerprint (under display, optical), accelerometer, proximity, gyro, compass;2025, January 10;Available. Released 2025, January 16;N/A;LED flash, HDR, panorama;N/A;N/A;"200 MP, f/1.7, 23mm (wide), 1/1.4"", 0.56µm, multi-directional PDAF, OIS
8 MP, f/2.2, 15mm, 120˚ (ultrawide), 1/4.4"", 1.0µm
2 MP, f/2.4, (macro)";1080p@30/60fps, gyro-EIS;UFS 2.2;microSDXC (uses shared SIM slot);128GB 8GB RAM, 256GB 8GB RAM, 256GB 12GB RAM, 512GB 12GB RAM;Midnight Black, Aurora Purple, Ocean Blue;24116RACCG;$ 257.50 / € 185.00 / £ 199.00;N/A;0.80 W/kg (head)     0.98 W/kg (body);N/A;GSM 850 / 900 / 1800 / 1900;HSDPA 850 / 900 / 1700(AWS) / 1900 / 2100;1, 2, 3, 4, 5, 7, 8, 12, 13, 17, 20, 26, 28, 38, 40, 41, 66;N/A;HSPA, LTE;GSM / HSPA / LTE;N/A;Active use score 12:07h;N/A;N/A;1500 nits max brightness (measured);-27.5 LUFS (Good);"AnTuTu: 423868 (v10)
GeekBench: 1999 (v6)
3DMark: 347 (Wild Life Extreme)";Octa-core (2x2.2 GHz Cortex-A76 & 6x2.0 GHz Cortex-A55);Mediatek Helio G100 Ultra (6 nm);Mali-G57 MC2;Android 14, HyperOS;N/A;N/A;32 MP, f/2.2, (wide);1080p@30fps;N/A;Yes;Yes, with stereo speakers (with Dolby Atmos)
42;Xiaomi;Xiaomi Redmi Note 8 Pro;https://www.gsmarena.com/xiaomi_redmi_note_8_pro-9812.php;N/A;N/A;18W wired;Li-Po 4500 mAh, non-removable;N/A;Glass front (Gorilla Glass 5), glass back (Gorilla Glass 5), plastic frame;161.4 x 76.4 x 8.8 mm (6.35 x 3.01 x 0.35 in);Nano-SIM + Nano-SIM;200 g (7.05 oz);5.0, A2DP, LE;Yes;Yes;GPS, GLONASS, GALILEO, BDS;FM radio, recording;USB Type-C 2.0;Wi-Fi 802.11 a/b/g/n/ac, dual-band, Wi-Fi Direct;N/A;Corning Gorilla Glass 5;1080 x 2340 pixels, 19.5:9 ratio (~395 ppi density);6.53 inches, 104.7 cm2 (~84.9% screen-to-body ratio);IPS LCD, HDR, 500 nits (typ);N/A;N/A;N/A;N/A;N/A;Fingerprint (rear-mounted), accelerometer, gyro, proximity, compass;2019, August 29. Released 2019, September 24;Discontinued;N/A;LED flash, HDR, panorama;"64 MP, f/1.9, 26mm (wide), 1/1.72"", 0.8µm, PDAF
8 MP, f/2.2, 13mm (ultrawide), 1/4.0"", 1.12µm
2 MP, f/2.4, (macro)
2 MP, f/2.4, (depth)";N/A;N/A;4K@30fps, 1080p@30/60/120fps, 720p@960fps, gyro-EIS;UFS 2.1;microSDXC (uses shared SIM slot);64GB 4GB RAM, 64GB 6GB RAM, 128GB 4GB RAM, 128GB 6GB RAM, 128GB 8GB RAM, 256GB 8GB RAM;Black, Red, Blue, White, Deep Sea Blue, Midnight Blue, Electric Blue, Twilight Orange;2015105, M1906G7I, M1906G7G;About 220 EUR;1.15 W/kg (head)     1.18 W/kg (body);1.00 W/kg (head)     1.47 W/kg (body);N/A;GSM 850 / 900 / 1800 / 1900;HSDPA 850 / 900 / 1900 / 2100;1, 3, 5, 7, 8, 40, 41;N/A;HSPA, LTE;GSM / HSPA / LTE;Noise -93.6dB / Crosstalk -91.9dB;N/A;Endurance rating 114h;Photo / Video;1326:1 contrast ratio, 640 nits max brightness (measured);Voice 64dB / Noise 71dB / Ring 82dB;"AnTuTu: 224759 (v7), 279355 (v8)
GeekBench: 6999 (v4.4), 1622 (v5.1)
GFXBench: 14fps (ES 3.1 onscreen)";Octa-core (2x2.05 GHz Cortex-A76 & 6x2.0 GHz Cortex-A55);Mediatek MT6785V/CC Helio G90T (12 nm);Mali-G76 MC4;Android 9.0 (Pie), upgradable to Android 11, MIUI 12.5;N/A;HDR, panorama;"20 MP, f/2.0, (wide), 1/3"", 0.9µm";1080p@30fps;N/A;Yes;Yes
44;Xiaomi;Xiaomi Redmi 15;https://www.gsmarena.com/xiaomi_redmi_15_5g-14036.php;N/A;N/A;"33W wired, PD 2.0, PPS, QC3
18W reverse wired";7000 mAh;IP64 dust tight and water resistant (water splashes);N/A;169.5 x 80.5 x 8.4 mm (6.67 x 3.17 x 0.33 in);Nano-SIM + Nano-SIM;217 g (7.65 oz);5.1, A2DP, LE, aptX;Yes;Yes (market/region dependent);GPS, GLONASS, GALILEO, BDS;No;USB Type-C 2.0, OTG;Wi-Fi 802.11 a/b/g/n/ac, dual-band, Wi-Fi Direct;N/A;Corning Gorilla Glass 3, Mohs level 6;1080 x 2340 pixels, 19.5:9 ratio (~374 ppi density);6.9 inches, 116.9 cm2 (~85.7% screen-to-body ratio);IPS LCD, 144Hz, 600 nits (typ), 700 nits (HBM), 850 nits (peak);67:03h endurance, 1000 cycles;Class B;Class D (45 falls);Class C;"Virtual proximity sensing
Circle to Search";Fingerprint (side-mounted), accelerometer, compass;2025, August 01;Available. Released 2025, August 01;"50 MP, f/1.8, (wide), 1/2.88"" 0.61μm, PDAF
Auxiliary lens";LED flash, HDR;N/A;N/A;N/A;1080p@30fps;UFS 2.2;microSDXC (uses shared SIM slot);128GB 4GB RAM, 128GB 6GB RAM, 256GB 8GB RAM;Midnight Black, Titan Gray, Ripple Green;25057RN09E;£ 190.00 / ₹ 14,998;N/A;1.00 W/kg (head)     1.00 W/kg (body);N/A;GSM 850 / 900 / 1800 / 1900;HSDPA 800 / 850 / 900 / 1700(AWS) / 1900 / 2100;1, 2, 3, 4, 5, 7, 8, 12, 13, 17, 18, 19, 20, 26, 28, 32, 38, 40, 41, 42, 48, 66, 71;1, 2, 3, 5, 7, 8, 12, 20, 26, 28, 38, 40, 41, 48, 66, 77, 78, 71 SA/NSA;HSPA, LTE, 5G;GSM / HSPA / LTE / 5G;N/A;N/A;N/A;N/A;N/A;N/A;"AnTuTu: 459712 (v10)
GeekBench: 2179 (v6)
3DMark: 421 (Wild Life Extreme)";Octa-core (2x2.3 GHz Cortex-A78 & 6x2.0 GHz Cortex-A55);Qualcomm SM6375 Snapdragon 6s Gen 3 (6 nm);Adreno 619;Android 15, HyperOS 2.2;N/A;HDR;8 MP, f/2.0, (wide);1080p@30fps;24-bit/192kHz Hi-Res audio;No;Yes
45;Xiaomi;Xiaomi Redmi Note 14 Pro 5G;https://www.gsmarena.com/xiaomi_redmi_note_14_pro_5g_(global)-13613.php;N/A;N/A;45W wired, PD;5110 mAh;IP68 dust tight and water resistant (immersible up to 1.5m for 30 min);Glass front (Gorilla Glass Victus 2), plastic back or silicone polymer back (eco leather);162.3 x 74.4 x 8.4 mm (6.39 x 2.93 x 0.33 in);Nano-SIM + eSIMNano-SIM + Nano-SIM;190 g (6.70 oz);5.4, A2DP, LE;Yes;Yes (market/region dependent);GPS, GALILEO, GLONASS, QZSS, BDS;Unspecified;USB Type-C 2.0, OTG;Wi-Fi 802.11 a/b/g/n/ac/6, dual-band, Wi-Fi Direct;N/A;Corning Gorilla Glass Victus 2, Mohs level 5;1220 x 2712 pixels, 20:9 ratio (~446 ppi density);6.67 inches, 107.4 cm2 (~88.9% screen-to-body ratio);AMOLED, 68B colors, 120Hz, 1920Hz PWM, HDR10+, Dolby Vision, 3000 nits (peak);40:51h endurance, 1000 cycles;Class C;Class B (180 falls);Class C;Circle to Search;Fingerprint (under display, optical), accelerometer, gyro, compass, proximity;2025, January 10;Available. Released 2025, January 15;N/A;LED flash, HDR, panorama;N/A;N/A;"200 MP, f/1.7, 23mm (wide), 1/1.4"", 0.56µm, multi-directional PDAF, OIS
8 MP, f/2.2, 15mm, 120˚ (ultrawide), 1/4.0"", 1.12µm
2 MP, f/2.4, (macro)";4K@24/30fps, 1080p@30/60/120fps, gyro-EIS, OIS;UFS 2.2;No;256GB 8GB RAM, 256GB 12GB RAM, 512GB 12GB RAM;Lavender Purple, Coral Green, Midnight Black;24090RA29G;$ 307.00 / € 237.00 / £ 203.00;1.09 W/kg (head)     1.06 W/kg (body);0.99 W/kg (head)     0.99 W/kg (body);N/A;GSM 850 / 900 / 1800 / 1900;HSDPA 800 / 850 / 900 / 1700(AWS) / 1900 / 2100;1, 2, 3, 4, 5, 7, 8, 12, 13, 17, 18, 19, 20, 26, 28, 32, 38, 40, 41, 42, 48, 66;1, 2, 3, 5, 7, 8, 20, 28, 38, 40, 41, 48, 66, 77, 78 SA/NSA;HSPA, LTE, 5G;GSM / HSPA / LTE / 5G;N/A;Active use score 11:39h;N/A;N/A;1138 nits max brightness (measured);-26.7 LUFS (Good);"AnTuTu: 684320 (v10)
GeekBench: 2913 (v6)
3DMark: 849 (Wild Life Extreme)";Octa-core (4x2.5 GHz Cortex-A78 & 4x2.0 GHz Cortex-A55);Mediatek Dimensity 7300 Ultra (4 nm);Mali-G615 MC2;Android 14, up to 3 major Android upgrades, HyperOS;N/A;HDR, panorama;"20 MP, f/2.2, 25mm (wide), 1/4.0"", 0.7µm";1080p@30/60fps;24-bit/192kHz Hi-Res & Hi-Res wireless audio;No;Yes, with stereo speakers (with Dolby Atmos)
50;Xiaomi;Xiaomi Redmi Note 13;https://www.gsmarena.com/xiaomi_redmi_note_13-12776.php;N/A;N/A;33W wired;Li-Po 5000 mAh;IP54 dust protected and water resistant (water splashes);Glass front (Gorilla Glass 5), plastic frame, plastic back;161.1 x 75 x 7.6 mm (6.34 x 2.95 x 0.30 in);Nano-SIM + Nano-SIM;174.5 g (6.14 oz);5.3, A2DP, LE;Yes;Yes (market/region dependent);GPS, GLONASS;No;USB Type-C 2.0, OTG;Wi-Fi 802.11 a/b/g/n/ac, dual-band;*1B colors (market/region dependent);Corning Gorilla Glass 5;1080 x 2400 pixels, 20:9 ratio (~395 ppi density);6.67 inches, 107.4 cm2 (~88.9% screen-to-body ratio);AMOLED, 1B colors*, 120Hz, 1920Hz PWM, 1000 nits (peak);N/A;N/A;N/A;N/A;N/A;Fingerprint (side-mounted), accelerometer, gyro, proximity, compass;2024, January 04;Available. Released 2024, January 10;N/A;LED flash, HDR, panorama;N/A;N/A;"108 MP, f/1.7, (wide), 1/1.67"", 0.64µm, PDAF
8 MP, f/2.2, (ultrawide)
2 MP, f/2.4, (depth)";1080p@30fps;UFS 2.2;microSDXC (uses shared SIM slot);128GB 6GB RAM, 128GB 8GB RAM, 256GB 8GB RAM, 256GB 12GB RAM, 512GB 12GB RAM;Graphite black (Stealth Black), Arctic White, Ocean Teal, Prism Gold;2312DRAABG, 2312DRAABI;$ 199.99 / € 119.90 / ₹ 16,999;1.07 W/kg (head)     0.99 W/kg (body);0.94 W/kg (head)     1.00 W/kg (body);1, 3, 5, 8, 28, 40, 78 SA/NSA - India;GSM 850 / 900 / 1800 / 1900;HSDPA 800 / 850 / 900 / 1700(AWS) / 1900 / 2100 - International;1, 2, 3, 4, 5, 7, 8, 12, 13, 17, 18, 19, 20, 26, 28, 32, 38, 40, 41, 66 - International;1, 3, 5, 7, 8, 20, 28, 38, 40, 41, 66, 77, 78 SA/NSA - International;HSPA, LTE, 5G;GSM / HSPA / LTE / 5G;N/A;Active use score 9:49h;N/A;N/A;991 nits max brightness (measured);-24.0 LUFS (Very good);"AnTuTu: 405118 (v9), 455421 (v10)

GeekBench: 1968 (v5), 1978 (v6)
3DMark: 371 (Wild Life Extreme)";Octa-core (2x2.4 GHz Cortex-A76 & 6x2.0 GHz Cortex-A55);Mediatek Dimensity 6080 (6 nm);Mali-G57 MC2;Android 13, upgradable to Android 14, up to 2 major Android upgrades, HyperOS;N/A;HDR, panorama;16 MP, f/2.4, (wide);1080p@30fps;24-bit/192kHz Hi-Res & Hi-Res wireless audio;Yes;Yes
51;Xiaomi;Xiaomi Redmi 15C;https://www.gsmarena.com/xiaomi_redmi_15c_5g-14039.php;N/A;N/A;"33W wired, PD,  50% in 28 min
10W reverse wired";6000 mAh;IP64 dust tight and water resistant (water splashes);N/A;173.2 x 81.1 x 8.2 mm (6.82 x 3.19 x 0.32 in);Nano-SIM + Nano-SIM;211 g (7.44 oz);5.4, A2DP, LE;N/A;Yes (market/region dependent);GPS, GLONASS, GALILEO, BDS;FM radio;USB Type-C 2.0, OTG;Wi-Fi 802.11 a/b/g/n/ac, dual-band;N/A;Mohs level 6;720 x 1600 pixels, 20:9 ratio (~254 ppi density);6.9 inches, 114.9 cm2 (~81.8% screen-to-body ratio);IPS LCD, 120Hz, 810 nits (HBM);62:06h endurance, 1000 cycles;Class B;Class A (270 falls);Class C;Virtual proximity sensing;Fingerprint (side-mounted), accelerometer, compass;2025, September 18;Available. Released 2025, September 18;"50 MP, f/1.8, 28mm (wide), 1/2.76"", 0.64µm, PDAF
Auxiliary lens";LED flash, HDR;N/A;N/A;N/A;1080p@30fps;eMMC 5.1;microSDXC (dedicated slot);128GB 4GB RAM, 256GB 4GB RAM;Midnight Black, Mint Green, Dusk Purple;2508CRN2BC, 2508CRN2BG, 25062RN2DE;€ 165.21 / £ 165.68;N/A;N/A;N/A;GSM 850 / 900 / 1800 / 1900;HSDPA 800 / 850 / 900 / 1700(AWS) / 1900 / 2100;1, 2, 3, 4, 5, 7, 8, 12, 13, 17, 18, 19, 20, 26, 28, 32, 38, 40, 41, 42, 48, 66, 71;1, 2, 3, 5, 7, 8, 12, 20, 26, 28, 38, 40, 41, 48, 66, 71, 77, 78 SA/NSA;HSPA, LTE, 5G;GSM / HSPA / LTE / 5G;N/A;N/A;N/A;N/A;N/A;N/A;N/A;Octa-core (2x2.4 GHz Cortex-A76 & 6x2.0 GHz Cortex-A55);Mediatek Dimensity 6300 (6 nm);Mali-G57 MC2;Android 15, HyperOS 2;N/A;HDR;"8 MP, f/2.0, (wide), 1/4.0"", 1.12µm";1080p@30fps;24-bit/192kHz Hi-Res audio;Yes;Yes
52;Xiaomi;Xiaomi Redmi Note 10 Pro;https://www.gsmarena.com/xiaomi_redmi_note_10_pro-10662.php;N/A;N/A;33W wired, 59% in 30 min;Li-Po 5020 mAh;"IP53 dust protected and water resistant
(vertical water sprays)";Glass front (Gorilla Glass 5), glass back (Gorilla Glass 5), plastic frame;164 x 76.5 x 8.1 mm (6.46 x 3.01 x 0.32 in);Nano-SIM + Nano-SIM;193 g (6.81 oz);5.1, A2DP, LE;Yes;Yes (market/region dependent);GPS, GLONASS, GALILEO, BDS;FM radio;USB Type-C 2.0, OTG;Wi-Fi 802.11 a/b/g/n/ac, dual-band, Wi-Fi Direct;N/A;Corning Gorilla Glass 5;1080 x 2400 pixels, 20:9 ratio (~395 ppi density);6.67 inches, 107.4 cm2 (~85.6% screen-to-body ratio);AMOLED, 120Hz, HDR10, 450 nits (typ), 1200 nits (peak);N/A;N/A;N/A;N/A;Virtual proximity sensing;Fingerprint (side-mounted), accelerometer, gyro, compass;2021, March 04;Available. Released 2021, March 24;N/A;LED flash, HDR, panorama;"108 MP, f/1.9, 26mm (wide), 1/1.52"", 0.7µm, PDAF
8 MP, f/2.2, 118˚ (ultrawide), 1/4.0"", 1.12µm
5 MP, f/2.4, (macro), AF
2 MP, f/2.4, (depth)";N/A;N/A;4K@30fps, 1080p@30/60fps;UFS 2.2;microSDXC (dedicated slot);64GB 6GB RAM, 128GB 6GB RAM, 128GB 8GB RAM, 256GB 8GB RAM;Onyx Gray, Glacier Blue, Gradient Bronze;M2101K6G, M2101K6R;$ 107.35 / € 91.99 / £ 114.66;1.09 W/kg (head)     1.06 W/kg (body);0.60 W/kg (head)     0.99 W/kg (body);N/A;GSM 850 / 900 / 1800 / 1900;HSDPA 850 / 900 / 1700(AWS) / 1900 / 2100;1, 2, 3, 4, 5, 7, 8, 20, 28, 32, 38, 40, 41;N/A;HSPA, LTE (CA);GSM / HSPA / LTE;N/A;N/A;Endurance rating 118h;Photo / Video;725 nits max brightness (measured);-25.7 LUFS (Very good);"AnTuTu: 295442 (v8)
GeekBench: 1780 (v5.1)
GFXBench: 16fps (ES 3.1 onscreen)";Octa-core (2x2.3 GHz Kryo 470 Gold & 6x1.8 GHz Kryo 470 Silver);Qualcomm SM7150 Snapdragon 732G (8 nm);Adreno 618;Android 11, upgradable to Android 13, MIUI 14;N/A;Panorama;"16 MP, f/2.5, (wide), 1/3.06"", 1.0µm";1080p@30fps, 720p@120fps;24-bit/192kHz Hi-Res audio;Yes;Yes, with stereo speakers
54;Xiaomi;Xiaomi Redmi A3;https://www.gsmarena.com/xiaomi_redmi_a3-12822.php;N/A;N/A;10W wired;5000 mAh;N/A;Glass front (Gorilla Glass 3), glass back or silicone polymer back (eco leather), plastic frame;168.3 x 76.3 x 8.3 mm (6.63 x 3.00 x 0.33 in);Nano-SIM + Nano-SIM;193 g or 199 g (6.81 oz);5.4, A2DP, LE;N/A;Yes (market/region dependent);GPS, GLONASS, GALILEO, BDS;FM radio;USB Type-C 2.0;Wi-Fi 802.11 a/b/g/n/ac, dual-band;N/A;Corning Gorilla Glass 3;720 x 1650 pixels (~268 ppi density);6.71 inches, 106.5 cm2 (~82.9% screen-to-body ratio);IPS LCD, 90Hz, 500 nits (HBM);N/A;N/A;N/A;N/A;Virtual proximity sensing;Fingerprint (side-mounted), accelerometer, compass;2024, February 14;Available. Released 2024, February 23;N/A;LED flash, HDR;N/A;"8 MP, f/2.0, (wide)
0.08 MP (auxiliary lens)";N/A;1080p@30fps;eMMC 5.1;microSDXC (dedicated slot);64GB 2GB RAM, 64GB 3GB RAM, 64GB 4GB RAM, 128GB 3GB RAM, 128GB 4GB RAM, 128GB 6GB RAM;Midnight Black, Forest Green (Olive Green), Star Blue (Lake Blue);23129RN51X, 23129RN51H;$ 76.00 / € 69.98 / £ 49.99;N/A;0.92 W/kg (head)     0.99 W/kg (body);N/A;GSM 850 / 900 / 1800 / 1900;HSDPA 850 / 900 / 2100;1, 3, 5, 7, 8, 20, 28, 38, 40, 41;N/A;HSPA, LTE;GSM / HSPA / LTE;N/A;N/A;N/A;N/A;N/A;N/A;N/A;Octa-core (4x2.2 GHz Cortex-A53 & 4x1.6 GHz Cortex-A53);Mediatek Helio G36 (12 nm);PowerVR GE8320;Android 14 or Android 14 (Go edition) - market/region dependent;N/A;N/A;5 MP, f/2.2, (wide);1080p@30fps;N/A;Yes;Yes
56;Xiaomi;Xiaomi Redmi Note 12 Pro;https://www.gsmarena.com/xiaomi_redmi_note_12_pro-11955.php;N/A;N/A;67W wired, PD3.0, 50% in 15 min, 100% in 46 min;Li-Po 5000 mAh;"IP53 dust protected and water resistant
(vertical water sprays)";Glass front (Gorilla Glass 5), glass back, plastic frame;163 x 76 x 8 mm (6.42 x 2.99 x 0.31 in);Nano-SIM + Nano-SIM;187 g (6.60 oz);5.2, A2DP, LE;Yes;Yes (market/region dependent);GPS (L1), GLONASS (G1), BDS (B1I+B1c), GALILEO (E1), QZSS (L1);No;USB Type-C 2.0, OTG;Wi-Fi 802.11 a/b/g/n/ac/6, dual-band, Wi-Fi Direct;N/A;Corning Gorilla Glass 5;1080 x 2400 pixels, 20:9 ratio (~395 ppi density);6.67 inches, 107.4 cm2 (~86.7% screen-to-body ratio);AMOLED, 1B colors, 120Hz, Dolby Vision, HDR10+, 500 nits (typ), 900 nits (HBM);N/A;N/A;N/A;N/A;N/A;Fingerprint (side-mounted), accelerometer, gyro, proximity, compass;2022, October 27;Available. Released 2022, November 01;N/A;Dual-LED dual-tone flash, HDR, panorama;N/A;N/A;"50 MP, f/1.9, 24mm (wide), 1/1.56"", 1.0µm, PDAF, OIS
8 MP, f/2.2, 120˚ (ultrawide), 1/4.0"", 1.12µm
2 MP, f/2.4, (macro)";4K@30fps, 1080p@30/60/120fps, 720p@960fps;UFS 2.2;No;128GB 6GB RAM, 128GB 8GB RAM, 256GB 8GB RAM, 256GB 12GB RAM;Frosted Blue (Sky Blue), Onyx Black (Midnight Black), Polar White, Stardust Purple;22101316C, 22101316I, 23013RK75C, 22101316G;$ 147.14 / € 137.59 / £ 159.99;1.09 W/kg (head)     1.06 W/kg (body);0.99 W/kg (head)     0.99 W/kg (body);1, 3, 5, 8, 28, 38, 41, 77, 78 SA/NSA - China;GSM 850 / 900 / 1800 / 1900;HSDPA 800 / 850 / 900 / 1900 / 2100;1, 2, 3, 4, 5, 7, 8, 12, 13, 17, 18, 19, 20, 26, 28, 32, 38, 40, 41, 66 - International;1, 3, 5, 7, 8, 20, 28, 38, 40, 41, 66, 77, 78 SA/NSA - International;HSPA, LTE (CA), 5G;GSM / CDMA / HSPA / EVDO / LTE / 5G;N/A;Active use score 12:08h;Endurance rating 97h;Photo / Video;890 nits max brightness (measured);-26.6 LUFS (Good);"AnTuTu: 490526 (v9)
GeekBench: 2209 (v5.1), 2372 (v6)
GFXBench: 22fps (ES 3.1 onscreen)";Octa-core (2x2.6 GHz Cortex-A78 & 6x2.0 GHz Cortex-A55);Mediatek Dimensity 1080 (6 nm);Mali-G68 MC4;Android 12, MIUI 13;N/A;HDR;"16 MP, f/2.5, (wide), 1/3.06"", 1.0µm";1080p@30/60fps;24-bit/192kHz Hi-Res audio;Yes;Yes, with stereo speakers
57;Xiaomi;Xiaomi Redmi Note 14 4G;https://www.gsmarena.com/xiaomi_redmi_note_14_4g_(global)-13616.php;N/A;N/A;33W wired, 55% in 44 min;5500 mAh;IP54 dust protected and water resistant (water splashes);Glass front (Gorilla Glass 5), plastic back, aluminum frame;163.3 x 76.6 x 8.2 mm (6.43 x 3.02 x 0.32 in);Nano-SIM + Nano-SIM;196.5 g (6.95 oz);5.3, A2DP, LE;Yes;Yes (market/region dependent);GPS, GLONASS, BDS, GALILEO;Unspecified;USB Type-C 2.0, OTG;Wi-Fi 802.11 a/b/g/n/ac, dual-band, Wi-Fi Direct;N/A;Corning Gorilla Glass 5, Mohs level 5;1080 x 2400 pixels, 20:9 ratio (~395 ppi density);6.67 inches, 107.4 cm2 (~85.9% screen-to-body ratio);AMOLED, 120Hz, 960Hz PWM, 1200 nits (HBM), 1800 nits (peak);48:49h endurance, 1600 cycles;Class B;Class D (45 falls);Class C;N/A;Fingerprint (under display, optical), accelerometer, gyro, compass, proximity;2025, January 10;Available. Released 2025, January 15;N/A;LED flash, HDR, panorama;N/A;N/A;"108 MP, f/1.7, (wide), 1/1.67"", 0.64µm, PDAF
2 MP, f/2.4, (macro)
2 MP, f/2.4, (depth)";1080p@30/60fps;UFS 2.2;microSDXC (uses shared SIM slot);128GB 6GB RAM, 128GB 8GB RAM, 256GB 6GB RAM, 256GB 8GB RAM;Midnight Black, Mist Purple, Ocean Blue, Lime Green;24117RN76G, 24117RN76O, 24117RN76E;$ 173.00 / € 132.98 / £ 127.50;N/A;1.00 W/kg (head)     0.97 W/kg (body);N/A;GSM 850 / 900 / 1800 / 1900;HSDPA 850 / 900 / 2100;1, 3, 5, 7, 8, 20, 28, 38, 40, 41;N/A;HSPA, LTE;GSM / HSPA / LTE;N/A;Active use score 12:47h;N/A;N/A;N/A;-24.8 LUFS (Very good);N/A;Octa-core (2x2.2 GHz Cortex-A76 & 6x2.0 GHz Cortex-A55);Mediatek Helio G99 Ultra (6 nm);Mali-G57 MC2;Android 14, up to 4 major Android upgrades, HyperOS;N/A;N/A;"20 MP, f/2.2, (wide), 1/4.0"", 0.7µm";1080p@30fps;N/A;Yes;Yes, with stereo speakers (with Dolby Atmos)
58;Xiaomi;Xiaomi Redmi Note 13 Pro+;https://www.gsmarena.com/xiaomi_redmi_note_13_pro+-12572.php;N/A;N/A;120W wired, PD3.0, 100% in 19 min;Li-Po 5000 mAh;IP68 dust tight and water resistant (immersible up to 1.5m for 30 min);Glass front (Gorilla Glass Victus), glass back or silicone polymer back (eco leather);161.4 x 74.2 x 8.9 mm (6.35 x 2.92 x 0.35 in);Nano-SIM + eSIMNano-SIM + Nano-SIM;199 g or 204.5 g (7.02 oz);5.3, A2DP, LE;Yes;Yes (market/region dependent);GPS, GLONASS, BDS, GALILEO, QZSS;No;USB Type-C 2.0, OTG;Wi-Fi 802.11 a/b/g/n/ac/6, dual-band, Wi-Fi Direct;N/A;Corning Gorilla Glass Victus;1220 x 2712 pixels, 20:9 ratio (~446 ppi density);6.67 inches, 107.4 cm2 (~89.7% screen-to-body ratio);AMOLED, 68B colors, 120Hz, 1920Hz PWM, Dolby Vision, HDR10+, 1800 nits (peak);N/A;N/A;N/A;N/A;N/A;Fingerprint (under display, optical), accelerometer, gyro, proximity, compass;2023, September 21;Available. Released 2023, September 21;N/A;Dual-LED dual-tone flash, HDR, panorama;N/A;N/A;"200 MP, f/1.7, 23mm (wide), 1/1.4"", 0.56µm, multi-directional PDAF, OIS
8 MP, f/2.2, 16mm, 120˚ (ultrawide), 1/4.0"", 1.12µm
2 MP, f/2.4, (macro)";4K@24/30fps, 1080p@30/60/120fps, gyro-EIS;UFS 3.1;No;256GB 8GB RAM, 256GB 12GB RAM, 512GB 8GB RAM, 512GB 12GB RAM, 512GB 16GB RAM;Midnight Black (Fushion Black), Moonlight White (Fushion White), Aurora Purple, Fushion Purple, Camo Green;23090RA98C, 23090RA98G, 23090RA98I;$ 292.50 / € 232.04 / £ 274.91 / ₹ 30,500;1.09 W/kg (head)     0.85 W/kg (body);0.98 W/kg (head)     1.00 W/kg (body);1, 3, 5, 8, 28, 38, 41, 77, 78 SA/NSA - China;GSM 850 / 900 / 1800 / 1900;HSDPA 800 / 850 / 900 / 1700(AWS) / 1900 / 2100 - International;1, 2, 3, 4, 5, 7, 8, 12, 13, 17, 18, 19, 20, 26, 28, 32, 38, 40, 41, 66 - International;1, 3, 5, 7, 8, 20, 28, 38, 40, 41, 66, 77, 78 SA/NSA- International;HSPA, LTE (CA), 5G;GSM / CDMA / HSPA / EVDO / LTE / 5G;N/A;Active use score 10:38h;N/A;N/A;1283 nits max brightness (measured);-26.3 LUFS (Good);"AnTuTu: 683899 (v9), 779812 (v10)

GeekBench: 2353 (v5), 2597 (v6)
3DMark: 1193 (Wild Life Extreme)";Octa-core (2x2.8 GHz Cortex-A715 & 6x2.0 GHz Cortex-A510);Mediatek Dimensity 7200 Ultra (4 nm);Mali-G610 MC4;Android 13, up to 3 major Android upgrades, HyperOS;N/A;HDR, panorama;16 MP, f/2.4, (wide);1080p@30/60fps;24-bit/192kHz Hi-Res & Hi-Res wireless audio;No;Yes, with stereo speakers
59;Xiaomi;Xiaomi Redmi Note 9;https://www.gsmarena.com/xiaomi_redmi_note_9-10192.php;N/A;N/A;"18W wired
9W reverse wired";Li-Po 5020 mAh;Water-repellent coating;Glass front (Gorilla Glass 5), plastic frame, plastic back;162.3 x 77.2 x 8.9 mm (6.39 x 3.04 x 0.35 in);Nano-SIM + Nano-SIM;199 g (7.02 oz);5.0, A2DP, LE;Yes;"Yes (market/region dependent)M2003J15SG (Yes); M2003J15SS (No)";GPS, GLONASS, GALILEO, BDS;FM radio, built-in antenna;USB Type-C 2.0;Wi-Fi 802.11 a/b/g/n/ac, dual-band, Wi-Fi Direct;N/A;Corning Gorilla Glass 5;1080 x 2340 pixels, 19.5:9 ratio (~395 ppi density);6.53 inches, 104.7 cm2 (~83.5% screen-to-body ratio);IPS LCD, 450 nits (typ);N/A;N/A;N/A;N/A;N/A;Fingerprint (rear-mounted), accelerometer, gyro, proximity, compass;2020, April 30;Available. Released 2020, May 12;N/A;LED flash, HDR, panorama;"48 MP, f/1.8, 26mm (wide), 1/2.0"", 0.8µm, PDAF
8 MP, f/2.2, 118˚ (ultrawide), 1/4.0"", 1.12µm
2 MP, f/2.4, (macro), AF
2 MP, f/2.4, (depth)";N/A;N/A;1080p@30fps;N/A;microSDXC (dedicated slot);64GB 3GB RAM, 64GB 4GB RAM, 128GB 4GB RAM, 128GB 6GB RAM;Forest Green, Midnight Grey, Polar White;M2003J15SC, M2003J15SG, M2003J15SS;$ 91.80 / € 90.52 / £ 139.00;0.84 W/kg (head)     0.90 W/kg (body);0.80 W/kg (head)     1.14 W/kg (body);N/A;GSM 850 / 900 / 1800 / 1900;HSDPA 850 / 900 / 1700(AWS) / 1900 / 2100;1, 2, 3, 4, 5, 7, 8, 20, 28, 38, 40, 41;N/A;HSPA, LTE;GSM / HSPA / LTE;N/A;N/A;Endurance rating 125h;Photo / Video;1242:1 contrast ratio, 370 nits max brightness (measured);-30.1 LUFS (Below average);"AnTuTu: 200414 (v8)
GeekBench: 1292 (v5.1)";Octa-core (2x2.0 GHz Cortex-A75 & 6x1.8 GHz Cortex-A55);Mediatek MT6769Z Helio G85 (12 nm);Mali-G52 MC2;Android 10, upgradable to Android 12, MIUI 13;N/A;HDR, panorama;"13 MP, f/2.3, 29mm (standard), 1/3.1"", 1.12µm";1080p@30fps;N/A;Yes;Yes
60;Xiaomi;Xiaomi Redmi Note 14 5G;https://www.gsmarena.com/xiaomi_redmi_note_14_5g_(global)-13615.php;N/A;N/A;45W wired;5110 mAh;IP64 dust tight and water resistant (water splashes);Glass front (Gorilla Glass 5), plastic back, plastic frame;162.4 x 75.7 x 8 mm (6.39 x 2.98 x 0.31 in);Nano-SIM + Nano-SIM;190 g (6.70 oz);5.3, A2DP, LE;Yes;Yes (market/region dependent);GPS, GLONASS, BDS, GALILEO;FM radio;USB Type-C 2.0, OTG;Wi-Fi 802.11 a/b/g/n/ac, dual-band, Wi-Fi Direct;N/A;Corning Gorilla Glass 5, Mohs level 5;1080 x 2400 pixels, 20:9 ratio (~395 ppi density);6.67 inches, 107.4 cm2 (~87.4% screen-to-body ratio);AMOLED, 120Hz, 960Hz PWM, HDR10+, 1200 nits (HBM), 2100 nits (peak);38:56h endurance, 1000 cycles;Class D;Class D (45 falls);Class C;Virtual proximity sensing;Fingerprint (under display, optical), accelerometer, gyro, compass;2025, January 10;Available. Released 2025, January 16;N/A;LED flash, HDR, panorama;N/A;N/A;"108 MP, f/1.7, 24mm (wide), 1/1.67"", 0.64µm, PDAF, OIS
8 MP, f/2.2, 16mm (ultrawide), 1/4.4"", 1.0µm
2 MP, f/2.4, (macro)";1080p@30fps, gyro-EIS, OIS;UFS 2.2;microSDXC (uses shared SIM slot);128GB 6GB RAM, 256GB 8GB RAM, 256GB 12GB RAM, 512GB 12GB RAM;Midnight Black, Lavender Purple, Coral Green;24094RAD4G;$ 255.00 / € 179.00 / £ 250.82;N/A;0.99 W/kg (head)     1.00 W/kg (body);N/A;GSM 850 / 900 / 1800 / 1900;HSDPA 800 / 850 / 900 / 1700(AWS) / 1900 / 2100;1, 2, 3, 4, 5, 7, 8, 12, 13, 17, 18, 19, 20, 26, 28, 32, 38, 40, 41, 42, 48, 66;1, 2, 3, 5, 7, 8, 12, 20, 26, 28, 38, 40, 41, 48, 66, 77, 78 SA/NSA;HSPA, LTE, 5G;GSM / HSPA / LTE / 5G;N/A;Active use score 11:50h;N/A;N/A;1168 nits max brightness (measured);-22.7 LUFS (Excellent);"AnTuTu: 463129 (v10)
GeekBench: 2258 (v6)";Octa-core (2x2.5 GHz Cortex-A78 & 6x2.0 GHz Cortex-A55);Mediatek Dimensity 7025 Ultra (6 nm);IMG BXM-8-256;Android 14, up to 2 major Android upgrades, HyperOS;N/A;N/A;"20 MP, f/2.2, 21mm (wide), 1/4.0"", 0.7µm";1080p@30fps;24-bit/192kHz Hi-Res audio;Yes;Yes, with stereo speakers (with Dolby Atmos)
61;Xiaomi;Xiaomi Redmi Note 10;https://www.gsmarena.com/xiaomi_redmi_note_10-10247.php;N/A;N/A;33W wired, 50% in 25 min, 100% in 74 min;Li-Po 5000 mAh;"IP53 dust protected and water resistant (vertical water sprays)*
* market/region dependent availability";Glass front (Gorilla Glass 3), plastic back, plastic frame;160.5 x 74.5 x 8.3 mm (6.32 x 2.93 x 0.33 in);Nano-SIM + Nano-SIM;178.8 g (6.31 oz);5.0, A2DP, LE;Yes;No;GPS, GLONASS, BDS, GALILEO;FM radio, recording;USB Type-C 2.0;Wi-Fi 802.11 a/b/g/n/ac, dual-band, Wi-Fi Direct;N/A;Corning Gorilla Glass 3;1080 x 2400 pixels, 20:9 ratio (~409 ppi density);6.43 inches, 99.8 cm2 (~83.5% screen-to-body ratio);Super AMOLED, 450 nits (typ), 1100 nits (peak);N/A;N/A;N/A;N/A;Virtual proximity sensing;Fingerprint (side-mounted), accelerometer, gyro, compass;2021, March 04;Available. Released 2021, March 16;N/A;LED flash, HDR, panorama;"48 MP, f/1.8, 26mm (wide), 1/2.0"", 0.8µm, PDAF
8 MP, f/2.2, 118˚ (ultrawide), 1/4.0"", 1.12µm
2 MP, f/2.4, (macro)
2 MP, f/2.4, (depth)";N/A;N/A;4K@30fps, 1080p@30/60fps;UFS 2.2;microSDXC (dedicated slot);64GB 4GB RAM, 128GB 4GB RAM, 128GB 6GB RAM;Shadow Black (Onyx Gray), Frost White (Pebble White), Aqua Green (Lake Green);M2101K7AI, M2101K7AG;€ 159.99;1.09 W/kg (head)     1.09 W/kg (body);0.59 W/kg (head)     0.97 W/kg (body);1, 3, 5, 8, 40, 41 - India;GSM 850 / 900 / 1800 / 1900;HSDPA 850 / 900 / 1700(AWS) / 1900 / 2100 - International;1, 2, 3, 4, 5, 7, 8, 20, 28, 38, 40, 41 - International;N/A;HSPA, LTE (CA);GSM / HSPA / LTE;N/A;N/A;Endurance rating 110h;Photo / Video;682 nits max brightness (measured);-26.2 LUFS (Good);"AnTuTu: 218788 (v8)
GeekBench: 2860 (v5.1)
GFXBench: 7.9fps (ES 3.1 onscreen)";Octa-core (2x2.2 GHz Kryo 460 Gold & 6x1.7 GHz Kryo 460 Silver);Qualcomm SDM678 Snapdragon 678 (11 nm);Adreno 612;Android 11, upgradable to Android 12, MIUI 14;N/A;HDR;"13 MP, f/2.5, (wide), 1/3.06"", 1.12µm";1080p@30fps;24-bit/192kHz Hi-Res audio;Yes;Yes, with stereo speakers
63;Xiaomi;Xiaomi Redmi Note 15 Pro;https://www.gsmarena.com/xiaomi_redmi_note_15_pro_5g_(china)-14090.php;N/A;N/A;"45W wired
22.5W reverse wired";Li-Ion 7000 mAh;"IP68/IP69K dust tight and water resistant (high pressure water jets; immersible up to 1.5m for 30 min)
Manufacturer-rated water-resistance (up to 2m for 24 hours)";N/A;163.6 x 78.1 x 7.8 mm (6.44 x 3.07 x 0.31 in);Nano-SIM + Nano-SIM;211 g (7.44 oz);5.4, A2DP, LE, LHDC;Yes;Yes;GPS, GALILEO, GLONASS, QZSS, BDS;Unspecified;USB Type-C 2.0, OTG;Wi-Fi 802.11 a/b/g/n/ac/6, dual-band, Wi-Fi Direct;N/A;Xiaomi Dragon Crystal Glass;1220 x 2772 pixels (~443 ppi density);6.83 inches, 111.0 cm2 (~86.8% screen-to-body ratio);AMOLED, 68B colors, 120Hz, 3840Hz PWM, HDR10+, Dolby Vision, 3200 nits (peak);N/A;N/A;N/A;N/A;Circle to Search;Fingerprint (under display, optical), accelerometer, gyro, compass, proximity;2025, August 21;Available. Released 2025, August 21;"50 MP, f/1.5, (wide), 1/1.95"", 1.6µm, multi-directional PDAF, OIS
8 MP, 112˚ (ultrawide)";LED flash, HDR, panorama;N/A;N/A;N/A;4K@24/30fps, 1080p@30/60/120fps, gyro-EIS, OIS;UFS 2.2;No;256GB 8GB RAM, 256GB 12GB RAM, 512GB 12GB RAM;Black, Purple, Blue, White;N/A;N/A;N/A;N/A;N/A;GSM 850 / 900 / 1800 / 1900;HSDPA 800 / 850 / 900 / 1700(AWS) / 1900 / 2100;1, 3, 5, 8, 19, 28, 34, 38, 39, 40, 41, 42, 48;1, 3, 5, 8, 28, 38, 40, 41, 48, 77, 78 SA/NSA;HSPA, LTE, 5G;GSM / HSPA / LTE / 5G;N/A;N/A;N/A;N/A;N/A;N/A;N/A;Octa-core (4x2.6 GHz Cortex-A78 & 4x2.0 GHz Cortex-A55);Mediatek Dimensity 7400 Ultra (4 nm);Mali-G615 MC2;Android 15, HyperOS 2;N/A;HDR, panorama;20 MP, (wide);1080p@30/60fps;24-bit/192kHz Hi-Res & Hi-Res wireless audio;No;Yes, with stereo speakers (with Dolby Atmos)
64;Xiaomi;Xiaomi Redmi Note 9 Pro;https://www.gsmarena.com/xiaomi_redmi_note_9_pro-10217.php;N/A;N/A;30W wired;Li-Po 5020 mAh;N/A;Glass front (Gorilla Glass 5), glass back (Gorilla Glass 5), plastic frame;165.8 x 76.7 x 8.8 mm (6.53 x 3.02 x 0.35 in);Nano-SIM + Nano-SIM;209 g (7.37 oz);5.0, A2DP, LE;Yes;Yes;GPS, GLONASS, GALILEO, BDS;FM radio, recording;USB Type-C 2.0, OTG;Wi-Fi 802.11 a/b/g/n/ac, dual-band, Wi-Fi Direct;N/A;Corning Gorilla Glass 5;1080 x 2400 pixels, 20:9 ratio (~395 ppi density);6.67 inches, 107.4 cm2 (~84.5% screen-to-body ratio);IPS LCD;N/A;N/A;N/A;N/A;N/A;Fingerprint (side-mounted), accelerometer, gyro, proximity, compass;2020, April 30;Available. Released 2020, May 05;N/A;LED flash, HDR, panorama;"64 MP, f/1.9, 26mm (wide), 1/1.72"", 0.8µm, PDAF
8 MP, f/2.2, 119˚ (ultrawide), 1/4.0"", 1.12µm
5 MP, f/2.4, (macro), AF
2 MP, f/2.4, (depth)";N/A;N/A;4K@30fps, 1080p@30/60/120fps, 720p@960fps, gyro-EIS;UFS 2.1;microSDXC (dedicated slot);64GB 6GB RAM, 128GB 4GB RAM, 128GB 6GB RAM, 128GB 8GB RAM;Tropical Green, Glacier White, Interstellar Gray;M2003J6B2G;€ 110.00 / £ 200.00;0.87 W/kg (head)     0.71 W/kg (body);0.66 W/kg (head)     1.02 W/kg (body);N/A;GSM 850 / 900 / 1800 / 1900;HSDPA 850 / 900 / 1700(AWS) / 1900 / 2100;1, 2, 3, 4, 5, 7, 8, 20, 28, 38, 40, 41;N/A;HSPA, LTE;GSM / HSPA / LTE;N/A;N/A;Endurance rating 123h;Photo / Video;Contrast ratio: 1285:1 (nominal);-28.6 LUFS (Average);"AnTuTu: 279625 (v8)
GeekBench: 1785 (v5.1)
GFXBench: 15fps (ES 3.1 onscreen)";Octa-core (2x2.3 GHz Kryo 465 Gold & 6x1.8 GHz Kryo 465 Silver);Qualcomm SM7125 Snapdragon 720G (8 nm);Adreno 618;Android 10, MIUI 11;N/A;HDR, panorama;"16 MP, f/2.5, (wide), 1/3.06"", 1.0µm";1080p@30/120fps;N/A;Yes;Yes
