No;Brand;Device Name;Product URL;Estimated_Price;Popularity_Fans;Battery_Charging;Battery_Musicplay;Battery_Standby;Battery_Talktime;Battery_Type;Body_;Body_Build;Body_Dimensions;Body_SIM;Body_Weight;Comms_Bluetooth;Comms_NFC;Comms_Positioning;Comms_Radio;Comms_USB;Comms_WLAN;Display_Protection;Display_Resolution;Display_Size;Display_Type;EULABEL_Battery;EULABEL_Energy;EULABEL_Freefall;EULABEL_Repairability;Features_;Features_Browser;Features_Sensors;Launch_Announced;Launch_Status;MainCamera_Dual;MainCamera_Features;MainCamera_Single;MainCamera_Triple;MainCamera_Video;Memory_;Memory_Cardslot;Memory_Internal;Misc_Colors;Misc_Models;Misc_Price;Misc_SAR;Misc_SAREU;Network_;Network_2Gbands;Network_3Gbands;Network_4Gbands;Network_5Gbands;Network_EDGE;Network_GPRS;Network_Speed;Network_Technology;OurTests_Audioquality;OurTests_Battery;OurTests_Batteryold;OurTests_Camera;OurTests_Display;OurTests_Loudspeaker;OurTests_Performance;Platform_CPU;Platform_Chipset;Platform_GPU;Platform_OS;Selfiecamera_;Selfiecamera_Dual;Selfiecamera_Features;Selfiecamera_Single;Selfiecamera_Video;Sound_35mmjack;Sound_Loudspeaker
1;Google;Google Pixel 10;https://www.gsmarena.com/google_pixel_10_5g-13979.php;N/A;N/A;"30W wired, PD3.0, PPS, 55% in 30 minutes
15W wireless (magnetic), Qi2
Reverse wired
Bypass charging";N/A;N/A;N/A;Li-Ion 4970 mAh;IP68 dust tight and water resistant (immersible up to 1.5m for 30 min);Glass front (Gorilla Glass Victus 2), glass back (Gorilla Glass Victus 2), aluminum frame;152.8 x 72 x 8.6 mm (6.02 x 2.83 x 0.34 in);"Nano-SIM + eSIMeSIM + eSIM (8 or more, max 2 at a time; USA)";204 g (7.20 oz);6.0, A2DP, LE, aptX HD;Yes;GPS (L1+L5), GLONASS, GALILEO, BDS, QZSS, NavIC;No;USB Type-C 3.2;Wi-Fi 802.11 a/b/g/n/ac/6e, dual-band;Corning Gorilla Glass Victus 2, Mohs level 4;1080 x 2424 pixels, 20:9 ratio (~422 ppi density);6.3 inches, 94.7 cm2 (~86.1% screen-to-body ratio);OLED, 120Hz, HDR10+, 2000 nits (HBM), 3000 nits (peak);49:23h endurance, 1000 cycles;Class B;Class A (270 falls);Class B;"Satellite SOS service
Circle to Search";N/A;Fingerprint (under display, ultrasonic), accelerometer, gyro, proximity, compass, barometer;2025, August 20;Available. Released 2025, August 28;N/A;Single-zone Laser AF, LED flash, Pixel Shift, Ultra-HDR, panorama, Best Take;N/A;"48 MP, f/1.7, 25mm (wide), 1/2.0"", 0.8µm, dual pixel PDAF, OIS
10.8 MP, f/3.1, 112mm (telephoto), 1/3.2"", dual pixel PDAF, OIS, 5x optical zoom
13 MP, f/2.2, 120˚ (ultrawide), 1/3.1"", PDAF";"4K@24/30/60fps, 1080p@24/30/60/120/240fps; gyro-EIS, OIS, 10-bit HDR";"UFS 3.1 - 128GB
UFS 4.0 - 256GB";No;128GB 12GB RAM, 256GB 12GB RAM;Indigo, Frost, Lemongrass, Obsidian;GK2MP, GLBW0, GL066;$ 799.00 / € 745.00 / £ 799.00 / ₹ 71,980;1.18 W/kg (head)     0.99 W/kg (body);0.99 W/kg (head)     1.39 W/kg (body);1, 2, 3, 5, 7, 8, 12, 14, 20, 25, 26, 28, 29, 30, 38, 40, 41, 48, 66, 70, 71, 77, 78, 258, 260, 261 SA/NSA/Sub6/mmWave - GLBW0;GSM 850 / 900 / 1800 / 1900;HSDPA 800 / 850 / 900 / 1700(AWS) / 1900 / 2100;1, 2, 3, 4, 5, 7, 8, 12, 13, 14, 17, 18, 19, 20, 21, 25, 26, 29, 30, 30, 32, 38, 39, 40 , 41, 42, 48, 66, 71, 75 - GK2MP;N/A;N/A;N/A;HSPA, LTE (CA), 5G;GSM / HSPA / LTE;N/A;Active use score 9:58h;N/A;N/A;2030 nits max brightness (measured);-25.7 LUFS (Very good);"AnTuTu: 1173841 (v10)
GeekBench: 5857 (v6)
3DMark: 3231 (Wild Life Extreme)";Octa-core (1x3.78 GHz Cortex-X4 & 5x3.05 GHz Cortex-A725 & 2x2.25 GHz Cortex-A520);Google Tensor G5 (3 nm);PowerVR DXT-48-1536;Android 16, up to 7 major Android upgrades;N/A;N/A;HDR, panorama;"10.5 MP, f/2.2, 95˚, 20mm (ultrawide), 1/3.1"", 1.22µm, PDAF";4K@30/60fps, 1080p@30/60fps;No;Yes, with stereo speakers
2;Google;Samsung Google Nexus S I9020A;https://www.gsmarena.com/samsung_google_nexus_s_i9020a-3920.php;N/A;N/A;N/A;N/A;Up to 713 h (2G) / Up to 428 h (3G);Up to 14 h (2G) / Up to 7 h (3G);Removable Li-Ion 1500 mAh battery;N/A;N/A;123.9 x 63 x 10.9 mm (4.88 x 2.48 x 0.43 in);Mini-SIM;129 g (4.55 oz);2.1, A2DP, EDR;Yes;GPS, A-GPS;N/A;microUSB 2.0;Wi-Fi 802.11 b/g/n, DLNA, hotspot;Oleophobic coating;480 x 800 pixels, 5:3 ratio (~233 ppi density);4.0 inches, 45.5 cm2 (~58.3% screen-to-body ratio);Super AMOLED;N/A;N/A;N/A;N/A;"MP4/H.264 player
MP3/WAV/eAAC+ player
Organizer
Photo/video editor
Voice memo/dial/commands
Predictive text input
Near Field Communications";HTML, Adobe Flash;Accelerometer, gyro, proximity, compass, barometer;2011, March. Released 2011, April;Discontinued;N/A;LED flash;5 MP, AF;N/A;w480p@30fps;N/A;No;16GB 512MB RAM;White, Black;N/A;About 270 EUR;0.57 W/kg (head)     1.33 W/kg (body);0.37 W/kg (head);HSDPA 900 / 1700 / 2100 - i9020T for T-Mobile;GSM 850 / 900 / 1800 / 1900;HSDPA 850 / 1900 / 2100 - i9020A for AT&T;N/A;N/A;N/A;N/A;HSPA 7.2/5.76 Mbps;GSM / HSPA;N/A;N/A;N/A;N/A;N/A;N/A;N/A;1.0 GHz Cortex-A8;Hummingbird;PowerVR SGX540;Android 2.3 (Gingerbread);N/A;N/A;N/A;VGA;;Yes;Yes
3;Google;Google Pixel 3;https://www.gsmarena.com/google_pixel_3-9256.php;N/A;N/A;"18W wired, PD2.0
Wireless";N/A;N/A;N/A;Li-Po 2915 mAh, non-removable;IP68 dust tight and water resistant (immersible up to 1.5m for 30 min);Glass front (Gorilla Glass 5), glass back (Gorilla Glass 5), aluminum frame;145.6 x 68.2 x 7.9 mm (5.73 x 2.69 x 0.31 in);Nano-SIM + eSIM;148 g (5.22 oz);5.0, A2DP, LE, aptX HD;Yes;GPS, GLONASS, BDS, GALILEO;No;USB Type-C 3.1;Wi-Fi 802.11 a/b/g/n/ac, dual-band, Wi-Fi Direct, DLNA;Corning Gorilla Glass 5;1080 x 2160 pixels, 18:9 ratio (~443 ppi density);5.5 inches, 76.7 cm2 (~77.2% screen-to-body ratio);P-OLED, HDR;N/A;N/A;N/A;N/A;N/A;N/A;Fingerprint (rear-mounted), accelerometer, gyro, proximity, compass, barometer;2018, October 09. Released 2018, October 18;Discontinued;N/A;Dual-LED flash, Pixel Shift, Auto-HDR, panorama;"12.2 MP, f/1.8, 28mm (wide), 1/2.55"", 1.4µm, dual pixel PDAF, OIS";N/A;4K@30fps, 1080p@30/60/120fps, 1080p@30fps (gyro-EIS);UFS 2.1;No;64GB 4GB RAM, 128GB 4GB RAM;Clearly White, Just Black, Not Pink;G013A;About 450 EUR;N/A;N/A;CDMA2000 1xEV-DO;GSM 850 / 900 / 1800 / 1900;HSDPA 850 / 900 / 1700(AWS) / 1900 / 2100;1, 2, 3, 4, 5, 7, 8, 12, 13, 17, 18, 19, 20, 25, 26, 28, 29, 32, 38, 39, 40, 41, 42, 46, 66, 71;N/A;N/A;N/A;HSPA 42.2/5.76 Mbps, LTE (5CA) Cat16 1024/75 Mbps;GSM / CDMA / HSPA / EVDO / LTE;Noise -71.7dB / Crosstalk -70.1dB;N/A;Endurance rating 69h;Photo / Video;Contrast ratio: Infinite (nominal), 4.350 (sunlight);Voice 77dB / Noise 71dB / Ring 81dB;"AnTuTu: 285044 (v7)
GeekBench: 8337 (v4.4)
GFXBench: 33fps (ES 3.1 onscreen)";Octa-core (4x2.5 GHz Kryo 385 Gold & 4x1.6 GHz Kryo 385 Silver);Qualcomm SDM845 Snapdragon 845 (10 nm);Adreno 630;Android 9.0 (Pie), upgradable to Android 12;N/A;"8 MP, f/1.8, 28mm (wide), PDAF
8 MP, f/2.2, 19mm (ultrawide), no AF";HDR;N/A;1080p@30fps;No;Yes, with stereo speakers
4;Google;Google Pixel 4a 5G;https://www.gsmarena.com/google_pixel_4a_5g-10385.php;N/A;N/A;18W wired, PD2.0;N/A;N/A;N/A;Li-Po 3885 mAh;N/A;Glass front (Gorilla Glass 3), plastic back, plastic frame;153.9 x 74 x 8.2 mm (Sub-6) or 8.5 mm (Sub-6 and mmWave);Nano-SIM + eSIM;"168 g (5G Sub-6); 171 g ( 5G Sub-6 and mmWave) (5.93 oz)";5.0, A2DP, LE, aptX HD;Yes;GPS, GLONASS, GALILEO, QZSS, BDS;No;USB Type-C 3.1;Wi-Fi 802.11 a/b/g/n/ac, dual-band, Wi-Fi Direct;Corning Gorilla Glass 3;1080 x 2340 pixels, 19.5:9 ratio (~413 ppi density);6.2 inches, 95.7 cm2 (~84.1% screen-to-body ratio);OLED, HDR;N/A;N/A;N/A;N/A;N/A;N/A;Fingerprint (rear-mounted), accelerometer, gyro, proximity, compass, barometer;2020, September 30;Available. Released 2020, November 05;"12.2 MP, f/1.7, 27mm (wide), 1/2.55"", 1.4µm, dual pixel PDAF, OIS
16 MP, f/2.2, 107˚ (ultrawide), 1.0µm";LED flash, Pixel Shift, Auto-HDR, panorama;N/A;N/A;"4K@30/60fps, 1080p@30/60/120/240fps; gyro-EIS";UFS 2.1;No;128GB 6GB RAM;Just Black, Clearly White;GD1YQ, G025I, G025E, G025H, G6QU3;About 140 EUR;N/A;N/A;N/A;GSM 850 / 900 / 1800 / 1900;HSDPA 850 / 900 / 1700(AWS) / 1900 / 2100;1, 2, 3, 4, 5, 7, 8, 12, 13, 14, 17, 18, 19, 20, 25, 26, 28, 29, 30, 32, 38, 39, 40, 41, 42, 46, 48, 66, 71;1, 2, 3, 5, 7, 8, 12, 28, 41, 66, 71, 77, 78 Sub6, mmWave (market dependant);N/A;N/A;HSPA, LTE (CA), 5G;GSM / HSPA / LTE / 5G;N/A;N/A;N/A;N/A;N/A;N/A;N/A;Octa-core (1x2.4 GHz Kryo 475 Prime & 1x2.2 GHz Kryo 475 Gold & 6x1.8 GHz Kryo 475 Silver);Qualcomm SM7250 Snapdragon 765G 5G (7 nm);Adreno 620;Android 11, upgradable to Android 14;N/A;N/A;HDR;"8 MP, f/2.0, 24mm (wide), 1/4.0"", 1.12µm";1080p@30fps;Yes;Yes, with stereo speakers
5;Google;Google Pixel 4 XL;https://www.gsmarena.com/google_pixel_4_xl-9895.php;N/A;N/A;"18W wired, PD2.0
Wireless";N/A;N/A;N/A;Li-Po 3700 mAh, non-removable;IP68 dust tight and water resistant (immersible up to 1.5m for 30 min);Glass front (Gorilla Glass 5), glass back (Gorilla Glass 5), aluminum frame;160.4 x 75.1 x 8.2 mm (6.31 x 2.96 x 0.32 in);Nano-SIM + eSIM;193 g (6.81 oz);5.0, A2DP, LE, aptX HD;Yes;GPS, GLONASS, BDS, GALILEO;No;USB Type-C 3.1;Wi-Fi 802.11 a/b/g/n/ac, dual-band, Wi-Fi Direct, DLNA;Corning Gorilla Glass 5;1440 x 3040 pixels, 19:9 ratio (~537 ppi density);6.3 inches, 98.0 cm2 (~81.3% screen-to-body ratio);P-OLED, 90Hz, HDR;N/A;N/A;N/A;N/A;N/A;N/A;Face ID, accelerometer, gyro, proximity, compass, barometer;2019, October 15;Available. Released 2019, October 22;"12.2 MP, f/1.7, 27mm (wide), 1/2.55"", 1.4µm, dual pixel PDAF, OIS
16 MP, f/2.4, 50mm (telephoto), 1/3.6"", 1.0µm, PDAF, OIS, 2x optical zoom";Dual-LED flash, Pixel Shift, Auto-HDR, panorama;N/A;N/A;4K@30fps, 1080p@30/60/120fps, 1080p@30fps (gyro-EIS);UFS 2.1;No;64GB 6GB RAM, 128GB 6GB RAM;Clearly White, Just Black, Oh So Orange;G020P, G020, GA01181-US, GA01182-US, GA01180-US;About 180 EUR;N/A;N/A;1, 2, 3, 4, 5, 7, 8, 12, 13, 14, 17, 18, 19, 20, 25, 26, 28, 29, 30, 38, 39, 40, 41, 46, 48, 66, 71 - USA;GSM 850 / 900 / 1800 / 1900;HSDPA 850 / 900 / 1700(AWS) / 1900 / 2100;1, 2, 3, 4, 5, 7, 8, 12, 13, 17, 20, 25, 26, 28, 32, 38, 39, 40, 41, 66, 71 - Global;N/A;N/A;N/A;HSPA 42.2/5.76 Mbps, LTE (5CA) Cat18 1200/150 Mbps;GSM / CDMA / HSPA / EVDO / LTE;Noise -93.9 / Crosstalk -94.1;N/A;Endurance rating 73h;Photo / Video;N/A;Voice 80dB / Noise 78dB / Ring 88dB;"AnTuTu: 323305 (v7), 403267 (v8)
GeekBench: 10171 (v4.4), 2267 (v5.1)
GFXBench: 21fps (ES 3.1 onscreen)";Octa-core (1x2.84 GHz Kryo 485 & 3x2.42 GHz Kryo 485 & 4x1.78 GHz Kryo 485);Qualcomm SM8150 Snapdragon 855 (7 nm);Adreno 640;Android 10, upgradable to Android 13;N/A;N/A;HDR;"8 MP, f/2.0, 22mm (wide), 1.22µm, no AF
TOF 3D, (depth/biometrics sensor)";1080p@30fps;No;Yes, with stereo speakers
6;Google;Samsung Google Nexus S;https://www.gsmarena.com/samsung_google_nexus_s-3620.php;N/A;N/A;N/A;N/A;Up to 713 h (2G) / Up to 428 h (3G);Up to 14 h (2G) / Up to 6 h 40 min (3G);Removable Li-Ion 1500 mAh battery;N/A;N/A;123.9 x 63 x 10.9 mm (4.88 x 2.48 x 0.43 in);Mini-SIM;129 g (4.55 oz);2.1, A2DP;Yes;GPS, A-GPS;No;microUSB 2.0;Wi-Fi 802.11 b/g/n, DLNA, hotspot;Oleophobic coating;480 x 800 pixels, 5:3 ratio (~233 ppi density);4.0 inches, 45.5 cm2 (~58.3% screen-to-body ratio);Super AMOLED;N/A;N/A;N/A;N/A;"MP4/H.264 player
MP3/WAV/eAAC+ player
Organizer
Photo/video editor
Voice memo/dial/commands
Predictive text input
Near Field Communications";HTML, Adobe Flash;Accelerometer, gyro, proximity, compass;2010, December. Released 2010, December;Discontinued;N/A;LED flash;5 MP, AF;N/A;w480p@30fps;N/A;No;16GB 512MB RAM;Black, White;N/A;About 170 EUR;0.58 W/kg (head)     0.90 W/kg (body);0.47 W/kg (head);N/A;GSM 850 / 900 / 1800 / 1900;HSDPA 900 / 1700 / 2100;N/A;N/A;N/A;N/A;HSPA 7.2/5.76 Mbps;GSM / HSPA;Noise -90.2dB / Crosstalk -90.8dB;N/A;N/A;Photo;N/A;Voice 68dB / Noise 66dB / Ring 69dB;N/A;1.0 GHz Cortex-A8;Hummingbird;PowerVR SGX540;Android 2.3 (Gingerbread), 4.1.2 (Jelly Bean), not upgradable to 4.2 (Jelly Bean);N/A;N/A;N/A;VGA;;Yes;Yes
7;Google;Google Pixel 6 Pro;https://www.gsmarena.com/google_pixel_6_pro-10918.php;N/A;N/A;"23W wired, PD3.0, 50% in 30 min
23W wireless
Reverse wireless";N/A;N/A;N/A;Li-Ion 5003 mAh;IP68 dust tight and water resistant (immersible up to 1.5m for 30 min);Glass front (Gorilla Glass Victus), glass back (Gorilla Glass Victus), aluminum frame;163.9 x 75.9 x 8.9 mm (6.45 x 2.99 x 0.35 in);Nano-SIM + eSIM;210 g (7.41 oz);5.2, A2DP, LE, aptX HD;Yes;GPS (L1+L5), GLONASS (G1), BDS (B1I+B1c+B2a), GALILEO (E1+E5a), QZSS (L1+L5);No;USB Type-C 3.1;Wi-Fi 802.11 a/b/g/n/ac/6e, dual-band, Wi-Fi Direct;Corning Gorilla Glass Victus;1440 x 3120 pixels, 19.5:9 ratio (~512 ppi density);6.7 inches, 110.6 cm2 (~88.9% screen-to-body ratio);LTPO AMOLED, 120Hz, HDR10+;N/A;N/A;N/A;N/A;"Ultra Wideband (UWB) support
Circle to Search";N/A;Fingerprint (under display, optical), accelerometer, gyro, proximity, compass, barometer;2021, October 19;Available. Released 2021, October 28;N/A;Laser AF, Dual-LED flash, Pixel Shift, Auto-HDR, panorama;N/A;"50 MP, f/1.9, 25mm (wide), 1/1.31"", 1.2µm, dual pixel PDAF, OIS
48 MP, f/3.5, 104mm (periscope telephoto), 1/2.0"", 0.8µm, PDAF, OIS, 4x optical zoom
12 MP, f/2.2, 17mm, 114˚ (ultrawide), 1.25µm";"4K@30/60fps, 1080p@30/60/120/240fps; gyro-EIS, OIS";UFS 3.1;No;128GB 12GB RAM, 256GB 12GB RAM, 512GB 12GB RAM;Cloudy White, Sorta Sunny, Stormy Black;GLUOG, G8VOU, GF5KQ;$ 185.15 / € 242.99 / £ 245.00 / ₹ 29,999;N/A;N/A;1, 2, 3, 5, 7, 8, 12, 14, 20, 25, 28, 30, 38, 40, 41, 48, 66, 71, 77, 78 SA/NSA/Sub6 - GLUOG;GSM 850 / 900 / 1800 / 1900;HSDPA 800 / 850 / 900 / 1700(AWS) / 1900 / 2100;1, 2, 3, 4, 5, 7, 8, 12, 13, 14, 17, 18, 19, 20, 25, 26, 28, 29, 30, 32, 38, 39, 40, 41, 42, 46, 48, 66, 71 - GLUOG, G8VOU;1, 2, 3, 5, 7, 8, 12, 14, 20, 25, 28, 30, 38, 40, 41, 48, 66, 71, 77, 78, 257, 258, 260, 261 SA/NSA/Sub6/mmWave - G8VOU;N/A;N/A;HSPA, LTE (CA), 5G;GSM / CDMA / HSPA / EVDO / LTE / 5G;N/A;N/A;Endurance rating 84h;N/A;846 nits max brightness (measured);N/A;"AnTuTu:  585485 (v8),  719815 (v9)
GeekBench: 2831 (v5.1)
GFXBench: 39 fps (ES 3.1 onscreen)";Octa-core (2x2.80 GHz Cortex-X1 & 2x2.25 GHz Cortex-A76 & 4x1.80 GHz Cortex-A55);Google Tensor (5 nm);Mali-G78 MP20;Android 12, upgradable to Android 15, up to 5 major Android upgrades;N/A;N/A;HDR, panorama;11.1 MP, f/2.2, 20mm (ultrawide), 1.22µm;4K@30fps, 1080p@30/60fps;No;Yes, with stereo speakers
8;Google;Google Pixel 8a;https://www.gsmarena.com/google_pixel_8a-12937.php;N/A;N/A;"18W wired, PD3.0
7.5W wireless
Bypass charging";N/A;N/A;N/A;Li-Po 4492 mAh;IP67 dust/water resistant (up to 1m for 30 min);Glass front (Gorilla Glass 3), aluminum frame, plastic back;152.1 x 72.7 x 8.9 mm (5.99 x 2.86 x 0.35 in);Nano-SIM + eSIM;188 g (6.63 oz);5.3, A2DP, LE;Yes;GPS, GLONASS, GALILEO, BDS, QZSS, NavIC;No;USB Type-C 3.2;Wi-Fi 802.11 a/b/g/n/ac/6e, dual/tri-band (market/region dependent);Corning Gorilla Glass 3, Mohs level 5;1080 x 2400 pixels, 20:9 ratio (~430 ppi density);6.1 inches, 90.3 cm2 (~81.6% screen-to-body ratio);OLED, HDR, 120Hz, 2000 nits (peak);40:06h endurance, 1000 cycles;Class B;Class A (270 falls);Class B;Circle to Search;N/A;Fingerprint (under display, optical), accelerometer, gyro, proximity, compass, barometer;2024, May 07;Available. Released 2024, May 14;"64 MP (16 MP eff.), f/1.9, 26mm (wide), 1/1.73"", 0.8µm, dual pixel PDAF, OIS
13 MP, f/2.2, 120˚ (ultrawide), 1.12µm";Dual-LED flash, Pixel Shift, Ultra HDR, panorama, Best Take;N/A;N/A;4K@30/60fps, 1080p@30/60/120/240fps, OIS;UFS 3.1;No;128GB 8GB RAM, 256GB 8GB RAM;Obsidian, Porcelain, Bay, Aloe;GKV4X, G6GPR, G8HHN, G576D;$ 190.00 / € 306.89 / £ 349.00 / ₹ 32,999;N/A;N/A;1, 2, 3, 5, 7, 8, 20, 28, 48, 66, 71, 77, 78, 260, 261 SA/NSA/Sub6/mmWave - G8HHN (USA);GSM 850 / 900 / 1800 / 1900;HSDPA 800 / 850 / 900 / 1700(AWS) / 1900 / 2100;1, 2, 3, 4, 5, 7, 8, 12, 17, 18, 19, 20, 26, 28, 32, 38, 40, 41, 42, 66 - G6GPR (International);1, 2, 3, 5, 7, 8, 12, 20, 26, 28, 38, 40, 41, 66, 75, 76, 77, 78 SA/NSA/Sub6 - G6GPR (International);N/A;N/A;HSPA, LTE (CA), 5G;GSM / HSPA / LTE / 5G;N/A;Active use score 11:25h;Endurance rating 83h;N/A;1508 nits max brightness (measured);-26.5 LUFS (Good);"AnTuTu: 1193520 (v10)
GeekBench: 4384 (v6)
3DMark: 2427 (Wild Life Extreme)";Nona-core (1x3.0 GHz Cortex-X3 & 4x2.45 GHz Cortex-A715 & 4x2.15 GHz Cortex-A510);Google Tensor G3 (4 nm);Immortalis-G715s MC10;Android 14, upgradable to Android 16, up to 7 major Android upgrades;N/A;N/A;HDR, panorama;13 MP, f/2.2, 20mm (ultrawide), 1.12µm;4K@30fps, 1080p@30/60fps;No;Yes, with stereo speakers
9;Google;Google Pixel XL;https://www.gsmarena.com/google_pixel_xl-8345.php;N/A;N/A;18W wired, PD;Up to 130 h;Up to 552 h (3G);Up to 32 h (3G);Li-Ion 3450 mAh, non-removable;Water-repellent coating;Glass front (Gorilla Glass 4), aluminum/glass back, aluminum frame;154.7 x 75.7 x 8.5 mm (6.09 x 2.98 x 0.33 in);Nano-SIM;168 g (5.93 oz);4.2, A2DP, LE, aptX;Yes;GPS, GLONASS;No;USB Type-C 3.0;Wi-Fi 802.11 a/b/g/n/ac, dual-band, Wi-Fi Direct, DLNA;Corning Gorilla Glass 4;1440 x 2560 pixels, 16:9 ratio (~534 ppi density);5.5 inches, 83.4 cm2 (~71.2% screen-to-body ratio);AMOLED;N/A;N/A;N/A;N/A;N/A;N/A;Fingerprint (rear-mounted), accelerometer, gyro, proximity, compass, barometer;2016, October 04. Released 2016, October 20;Discontinued;N/A;Laser AF, Dual-LED flash, HDR, panorama;"12.3 MP, f/2.0, 1/2.3"", 1.55µm, PDAF";N/A;4K@30fps, 1080p@60/120fps, 1080p@30fps (gyro-EIS), 720p@240fps;UFS 2.0;No;32GB 4GB RAM, 128GB 4GB RAM;Quite Black, Very Silver, Really Blue;N/A;About 400 EUR;0.89 W/kg (head)     0.56 W/kg (body);0.25 W/kg (head)     0.44 W/kg (body);HSDPA 800 / 850 / 900 / 1700(AWS) / 1900 / 2100;GSM 850 / 900 / 1800 / 1900;N/A;1, 2, 3, 4, 5, 7, 8, 12, 13, 17, 18, 19, 20, 21, 26, 28, 32, 38, 39, 40, 41;N/A;Yes;Yes;HSPA 42.2/5.76 Mbps, LTE (3CA) Cat9 450/50 Mbps or LTE (3CA) Cat11 600/75 Mbps;GSM / HSPA / LTE;N/A;N/A;Endurance rating 78h;Photo / Video;Contrast ratio: Infinite (nominal),  4.164 (sunlight);N/A;Basemark OS II 2.0: 2281Basemark X: 30861;Quad-core (2x2.15 GHz Kryo & 2x1.6 GHz Kryo);Qualcomm MSM8996 Snapdragon 821 (14 nm);Adreno 530;Android 7.1 (Nougat), upgradable to Android 10;N/A;N/A;N/A;"8 MP, f/2.4, 1/3.2"", 1.4µm";1080p@30fps;Yes;Yes
10;Google;Google Pixel 2 XL;https://www.gsmarena.com/google_pixel_2_xl-8720.php;N/A;N/A;10.5W wired (capped), PD2.0;N/A;N/A;N/A;Li-Ion 3520 mAh, non-removable;IP67 dust/water resistant (up to 1m for 30 min);Glass front (Gorilla Glass 5), aluminum/glass back, aluminum frame;157.9 x 76.7 x 7.9 mm (6.22 x 3.02 x 0.31 in);Nano-SIM + eSIM;175 g (6.17 oz);5.0, A2DP, LE, aptX HD;Yes;GPS, GLONASS, BDS, GALILEO;No;USB Type-C 3.1;Wi-Fi 802.11 a/b/g/n/ac, dual-band, Wi-Fi Direct, DLNA;Corning Gorilla Glass 5;1440 x 2880 pixels, 18:9 ratio (~538 ppi density);6.0 inches, 92.6 cm2 (~76.4% screen-to-body ratio);P-OLED;N/A;N/A;N/A;N/A;N/A;N/A;Fingerprint (rear-mounted), accelerometer, gyro, proximity, compass, barometer;2017, October 04. Released 2017, October 17;Discontinued;N/A;Laser AF, Dual-LED flash, HDR, panorama;"12.2 MP, f/1.8, 27mm (wide), 1/2.55"", 1.4µm, dual pixel PDAF, OIS";N/A;4K@30fps (gyro-EIS), 1080p@30/60/120fps (gyro-EIS), 720p@240fps (gyro-EIS);UFS 2.1;No;64GB 4GB RAM, 128GB 4GB RAM;Just Black, Black & White;G011C;About 520 EUR;N/A;N/A;CDMA2000 1xEV-DO;GSM 850 / 900 / 1800 / 1900;HSDPA 850 / 900 / 1700(AWS) / 1900 / 2100;1, 2, 3, 4, 5, 7, 8, 12, 13, 17, 20, 25, 26, 28, 29, 30, 32, 38, 40, 41, 66;N/A;N/A;N/A;HSPA 42.2/5.76 Mbps, LTE (3CA) Cat15 800/75 Mbps;GSM / CDMA / HSPA / EVDO / LTE;Noise - 93.7 / Crosstalk - 79.7;N/A;Endurance rating 88h;Photo / Video;Contrast ratio: ∞;Voice 66dB / Noise 70dB / Ring 78dB;"AnTuTu: 206711 (v7)
GeekBench: 6055 (v4.4)
GFXBench: 13fps (ES 3.1 onscreen)";Octa-core (4x2.35 GHz Kryo & 4x1.9 GHz Kryo);Qualcomm MSM8998 Snapdragon 835 (10 nm);Adreno 540;Android 8.0 (Oreo), upgradable to Android 11;N/A;N/A;HDR;"8 MP, f/2.4, 25mm (wide), 1/3.2"", 1.4µm";1080p@30fps;No;Yes, with stereo speakers
11;Google;Google Pixel 5;https://www.gsmarena.com/google_pixel_5-10386.php;N/A;N/A;"18W wired, PD2.0
12W wireless
5W reverse wired";N/A;N/A;N/A;Li-Po 4080 mAh;IP68 dust tight and water resistant (immersible up to 1.5m for 30 min);Glass front (Gorilla Glass 6), aluminum back, aluminum frame;144.7 x 70.4 x 8 mm (5.70 x 2.77 x 0.31 in);Nano-SIM + eSIM;151 g (5.33 oz);5.0, A2DP, LE, aptX HD;Yes;GPS, GLONASS, GALILEO, QZSS, BDS;No;USB Type-C 3.1;Wi-Fi 802.11 a/b/g/n/ac, dual-band, Wi-Fi Direct;Corning Gorilla Glass 6;1080 x 2340 pixels, 19.5:9 ratio (~432 ppi density);6.0 inches, 87.6 cm2 (~85.9% screen-to-body ratio);OLED, 90Hz, HDR10+;N/A;N/A;N/A;N/A;N/A;N/A;Fingerprint (rear-mounted), accelerometer, gyro, proximity, compass, barometer;2020, September 30;Available. Released 2020, October 15;"12.2 MP, f/1.7, 27mm (wide), 1/2.55"", 1.4µm, dual pixel PDAF, OIS
16 MP, f/2.2, 117˚ (ultrawide), 1.0µm";LED flash, Pixel Shift, Auto-HDR, panorama;N/A;N/A;"4K@30/60fps, 1080p@30/60/120/240fps; gyro-EIS";UFS 2.1;No;128GB 8GB RAM;Just Black, Sorta Sage;GD1YQ, GTT9Q, G5NZ6;$ 151.26 / € 235.00 / £ 130.98;N/A;N/A;1, 2, 3, 5, 7, 8, 12, 28, 41, 66, 71, 77, 78 Sub6 - GTT9Q;GSM 850 / 900 / 1800 / 1900;HSDPA 850 / 900 / 1700(AWS) / 1900 / 2100;1, 2, 3, 4, 5, 7, 8, 12, 13, 14, 17, 18, 19, 20, 25, 26, 28, 29, 30, 32, 38, 39, 40, 41, 42, 46, 48, 66, 71;1, 2, 3, 5, 7, 8, 12, 28, 41, 66, 71, 77, 78, 258, 260, 261 Sub6/mmWave - GD1YQ;N/A;N/A;HSPA, LTE (CA), 5G;GSM / CDMA / HSPA / EVDO / LTE / 5G;N/A;N/A;Endurance rating 95h;N/A;699 nits max brightness (measured);N/A;N/A;Octa-core (1x2.4 GHz Kryo 475 Prime & 1x2.2 GHz Kryo 475 Gold & 6x1.8 GHz Kryo 475 Silver);Qualcomm SM7250 Snapdragon 765G 5G (7 nm);Adreno 620;Android 11, upgradable to Android 14;N/A;N/A;HDR;"8 MP, f/2.0, 24mm (wide), 1/4.0"", 1.12µm";1080p@30fps;No;Yes, with stereo speakers
12;Google;Google Pixel 3a XL;https://www.gsmarena.com/google_pixel_3a_xl-9690.php;N/A;N/A;18W wired, PD2.0;N/A;N/A;N/A;Li-Po 3700 mAh, non-removable;N/A;Glass front (Asahi Dragontrail), plastic back, plastic frame;160.1 x 76.1 x 8.2 mm (6.30 x 3.00 x 0.32 in);Nano-SIM + eSIM;167 g (5.89 oz);5.0, A2DP, LE, aptX HD;Yes;GPS, GLONASS, GALILEO;No;USB Type-C 2.0;Wi-Fi 802.11 a/b/g/n/ac, dual-band, Wi-Fi Direct;Asahi Dragontrail Glass;1080 x 2160 pixels, 18:9 ratio (~402 ppi density);6.0 inches, 92.9 cm2 (~76.3% screen-to-body ratio);OLED;N/A;N/A;N/A;N/A;N/A;N/A;Fingerprint (rear-mounted), accelerometer, gyro, proximity, compass, barometer;2019, May 07;Available. Released 2019, May 15;N/A;Dual-LED flash, Pixel Shift, HDR, panorama;"12.2 MP, f/1.8, 28mm (wide), 1/2.55"", 1.4µm, dual pixel PDAF, OIS";N/A;4K@30fps, 1080p@30/60/120fps;eMMC 5.1;No;64GB 4GB RAM;Just Black, Clearly White, Purple-ish;G020C, G020G, G020F, G020A, G020B, G020D;About 290 EUR;N/A;N/A;CDMA2000 1xEV-DO;GSM 850 / 900 / 1800 / 1900;HSDPA 850 / 900 / 1700(AWS) / 1900 / 2100;1, 2, 3, 4, 5, 7, 8, 12, 13, 14, 17, 20, 25, 26, 28, 29, 30, 38, 40, 41, 66, 71;N/A;N/A;N/A;HSPA 42.2/5.76 Mbps, LTE (3CA) Cat11 600/75 Mbps;GSM / CDMA / HSPA / EVDO / LTE;Noise -90.8dB / Crosstalk -94.8dB;N/A;Endurance rating 98h;N/A;451 nits max brightness (measured);Voice 79dB / Noise 77dB / Ring 91dB;"AnTuTu: 159110 (v7), 176612 (v8)
GeekBench: 5176 (v4.4), 1307 (v5.1)
GFXBench: 11fps (ES 3.1 onscreen)";Octa-core (2x2.0 GHz 360 Gold & 6x1.7 GHz Kryo 360 Silver);Qualcomm SDM670 Snapdragon 670 (10 nm);Adreno 615;Android 9.0 (Pie), upgradable to Android 12;N/A;N/A;HDR;"8 MP, f/2.0, 24mm (wide), 1/4.0"", 1.12µm";1080p@30fps;Yes;Yes, with stereo speakers
13;Google;Google Pixel 4a;https://www.gsmarena.com/google_pixel_4a-10123.php;N/A;N/A;18W wired, PD2.0;N/A;N/A;N/A;Li-Po 3140 mAh;N/A;Glass front (Gorilla Glass 3), plastic back, plastic frame;144 x 69.4 x 8.2 mm (5.67 x 2.73 x 0.32 in);Nano-SIM + eSIM;143 g (5.04 oz);5.0, A2DP, LE, aptX HD;Yes;GPS, GLONASS, GALILEO, QZSS, BDS;No;USB Type-C 3.1;Wi-Fi 802.11 a/b/g/n/ac, dual-band, Wi-Fi Direct, DLNA;Corning Gorilla Glass 3;1080 x 2340 pixels, 19.5:9 ratio (~443 ppi density);5.81 inches, 83.2 cm2 (~83.3% screen-to-body ratio);OLED, HDR;N/A;N/A;N/A;N/A;N/A;N/A;Fingerprint (rear-mounted), accelerometer, gyro, proximity, compass, barometer;2020, August 03;Available. Released 2020, August 20;N/A;LED flash, Pixel Shift, Auto-HDR, panorama;"12.2 MP, f/1.7, 27mm (wide), 1/2.55"", 1.4µm, dual pixel PDAF, OIS";N/A;"4K@30fps, 1080p@30/60/120fps; gyro-EIS";UFS 2.1;No;128GB 6GB RAM;Just Black, Barely Blue;G025J, GA02099, G025N;$ 132.99 / £ 139.99;N/A;N/A;N/A;GSM 850 / 900 / 1800 / 1900;HSDPA 850 / 900 / 1700(AWS) / 1900 / 2100;1, 2, 3, 4, 5, 7, 8, 12, 13, 14, 17, 18, 20, 25, 26, 28, 29, 30, 38, 39, 40, 41, 66, 71;N/A;N/A;N/A;HSPA 42.2/5.76 Mbps, LTE (3CA) Cat12 600/75 Mbps;GSM / HSPA / LTE;N/A;N/A;Endurance rating 76h;N/A;803 nits max brightness (measured);N/A;"AnTuTu: 268714 (v8)
GeekBench: 6426 (v4.4), 1626 (v5.1)
GFXBench: 17fps (ES 3.1 onscreen)";Octa-core (2x2.2 GHz Kryo 470 Gold & 6x1.8 GHz Kryo 470 Silver);Qualcomm SDM730 Snapdragon 730G (8 nm);Adreno 618;Android 10, upgradable to Android 13;N/A;N/A;HDR;8 MP, f/2.0, 24mm (wide), 1.12µm;1080p@30fps;Yes;Yes, with stereo speakers
14;Google;Google Pixel 9 Pro XL;https://www.gsmarena.com/google_pixel_9_pro_xl-13217.php;N/A;N/A;"37W wired, PD3.0, PPS, 70% in 30 min
23W wireless (w/ Pixel Stand)
12W wireless (w/ Qi compatible charger)
Reverse wireless
Bypass charging";N/A;N/A;N/A;Li-Ion 5060 mAh;IP68 dust tight and water resistant (immersible up to 1.5m for 30 min);Glass front (Gorilla Glass Victus 2), glass back (Gorilla Glass Victus 2), aluminum frame;162.8 x 76.6 x 8.5 mm (6.41 x 3.02 x 0.33 in);Nano-SIM + eSIM;221 g (7.80 oz);5.3, A2DP, LE, aptX HD;Yes;GPS (L1+L5), GLONASS, GALILEO, BDS, QZSS, NavIC;No;USB Type-C 3.2;Wi-Fi 802.11 a/b/g/n/ac/6e/7, tri-band;Corning Gorilla Glass Victus 2, Mohs level 4;1344 x 2992 pixels, 20:9 ratio (~486 ppi density);6.8 inches, 109.7 cm2 (~88.0% screen-to-body ratio);LTPO OLED, 120Hz, HDR10+, 2000 nits (HBM), 3000 nits (peak);49:30h endurance, 1000 cycles;Class B;Class A (270 falls);Class C;"Ultra Wideband (UWB) support
Satellite SOS service
Circle to Search";N/A;Fingerprint (under display, ultrasonic), accelerometer, gyro, proximity, compass, barometer, thermometer (skin temperature);2024, August 13;Available. Released 2024, August 22;N/A;Multi-zone Laser AF, LED flash, Pixel Shift, Ultra-HDR, panorama, Best Take, Zoom Enhance;N/A;"50 MP, f/1.7, 25mm (wide), 1/1.31"", 1.2µm, dual pixel PDAF, OIS
48 MP, f/2.8, 113mm (periscope telephoto), 1/2.55"", dual pixel PDAF, OIS, 5x optical zoom
48 MP, f/1.7, 123˚ (ultrawide), 1/2.55"", dual pixel PDAF,";"8K@30fps (via cloud-based upscaling), 4K@24/30/60fps, 1080p@24/30/60/120/240fps; gyro-EIS, OIS, 10-bit HDR";UFS 3.1;No;128GB 16GB RAM, 256GB 16GB RAM, 512GB 16GB RAM, 1TB 16GB RAM;Porcelain, Rose Quartz, Hazel, Obsidian;GGX8B, GZC4K, GQ57S;$ 592.44 / € 712.56 / £ 629.95 / ₹ 104,999;N/A;0.99 W/kg (head)     1.40 W/kg (body);1, 2, 3, 5, 7, 8, 12, 14, 20, 25, 26, 28, 30, 38, 40, 41, 66, 71, 75, 76, 77, 78, 79 SA/NSA/Sub6 - GZC4K;GSM 850 / 900 / 1800 / 1900;HSDPA 800 / 850 / 900 / 1700(AWS) / 1900 / 2100;1, 2, 3, 4, 5, 7, 8, 12, 13, 14, 17, 18, 19, 20, 25, 26, 28, 29, 30, 38, 40, 41, 48, 66, 71 - GGX8B;1, 2, 3, 5, 7, 8, 12, 14, 20, 25, 26, 28, 29, 30, 38, 40, 41, 48, 66, 70, 71, 77, 78, 258, 260, 261 SA/NSA/Sub6/mmWave - GGX8B;N/A;N/A;HSPA, LTE (CA), 5G;GSM / HSPA / LTE / 5G;N/A;Active use score 12:32h;N/A;N/A;2365 nits max brightness (measured);-25.5 LUFS (Very good);"AnTuTu: 1380138 (v10)
GeekBench: 4854 (v6)
3DMark: 2540 (Wild Life Extreme)";Octa-core (1x3.1 GHz Cortex-X4 & 3x2.6 GHz Cortex-A720 & 4x1.92 GHz Cortex-A520);Google Tensor G4 (4 nm);Mali-G715 MC7;Android 14, upgradable to Android 16, up to 7 major Android upgrades;N/A;N/A;HDR, panorama;42 MP, f/2.2, 17mm (ultrawide), PDAF;4K@30/60fps, 1080p@30/60fps;No;Yes, with stereo speakers
15;Google;Samsung Google Nexus S I9023;https://www.gsmarena.com/samsung_google_nexus_s_i9023-3910.php;N/A;N/A;N/A;N/A;Up to 650 h (2G) / Up to 370 h (3G);Up to 13 h 20 min (2G) / Up to 6 h 20 min (3G);Removable Li-Ion 1500 mAh battery;N/A;N/A;123.9 x 63 x 10.9 mm (4.88 x 2.48 x 0.43 in);Mini-SIM;129 g (4.55 oz);2.1, A2DP, EDR;Yes;GPS, A-GPS;No;microUSB 2.0;Wi-Fi 802.11 b/g/n, DLNA, hotspot;Oleophobic coating;480 x 800 pixels, 5:3 ratio (~233 ppi density);4.0 inches, 45.5 cm2 (~58.3% screen-to-body ratio);S-LCD;N/A;N/A;N/A;N/A;"MP4/H.264 player
MP3/WAV/eAAC+ player
Organizer
Photo/video editor
Voice memo/dial/commands
Predictive text input";HTML, Adobe Flash;Accelerometer, gyro, proximity, compass, barometer;2011, March. Released 2011, April;Discontinued;N/A;LED flash;5 MP, AF;N/A;w480p@30fps;N/A;No;16GB;Black;N/A;About 180 EUR;0.83 W/kg (head)     0.72 W/kg (body);0.50 W/kg (head);N/A;GSM 850 / 900 / 1800 / 1900;HSDPA 900 / 1700 / 2100;N/A;N/A;N/A;N/A;HSPA 7.2/5.76 Mbps;GSM / HSPA;N/A;N/A;N/A;N/A;N/A;N/A;N/A;1.0 GHz Cortex-A8;Hummingbird;PowerVR SGX540;Android 2.3 (Gingerbread), upgradable to 4.1.1 (Jelly Bean);N/A;N/A;N/A;VGA;;Yes;Yes
16;Google;Google Pixel 6a;https://www.gsmarena.com/google_pixel_6a-11229.php;N/A;N/A;18W wired, PD3.0;N/A;N/A;N/A;Li-Po 4410 mAh;IP67 dust/water resistant (up to 1m for 30 min);Glass front (Gorilla Glass 3), aluminum frame, plastic back;152.2 x 71.8 x 8.9 mm (5.99 x 2.83 x 0.35 in);Nano-SIM + eSIM;178 g (6.28 oz);5.2, A2DP, LE;Yes;GPS, GLONASS, GALILEO, QZSS;No;USB Type-C 3.1;Wi-Fi 802.11 a/b/g/n/ac/6e, dual-band, Wi-Fi Direct;Corning Gorilla Glass 3;1080 x 2400 pixels, 20:9 ratio (~429 ppi density);6.1 inches, 90.7 cm2 (~83.0% screen-to-body ratio);OLED, HDR;N/A;N/A;N/A;N/A;Circle to Search;N/A;Fingerprint (under display, optical), accelerometer, gyro, proximity, compass, barometer;2022, May 11;Available. Released 2022, July 21;"12.2 MP, f/1.7, 27mm, (wide), 1/2.55"", 1.4µm, dual pixel PDAF, OIS
12 MP, f/2.2, 17mm, 114˚ (ultrawide), 1.25µm";Dual-LED flash, Pixel Shift, Auto-HDR, panorama;N/A;N/A;"4K@30/60fps, 1080p@30/60/120/240fps; gyro-EIS, OIS";UFS 3.1;No;128GB 6GB RAM;Chalk, Charcoal, Sage;GX7AS, GB62Z, G1AZG, GB17L;$ 133.00 / € 189.00 / £ 149.95 / ₹ 20,949;N/A;N/A;1, 2, 3, 5, 7, 8, 12, 20, 25, 28, 30, 40, 48, 66, 71, 77, 78 SA/NSA/Sub6 - G1AZG (International);GSM 850 / 900 / 1800 / 1900;HSDPA 800 / 850 / 900 / 1700(AWS) / 1900 / 2100;1, 2, 3, 4, 5, 7, 8, 12, 13, 14, 17, 18, 19, 20, 25, 26, 28, 29, 30, 38, 39, 40, 41, 42, 48, 66, 71 - GX7AS, GB62Z (USA/Canada);1, 2, 3, 5, 7, 8, 12, 20, 25, 28, 30, 38, 40, 41, 48, 66, 71, 77, 78 SA/NSA/Sub6 - GX7AS (USA/Canada);N/A;N/A;HSPA, LTE (CA), 5G;GSM / HSPA / LTE / 5G;N/A;N/A;Endurance rating 94h;N/A;876 nits max brightness (measured);N/A;N/A;Octa-core (2x2.80 GHz Cortex-X1 & 2x2.25 GHz Cortex-A76 & 4x1.80 GHz Cortex-A55);Google Tensor (5 nm);Mali-G78 MP20;Android 12, upgradable to Android 15, up to 5 major Android upgrades;N/A;N/A;HDR, panorama;8 MP, f/2.0, 24mm (wide), 1.12µm;1080p@30fps;No;Yes, with stereo speakers
17;Google;Google Pixel 4;https://www.gsmarena.com/google_pixel_4-9896.php;N/A;N/A;"18W wired, PD2.0
Wireless";N/A;N/A;N/A;Li-Po 2800 mAh, non-removable;IP68 dust tight and water resistant (immersible up to 1.5m for 30 min);Glass front (Gorilla Glass 5), glass back (Gorilla Glass 5), aluminum frame;147.1 x 68.8 x 8.2 mm (5.79 x 2.71 x 0.32 in);Nano-SIM + eSIM;162 g (5.71 oz);5.0, A2DP, LE, aptX HD;Yes;GPS, GLONASS, BDS, GALILEO;No;USB Type-C 3.1;Wi-Fi 802.11 a/b/g/n/ac, dual-band, Wi-Fi Direct, DLNA;Corning Gorilla Glass 5;1080 x 2280 pixels, 19:9 ratio (~444 ppi density);5.7 inches, 80.7 cm2 (~79.8% screen-to-body ratio);P-OLED, 90Hz, HDR;N/A;N/A;N/A;N/A;N/A;N/A;Face ID, accelerometer, gyro, proximity, compass, barometer;2019, October 15;Available. Released 2019, October 22;"12.2 MP, f/1.7, 27mm (wide), 1/2.55"", 1.4µm, dual pixel PDAF, OIS
16 MP, f/2.4, 50mm (telephoto), 1/3.6"", 1.0µm, PDAF, OIS, 2x optical zoom";Dual-LED flash, Pixel Shift, Auto-HDR, panorama;N/A;N/A;4K@30fps, 1080p@30/60/120fps, 1080p@30fps (gyro-EIS);UFS 2.1;No;64GB 6GB RAM, 128GB 6GB RAM;Clearly White, Just Black, Oh So Orange;G020M, G020I, GA01188-US, GA01187-US, GA01189-US, GA01191-US, GA01189-US;About 200 EUR;N/A;N/A;1, 2, 3, 4, 5, 7, 8, 12, 13, 14, 17, 18, 19, 20, 25, 26, 28, 29, 30, 38, 39, 40, 41, 46, 48, 66, 71 - USA;GSM 850 / 900 / 1800 / 1900;HSDPA 850 / 900 / 1700(AWS) / 1900 / 2100;1, 2, 3, 4, 5, 7, 8, 12, 13, 17, 20, 25, 26, 28, 32, 38, 39, 40, 41, 66, 71 - Global;N/A;N/A;N/A;HSPA 42.2/5.76 Mbps, LTE (5CA) Cat18 1200/150 Mbps;GSM / CDMA / HSPA / EVDO / LTE;Noise -71.5dB / Crosstalk -69.8dB;N/A;Endurance rating 62h;Photo / Video;423 nits max brightness (measured);Voice 79dB / Noise 71dB / Ring 83dB;"AnTuTu: 395351 (v8)
GeekBench: 2542 (v5.1)
GFXBench: 31fps (ES 3.1 onscreen)";Octa-core (1x2.84 GHz Kryo 485 & 3x2.42 GHz Kryo 485 & 4x1.78 GHz Kryo 485);Qualcomm SM8150 Snapdragon 855 (7 nm);Adreno 640;Android 10, upgradable to Android 13;N/A;N/A;HDR;"8 MP, f/2.0, 22mm (wide), 1.22µm, no AF
TOF 3D, (depth/biometrics sensor)";1080p@30fps;No;Yes, with stereo speakers
18;Google;Google Pixel 2;https://www.gsmarena.com/google_pixel_2-8733.php;N/A;N/A;10.5W wired (capped), PD2.0;N/A;N/A;N/A;Li-Ion 2700 mAh, non-removable;IP67 dust/water resistant (up to 1m for 30 min);Glass front (Gorilla Glass 5), aluminum/glass back, aluminum frame;145.7 x 69.7 x 7.8 mm (5.74 x 2.74 x 0.31 in);Nano-SIM + eSIM;143 g (5.04 oz);5.0, A2DP, LE, aptX HD;Yes;GPS, GLONASS, BDS, GALILEO;No;USB Type-C 3.1;Wi-Fi 802.11 a/b/g/n/ac, dual-band, Wi-Fi Direct, DLNA;Corning Gorilla Glass 5;1080 x 1920 pixels, 16:9 ratio (~441 ppi density);5.0 inches, 68.9 cm2 (~67.9% screen-to-body ratio);AMOLED;N/A;N/A;N/A;N/A;N/A;N/A;Fingerprint (rear-mounted), accelerometer, gyro, proximity, compass, barometer;2017, October 04. Released 2017, October 17;Discontinued;N/A;Laser AF, Dual-LED flash, HDR, panorama;"12.2 MP, f/1.8, 27mm (wide), 1/2.55"", 1.4µm, dual pixel PDAF, OIS";N/A;4K@30fps (gyro-EIS), 1080p@30/60/120fps (gyro-EIS), 720p@240fps (gyro-EIS);UFS 2.1;No;64GB 4GB RAM, 128GB 4GB RAM;Kinda Blue, Just Black, Clearly White;G011A;About 610 EUR;N/A;N/A;CDMA2000 1xEV-DO;GSM 850 / 900 / 1800 / 1900;HSDPA 850 / 900 / 1700(AWS) / 1900 / 2100;1, 2, 3, 4, 5, 7, 8, 12, 13, 17, 20, 25, 26, 28, 29, 30, 32, 38, 40, 41, 66;N/A;N/A;N/A;HSPA 42.2/5.76 Mbps, LTE (3CA) Cat15 800/75 Mbps;GSM / CDMA / HSPA / EVDO / LTE;Noise -93.3dB / Crosstalk -66.2dB;N/A;Endurance rating 75h;Photo / Video;Contrast ratio: Infinite (nominal), 4.023 (sunlight);Voice 70dB / Noise 77dB / Ring 81dB;"GeekBench: 6437 (v4.4)
GFXBench: 26fps (ES 3.1 onscreen)";Octa-core (4x2.35 GHz Kryo & 4x1.9 GHz Kryo);Qualcomm MSM8998 Snapdragon 835 (10 nm);Adreno 540;Android 8.0 (Oreo), upgradable to Android 11;N/A;N/A;HDR;"8 MP, f/2.4, 27mm (wide), 1/3.2"", 1.4µm";1080p@30fps;No;Yes, with stereo speakers
19;Google;Google Pixel 6;https://www.gsmarena.com/google_pixel_6-11037.php;N/A;N/A;"Wired (based on 30W charger), PD3.0, 50% in 30 min
21W wireless
Reverse wireless";N/A;N/A;N/A;Li-Ion 4614 mAh;IP68 dust tight and water resistant (immersible up to 1.5m for 30 min);Glass front (Gorilla Glass Victus), glass back (Gorilla Glass 6), aluminum frame;158.6 x 74.8 x 8.9 mm (6.24 x 2.94 x 0.35 in);Nano-SIM + eSIM;207 g (7.30 oz);5.2, A2DP, LE, aptX HD;Yes;GPS (L1+L5), GLONASS (G1), BDS (B1I+B1c+B2a), GALILEO (E1+E5a), QZSS (L1+L5);No;USB Type-C 3.1;Wi-Fi 802.11 a/b/g/n/ac/6e, dual-band, Wi-Fi Direct;Corning Gorilla Glass Victus;1080 x 2400 pixels, 20:9 ratio (~411 ppi density);6.4 inches, 98.9 cm2 (~83.4% screen-to-body ratio);AMOLED, 90Hz, HDR10+;N/A;N/A;N/A;N/A;Circle to Search;N/A;Fingerprint (under display, optical), accelerometer, gyro, proximity, compass, barometer;2021, October 19;Available. Released 2021, October 28;"50 MP, f/1.9, 25mm (wide), 1/1.31"", 1.2µm, dual pixel PDAF, OIS
12 MP, f/2.2, 17mm, 114˚ (ultrawide), 1.25µm";Laser AF, Dual-LED flash, Pixel Shift, Auto-HDR, panorama;N/A;N/A;"4K@30/60fps, 1080p@30/60/120/240fps; gyro-EIS, OIS";UFS 3.1;No;128GB 8GB RAM, 256GB 8GB RAM;Sorta Seafoam, Kinda Coral, Stormy Black;GB7N6, G9S9B16, G9S9B, GR1YH;$ 158.95 / € 198.00 / ₹ 23,499;N/A;N/A;1, 2, 3, 5, 7, 8, 12, 14, 20, 25, 28, 30, 38, 40, 41, 48, 66, 71, 77, 78 SA/NSA/Sub6 - GB7N6;GSM 850 / 900 / 1800 / 1900;HSDPA 800 / 850 / 900 / 1700(AWS) / 1900 / 2100;1, 2, 3, 4, 5, 7, 8, 12, 13, 14, 17, 18, 19, 20, 25, 26, 28, 29, 30, 32, 38, 39, 40, 41, 42, 46, 48, 66, 71 - GB7N6, G9S9B16;1, 2, 3, 5, 7, 8, 12, 14, 20, 25, 28, 30, 38, 40, 41, 48, 66, 71, 77, 78, 257, 258, 260, 261 SA/NSA/Sub6/mmWave - G9S9B;N/A;N/A;HSPA, LTE (CA), 5G;GSM / CDMA / HSPA / EVDO / LTE / 5G;N/A;N/A;Endurance rating 86h;Photo / Video;Contrast ratio: Infinite (nominal);-26.9 LUFS (Good);"AnTuTu: 676831 (v9)
GeekBench: 2899 (v5.1)
GFXBench: 57fps (ES 3.1 onscreen)";Octa-core (2x2.80 GHz Cortex-X1 & 2x2.25 GHz Cortex-A76 & 4x1.80 GHz Cortex-A55);Google Tensor (5 nm);Mali-G78 MP20;Android 12, upgradable to Android 15, up to 5 major Android upgrades;N/A;N/A;HDR, panorama;8 MP, f/2.0, 24mm (wide), 1.12µm;1080p@30fps;No;Yes, with stereo speakers
20;Google;Google Pixel 10 Pro XL;https://www.gsmarena.com/google_pixel_10_pro_xl_5g-13988.php;N/A;N/A;"45W wired, PD3.0, PPS, 70% in 30 min
25W wireless (magnetic), Qi2
Reverse wired
Bypass charging";N/A;N/A;N/A;Li-Ion 5200 mAh;IP68 dust tight and water resistant (immersible up to 1.5m for 30 min);Glass front (Gorilla Glass Victus 2), glass back (Gorilla Glass Victus 2), aluminum frame;162.8 x 76.6 x 8.5 mm (6.41 x 3.02 x 0.33 in);"Nano-SIM + eSIMeSIM + eSIM (8 or more, max 2 at a time; USA)";232 g (8.18 oz);6.0, A2DP, LE, aptX HD;Yes;GPS (L1+L5), GLONASS, GALILEO, BDS, QZSS, NavIC;No;USB Type-C 3.2;Wi-Fi 802.11 a/b/g/n/ac/6e/7, tri-band;Corning Gorilla Glass Victus 2, Mohs level 4;1344 x 2992 pixels, 20:9 ratio (~486 ppi density);6.8 inches, 109.7 cm2 (~88.0% screen-to-body ratio);LTPO OLED, 120Hz, HDR10+, 2200 nits (HBM), 3300 nits (peak);48:39h endurance, 1000 cycles;Class B;Class A (270 falls);Class B;"Ultra Wideband (UWB) support
Satellite SOS service
Circle to Search";N/A;Fingerprint (under display, ultrasonic), accelerometer, gyro, proximity, compass, barometer, thermometer (skin temperature);2025, August 20;Available. Released 2025, August 28;N/A;Multi-zone Laser AF, LED flash, Pixel Shift, Ultra-HDR, panorama, Best Take, Zoom Enhance;N/A;"50 MP, f/1.7, 25mm (wide), 1/1.31"", 1.2µm, dual pixel PDAF, OIS
48 MP, f/2.8, 113mm (periscope telephoto), 1/2.55"", dual pixel PDAF, OIS, 5x optical zoom
48 MP, f/1.7, 123˚ (ultrawide), 1/2.55"", dual pixel PDAF,";"8K@30fps (via cloud-based upscaling), 4K@24/30/60fps, 1080p@24/30/60/120/240fps; gyro-EIS, OIS, 10-bit HDR";UFS 4.0;No;256GB 16GB RAM, 512GB 16GB RAM, 1TB 16GB RAM;Moonstone, Jade, Porcelain, Obsidian;G45RY, GUL82, GYPW4;$ 1,199.00 / € 1,189.00 / £ 1,199.00;0.99 W/kg (head)     0.99 W/kg (body);0.99 W/kg (head)     1.39 W/kg (body);1, 2, 3, 5, 7, 8, 12, 14, 20, 25, 26, 28, 29, 30, 38, 40, 41, 48, 66, 70, 71, 77, 258, 260, 261 SA/NSA/Sub6/mmWave - GUL82;GSM 850 / 900 / 1800 / 1900;HSDPA 800 / 850 / 900 / 1700(AWS) / 1900 / 2100;1, 2, 3, 4, 5, 7, 8, 12, 13, 14, 17, 18, 19, 20, 21, 25, 26, 29, 30, 30, 32, 38, 39, 40, 41, 42, 48, 66, 71, 75 - G45RY;1, 2, 3, 5, 7, 8, 12, 14, 20, 25, 26, 30, 38, 40, 46, 71, 75, 76, 77, 78, 79 SA/NSA/Sub6 - G45RY;N/A;N/A;HSPA, LTE (CA), 5G;GSM / HSPA / LTE / 5G;N/A;Active use score 10:11h;N/A;N/A;2340 nits max brightness (measured);-25.3 LUFS (Very good);"AnTuTu: 1423216 (v10)
GeekBench: 6497 (v6)
3DMark: 3332 (Wild Life Extreme)";Octa-core (1x3.78 GHz Cortex-X4 & 5x3.05 GHz Cortex-A725 & 2x2.25 GHz Cortex-A520);Google Tensor G5 (3 nm);PowerVR DXT-48-1536;Android 16, up to 7 major Android upgrades;N/A;N/A;HDR, panorama;42 MP, f/2.2, 17mm (ultrawide), PDAF;4K@30/60fps, 1080p@30/60fps;No;Yes, with stereo speakers
21;Google;Google Pixel 7a;https://www.gsmarena.com/google_pixel_7a-12170.php;N/A;N/A;"18W wired, PD3.0
7.5W wireless";N/A;N/A;N/A;Li-Po 4385 mAh;IP67 dust/water resistant (up to 1m for 30 min);Glass front (Gorilla Glass 3), aluminum frame, plastic back;152 x 72.9 x 9 mm (5.98 x 2.87 x 0.35 in);Nano-SIM + eSIM;193.5 g (6.84 oz);5.3, A2DP, LE;Yes;GPS, GLONASS, GALILEO, BDS, QZSS, NavIC;No;USB Type-C 3.2;Wi-Fi 802.11 a/b/g/n/ac/6e, tri-band;Corning Gorilla Glass 3;1080 x 2400 pixels, 20:9 ratio (~429 ppi density);6.1 inches, 90.7 cm2 (~81.8% screen-to-body ratio);OLED, HDR, 90Hz;N/A;N/A;N/A;N/A;Circle to Search;N/A;Fingerprint (under display, optical), accelerometer, gyro, proximity, compass, barometer;2023, May 10;Available. Released 2023, May 10;"64 MP, f/1.9, 26mm (wide), 1/1.73"", 0.8µm, dual pixel PDAF, OIS
13 MP, f/2.2, 120˚ (ultrawide), 1.12µm";Dual-LED flash, Pixel Shift, Auto-HDR, panorama;N/A;N/A;4K@30/60fps, 1080p@30/60/120/240fps, OIS;UFS 3.1;No;128GB 8GB RAM;Charcoal, Snow, Sea, Coral;GWKK3, GHL1X, G0DZQ, G82U8;$ 166.77 / € 195.00 / £ 170.00 / ₹ 26,970;N/A;N/A;1, 2, 3, 5, 7, 8, 12, 20, 25, 28, 38, 40, 41, 66, 75, 76, 77, 78, 79 SA/NSA/Sub6 - GHL1X, G82U8;GSM 850 / 900 / 1800 / 1900;HSDPA 800 / 850 / 900 / 1700(AWS) / 1900 / 2100;1, 2, 3, 4, 5, 7, 8, 12, 13, 14, 17, 20, 25, 26, 28, 29, 30, 38, 40, 41, 48, 66, 71 - GWKK3, G0DZQ;1, 2, 3, 5, 7, 8, 12, 14, 20, 25, 28, 30, 38, 41, 48, 66, 71, 77, 78 SA/NSA/Sub6 - GWKK3;N/A;N/A;HSPA, LTE (CA), 5G;GSM / HSPA / LTE / 5G;N/A;N/A;Endurance rating 76h;Photo / Video;1070 nits max brightness (measured);-26.5 LUFS (Good);"AnTuTu: 765281 (v9)
GeekBench: 3191 (v5.1), 3631 (v6)
GFXBench: 62fps (ES 3.1 onscreen)";Octa-core (2x2.85 GHz Cortex-X1 & 2x2.35 GHz Cortex-A78 & 4x1.80 GHz Cortex-A55);Google Tensor G2 (5 nm);Mali-G710 MP7;Android 13, upgradable to Android 15, up to 5 major Android upgrades;N/A;N/A;HDR, panorama;13 MP, f/2.2, 20mm (ultrawide), 1.12µm;4K@30fps, 1080p@30fps;No;Yes, with stereo speakers
22;Google;Google Pixel;https://www.gsmarena.com/google_pixel-8346.php;N/A;N/A;18W wired, PD;Up to 110 h;Up to 456 h (3G);Up to 26 h (3G);Li-Ion 2770 mAh, non-removable;Water-repellent coating;Glass front (Gorilla Glass 4), aluminum/glass back, aluminum frame;143.8 x 69.5 x 8.5 mm (5.66 x 2.74 x 0.33 in);Nano-SIM;143 g (5.04 oz);4.2, A2DP, LE, aptX;Yes;GPS, GLONASS;No;USB Type-C 3.0;Wi-Fi 802.11 a/b/g/n/ac, dual-band, Wi-Fi Direct, DLNA;Corning Gorilla Glass 4;1080 x 1920 pixels, 16:9 ratio (~441 ppi density);5.0 inches, 68.9 cm2 (~69.0% screen-to-body ratio);AMOLED;N/A;N/A;N/A;N/A;N/A;N/A;Fingerprint (rear-mounted), accelerometer, gyro, proximity, compass, barometer;2016, October 04. Released 2016, October 20;Discontinued;N/A;Laser AF, Dual-LED flash, HDR, panorama;"12.3 MP, f/2.0, 1/2.3"", 1.55µm, PDAF";N/A;4K@30fps, 1080p@60/120fps, 1080p@30fps (gyro-EIS), 720p@240fps;UFS 2.0;No;32GB 4GB RAM, 128GB 4GB RAM;Quite Black, Very Silver, Really Blue;N/A;About 290 EUR;0.92 W/kg (head)     0.58 W/kg (body);0.33 W/kg (head)     0.61 W/kg (body);N/A;GSM 850 / 900 / 1800 / 1900;HSDPA 800 / 850 / 900 / 1700(AWS) / 1900 / 2100;1, 2, 3, 4, 5, 7, 8, 12, 13, 17, 18, 19, 20, 21, 26, 28, 32, 38, 39, 40, 41;N/A;N/A;N/A;HSPA 42.2/5.76 Mbps, LTE (3CA) Cat9 450/50 Mbps or LTE (3CA) Cat11 600/75 Mbps;GSM / HSPA / LTE;Noise -93.0dB / Crosstalk -92.6dB;N/A;Endurance rating 64h;N/A;Contrast ratio: ∞;Voice 74dB / Noise 68dB / Ring 78dB;Basemark OS II 2.0: 2461Basemark X: 33023;Quad-core (2x2.15 GHz Kryo & 2x1.6 GHz Kryo);Qualcomm MSM8996 Snapdragon 821 (14 nm);Adreno 530;Android 7.1 (Nougat), upgradable to Android 10;N/A;N/A;N/A;"8 MP, f/2.4, 1/3.2"", 1.4µm";1080p@30fps;Yes;Yes
23;Google;Google Pixel 7 Pro;https://www.gsmarena.com/google_pixel_7_pro-11908.php;N/A;N/A;"23W wired, PD3.0, 50% in 30 min
23W wireless
Reverse wireless";N/A;N/A;N/A;Li-Ion 5000 mAh;IP68 dust tight and water resistant (immersible up to 1.5m for 30 min);Glass front (Gorilla Glass Victus), glass back (Gorilla Glass Victus), aluminum frame;162.9 x 76.6 x 8.9 mm (6.41 x 3.02 x 0.35 in);Nano-SIM + eSIM;212 g (7.48 oz);5.2, A2DP, LE, aptX HD;Yes;GPS (L1+L5), GLONASS (G1), BDS (B1I+B1c+B2a), GALILEO (E1+E5a), QZSS (L1+L5);No;USB Type-C 3.2;Wi-Fi 802.11 a/b/g/n/ac/6e, tri-band, Wi-Fi Direct;Corning Gorilla Glass Victus;1440 x 3120 pixels, 19.5:9 ratio (~512 ppi density);6.7 inches, 110.6 cm2 (~88.7% screen-to-body ratio);LTPO AMOLED, 120Hz, HDR10+, 1000 nits (HBM), 1500 nits (peak);N/A;N/A;N/A;N/A;"Ultra Wideband (UWB) support
Circle to Search";N/A;Fingerprint (under display, optical), accelerometer, gyro, proximity, compass, barometer;2022, October 06;Available. Released 2022, October 13;N/A;Laser AF, Dual-LED flash, Pixel Shift, Auto-HDR, panorama;N/A;"50 MP, f/1.9, 25mm (wide), 1/1.31"", 1.2µm, dual pixel PDAF, OIS
48 MP, f/3.5, 120mm (periscope telephoto), 1/2.55"", 0.7µm, dual pixel PDAF, OIS, 5x optical zoom
12 MP, f/2.2, 126˚ (ultrawide), 1/2.9"", 1.25µm, AF";"4K@30/60fps, 1080p@30/60/120/240fps; gyro-EIS, OIS, 10-bit HDR";UFS 3.1;No;128GB 8GB RAM, 256GB 8GB RAM, 128GB 12GB RAM, 256GB 12GB RAM, 512GB 12GB RAM;Obsidian, Snow, Hazel;GP4BC, GE2AE, GFE4J;$ 199.99 / € 274.00 / £ 217.38 / ₹ 35,899;N/A;N/A;1, 2, 3, 5, 7, 8, 12, 14, 20, 25, 28, 30, 38, 40, 41, 48, 66, 71, 75, 76, 77, 78 SA/NSA/Sub6 - GP4BC;GSM 850 / 900 / 1800 / 1900;HSDPA 800 / 850 / 900 / 1700(AWS) / 1900 / 2100;1, 2, 3, 4, 5, 7, 8, 12, 13, 14, 17, 18, 19, 20, 25, 26, 28, 29, 30, 38, 39, 40, 41, 42, 46, 48, 66, 71 - GE2AE;1, 2, 3, 5, 7, 8, 12, 14, 20, 25, 28, 30, 38, 40, 41, 48, 66, 71, 77, 78, 257, 258, 260, 261 SA/NSA/Sub6/mmWave - GE2AE;N/A;N/A;HSPA, LTE (CA), 5G;GSM / CDMA / HSPA / EVDO / LTE / 5G;N/A;N/A;Endurance rating 83h;Photo / Video;1090 nits max brightness (measured);-24.8 LUFS (Very good);"AnTuTu: 796369 (v9)
GeekBench: 3187 (v5.1)
GFXBench: 34fps (ES 3.1 onscreen)";Octa-core (2x2.85 GHz Cortex-X1 & 2x2.35 GHz Cortex-A78 & 4x1.80 GHz Cortex-A55);Google Tensor G2 (5 nm);Mali-G710 MP7;Android 13, upgradable to Android 15, up to 5 major Android upgrades;N/A;N/A;HDR, panorama;"10.8 MP, f/2.2, 21mm (ultrawide), 1/3.1"", 1.22µm";4K@30/60fps, 1080p@30/60fps;No;Yes, with stereo speakers
24;Google;Google Pixel 8;https://www.gsmarena.com/google_pixel_8-12546.php;N/A;N/A;"27W wired, PD3.0, PPS, 50% in 30 min
18W wireless
Reverse wireless
Bypass charging";N/A;N/A;N/A;Li-Ion 4575 mAh;IP68 dust tight and water resistant (immersible up to 1.5m for 30 min);Glass front (Gorilla Glass Victus), glass back (Gorilla Glass Victus), aluminum frame;150.5 x 70.8 x 8.9 mm (5.93 x 2.79 x 0.35 in);Nano-SIM + eSIM;187 g (6.60 oz);5.3, A2DP, LE, aptX HD;Yes;GPS (L1+L5), GLONASS (G1), GALILEO (E1+E5a), QZSS (L1+L5);No;USB Type-C 3.2;Wi-Fi 802.11 a/b/g/n/ac/6e/7, tri-band, Wi-Fi Direct;Corning Gorilla Glass Victus;1080 x 2400 pixels, 20:9 ratio (~428 ppi density);6.2 inches, 91.1 cm2 (~85.5% screen-to-body ratio);OLED, 120Hz, HDR10+, 1400 nits (HBM), 2000 nits (peak);N/A;N/A;N/A;N/A;Circle to Search;N/A;Fingerprint (under display, optical), accelerometer, gyro, proximity, compass, barometer;2023, October 04;Available. Released 2023, October 12;"50 MP (12 MP eff.), f/1.7, 25mm (wide), 1/1.31"", 1.2µm, dual pixel PDAF, OIS
12 MP, f/2.2, 126˚ (ultrawide), 1/2.9"", 1.25µm, AF";Laser AF, Dual-LED flash, Pixel Shift, Ultra HDR, panorama, Best Take;N/A;N/A;"4K@24/30/60fps, 1080p@30/60/120/240fps; gyro-EIS, OIS, 10-bit HDR";UFS 3.1;No;128GB 8GB RAM, 256GB 8GB RAM;Obsidian, Hazel, Rose, Mint;GKWS6, G9BQD, GA04851-US, GZPFO, GPJ41;$ 249.95 / € 409.99 / £ 298.45 / ₹ 35,999;N/A;N/A;1, 2, 3, 5, 7, 8, 12, 20, 25, 26, 28, 29, 30, 38, 40, 41, 48, 66, 70, 71, 77, 78 SA/NSA/Sub6 - G9BQD;GSM 850 / 900 / 1800 / 1900;HSDPA 800 / 850 / 900 / 1700(AWS) / 1900 / 2100;1, 2, 3, 4, 5, 7, 8, 12, 13, 14, 17, 18, 19, 20, 25, 26, 28, 29, 30, 38, 40, 41, 46, 48, 66, 71 - GKWS6, G9BQD;1, 2, 3, 5, 7, 8, 12, 20, 25, 26, 28, 29, 30, 38, 40, 41, 48, 66, 70, 71, 77, 78, 258, 260, 261 SA/NSA/Sub6/mmWave - GKWS6;N/A;N/A;HSPA, LTE (CA), 5G;GSM / HSPA / LTE / 5G;N/A;Active use score 11:17h;Endurance rating 83h;Photo / Video;1446 nits max brightness (measured);-26.0 LUFS (Very good);"AnTuTu: 926801 (v9), 1158631 (v10)
GeekBench: 3526 (v5), 4404 (v6)
GFXBench: 73fps (ES 3.1 onscreen)";Nona-core (1x3.0 GHz Cortex-X3 & 4x2.45 GHz Cortex-A715 & 4x2.15 GHz Cortex-A510);Google Tensor G3 (4 nm);Immortalis-G715s MC10;Android 14, upgradable to Android 16, up to 7 major Android upgrades;N/A;N/A;HDR, panorama;"10.5 MP, f/2.2, 20mm (ultrawide), 1/3.1"", 1.22µm";4K@24/30/60fps, 1080p@30/60fps;No;Yes, with stereo speakers
25;Google;Samsung Google Nexus S 4G;https://www.gsmarena.com/samsung_google_nexus_s_4g-3884.php;N/A;N/A;N/A;N/A;Up to 428 h;Up to 6 h;Removable Li-Ion 1500 mAh battery;N/A;N/A;123.9 x 63 x 10.9 mm (4.88 x 2.48 x 0.43 in);Mini-SIM;131 g (4.62 oz);2.1, A2DP, EDR;Yes;GPS, A-GPS;No;microUSB 2.0;Wi-Fi 802.11 b/g/n, WiMAX, hotspot;Oleophobic coating;480 x 800 pixels, 5:3 ratio (~233 ppi density);4.0 inches, 45.5 cm2 (~58.3% screen-to-body ratio);Super AMOLED;N/A;N/A;N/A;N/A;"MP4/H.264 player
MP3/WAV/eAAC+ player
Organizer
Photo/video editor
Voice memo/dial/commands
Predictive text input
Near Field Communications";HTML, Adobe Flash;Accelerometer, gyro, proximity, compass, barometer;2011, March. Released 2011, May 08;Discontinued;N/A;LED flash;5 MP, AF;N/A;w480p@30fps;N/A;No;16GB 512MB RAM;Black;N/A;About 150 EUR;0.64 W/kg (head)     0.95 W/kg (body);N/A;N/A;CDMA 800 / 1900;CDMA2000 1xEV-DO;N/A;N/A;N/A;N/A;EV-DO Rev.A 3.1 Mbps;CDMA / EVDO;N/A;N/A;N/A;N/A;N/A;N/A;N/A;1.0 GHz Cortex-A8;Hummingbird;PowerVR SGX540;Android 2.3 (Gingerbread);N/A;N/A;N/A;VGA;;Yes;Yes, with stereo speakers
26;Google;Google Pixel 3a;https://www.gsmarena.com/google_pixel_3a-9408.php;N/A;N/A;18W wired, PD2.0;N/A;N/A;N/A;Li-Po 3000 mAh, non-removable;N/A;Glass front (Asahi Dragontrail), plastic back, plastic frame;151.3 x 70.1 x 8.2 mm (5.96 x 2.76 x 0.32 in);Nano-SIM + eSIM;147 g (5.19 oz);5.0, A2DP, LE, aptX HD;Yes;GPS, GLONASS, GALILEO;No;USB Type-C 2.0;Wi-Fi 802.11 a/b/g/n/ac, dual-band, Wi-Fi Direct;Asahi Dragontrail Glass;1080 x 2220 pixels, 18.5:9 ratio (~441 ppi density);5.6 inches, 79.6 cm2 (~75.0% screen-to-body ratio);OLED;N/A;N/A;N/A;N/A;N/A;N/A;Fingerprint (rear-mounted), accelerometer, gyro, proximity, compass, barometer;2019, May 07;Available. Released 2019, May 15;N/A;Dual-LED flash, Pixel Shift, HDR, panorama;"12.2 MP, f/1.8, 28mm (wide), 1/2.55"", 1.4µm, dual pixel PDAF, OIS";N/A;4K@30fps, 1080p@30/60/120fps;eMMC 5.1;No;64GB 4GB RAM;Just Black, Clearly White, Purple-ish;G020A, G020E, G020B, G020G, G020H;About 120 EUR;N/A;N/A;CDMA2000 1xEV-DO;GSM 850 / 900 / 1800 / 1900;HSDPA 850 / 900 / 1700(AWS) / 1900 / 2100;1, 2, 3, 4, 5, 7, 8, 12, 13, 17, 20, 25, 26, 28, 32, 38, 40, 41, 66, 71;N/A;N/A;N/A;HSPA 42.2/5.76 Mbps, LTE (3CA) Cat11 600/75 Mbps;GSM / CDMA / HSPA / EVDO / LTE;N/A;N/A;N/A;N/A;N/A;N/A;N/A;Octa-core (2x2.0 GHz 360 Gold & 6x1.7 GHz Kryo 360 Silver);Qualcomm SDM670 Snapdragon 670 (10 nm);Adreno 615;Android 9.0 (Pie), upgradable to Android 12;N/A;N/A;HDR;"8 MP, f/2.0, 24mm (wide), 1/4.0"", 1.12µm";1080p@30fps;Yes;Yes, with stereo speakers
27;Google;Google Pixel 9;https://www.gsmarena.com/google_pixel_9-13219.php;N/A;N/A;"27W wired, PD3.0, PPS, 55% in 30 min
15W wireless (w/ Pixel Stand)
12W wireless (w/ Qi compatible charger)
Reverse wireless
Bypass charging";N/A;N/A;N/A;Li-Ion 4700 mAh;IP68 dust tight and water resistant (immersible up to 1.5m for 30 min);Glass front (Gorilla Glass Victus 2), glass back (Gorilla Glass Victus 2), aluminum frame;152.8 x 72 x 8.5 mm (6.02 x 2.83 x 0.33 in);Nano-SIM + eSIM;198 g (6.98 oz);5.3, A2DP, LE, aptX HD;Yes;GPS (L1+L5), GLONASS, GALILEO, BDS, QZSS, NavIC;No;USB Type-C 3.2;Wi-Fi 802.11 a/b/g/n/ac/6e/7, tri-band;Corning Gorilla Glass Victus 2, Mohs level 4;1080 x 2424 pixels, 20:9 ratio (~422 ppi density);6.3 inches, 94.7 cm2 (~86.1% screen-to-body ratio);OLED, 120Hz, HDR10+, 1800 nits (HBM), 2700 nits (peak);49:12h endurance, 1000 cycles;Class A;Class A (270 falls);Class B;"Satellite SOS service
Circle to Search";N/A;Fingerprint (under display, ultrasonic), accelerometer, gyro, proximity, compass, barometer;2024, August 13;Available. Released 2024, August 22;"50 MP, f/1.7, 25mm (wide), 1/1.31"", 1.2µm, dual pixel PDAF, OIS
48 MP, f/1.7, 123˚ (ultrawide), 1/2.55"", dual pixel PDAF";Single-zone Laser AF, LED flash, Pixel Shift, Ultra-HDR, panorama, Best Take;N/A;N/A;"4K@24/30/60fps, 1080p@24/30/60/120/240fps; gyro-EIS, OIS, 10-bit HDR";UFS 3.1;No;128GB 12GB RAM, 256GB 12GB RAM;Obsidian, Porcelain, Wintergreen, Peony;G2YBB, GUR25, G1B60;$ 479.95 / € 540.21 / £ 469.99 / ₹ 56,750;N/A;0.99 W/kg (head)     1.40 W/kg (body);1, 2, 3, 5, 7, 8, 12, 14, 20, 25, 26, 28, 30, 38, 40, 41, 66, 71, 75, 76, 77, 78, 79 SA/NSA/Sub6 - GUR25;GSM 850 / 900 / 1800 / 1900;HSDPA 800 / 850 / 900 / 1700(AWS) / 1900 / 2100;1, 2, 3, 4, 5, 7, 8, 12, 13, 14, 17, 18, 19, 20, 25, 26, 28, 29, 30, 38, 40, 41, 48, 66, 71 - G2YBB;1, 2, 3, 5, 7, 8, 12, 14, 20, 25, 26, 28, 29, 30, 38, 40, 41, 48, 66, 70, 71, 77, 78, 258, 260, 261 SA/NSA/Sub6/mmWave - G2YBB;N/A;N/A;HSPA, LTE (CA), 5G;GSM / HSPA / LTE / 5G;N/A;Active use score 13:05h;N/A;N/A;2232 nits max brightness (measured);-25.0 LUFS (Very good);"AnTuTu: 1224020 (v10)
GeekBench: 4489 (v6)
3DMark: 2587 (Wild Life Extreme)";Octa-core (1x3.1 GHz Cortex-X4 & 3x2.6 GHz Cortex-A720 & 4x1.92 GHz Cortex-A520);Google Tensor G4 (4 nm);Mali-G715 MC7;Android 14, upgradable to Android 16, up to 7 major Android upgrades;N/A;N/A;HDR, panorama;"10.5 MP, f/2.2, 20mm (ultrawide), 1/3.1"", 1.22µm, PDAF";4K@30/60fps, 1080p@30/60fps;No;Yes, with stereo speakers
28;Google;Google Pixel 10 Pro;https://www.gsmarena.com/google_pixel_10_pro_5g-13987.php;N/A;N/A;"30W wired, PD3.0, PPS, 55% in 30 min
15W wireless (magnetic), Qi2
Reverse wired
Bypass charging";N/A;N/A;N/A;Li-Ion 4870 mAh;IP68 dust tight and water resistant (immersible up to 1.5m for 30 min);Glass front (Gorilla Glass Victus 2), glass back (Gorilla Glass Victus 2), aluminum frame;152.8 x 72 x 8.5 mm (6.02 x 2.83 x 0.33 in);"Nano-SIM + eSIMeSIM + eSIM (8 or more, max 2 at a time; USA)";207 g (7.30 oz);6.0, A2DP, LE, aptX HD;Yes;GPS (L1+L5), GLONASS, GALILEO, BDS, QZSS, NavIC;No;USB Type-C 3.2;Wi-Fi 802.11 a/b/g/n/ac/6e/7, tri-band;Corning Gorilla Glass Victus 2, Mohs level 4;1280 x 2856 pixels, 20:9 ratio (~495 ppi density);6.3 inches, 96.3 cm2 (~87.6% screen-to-body ratio);LTPO OLED, 120Hz, HDR10+, 2200 nits (HBM), 3300 nits (peak);51:09h endurance, 1000 cycles;Class A;Class A (270 falls);Class B;"Ultra Wideband (UWB) support
Satellite SOS service
Circle to Search";N/A;Fingerprint (under display, ultrasonic), accelerometer, gyro, proximity, compass, barometer, thermometer (skin temperature);2025, August 20;Available. Released 2025, August 28;N/A;Multi-zone Laser AF, LED flash, Pixel Shift, Ultra-HDR, panorama, Best Take, Zoom Enhance;N/A;"50 MP, f/1.7, 25mm (wide), 1/1.31"", 1.2µm, dual pixel PDAF, OIS
48 MP, f/2.8, 113mm (periscope telephoto), 1/2.55"", dual pixel PDAF, OIS, 5x optical zoom
48 MP, f/1.7, 123˚ (ultrawide), 1/2.55"", dual pixel PDAF";"8K@30fps (via cloud-based upscaling), 4K@24/30/60fps, 1080p@24/30/60/120/240fps; gyro-EIS, OIS, 10-bit HDR";"UFS 3.1 - 128GB only
UFS 4.0";No;128GB 16GB RAM, 256GB 16GB RAM, 512GB 16GB RAM, 1TB 16GB RAM;Moonstone, Jade, Porcelain, Obsidian;GEHN3, G4QUR, GN4F5;$ 999.00 / € 993.00 / £ 999.00 / ₹ 103,999;0.99 W/kg (head)     0.99 W/kg (body);0.99 W/kg (head)     1.39 W/kg (body);1, 2, 3, 5, 7, 8, 12, 14, 20, 25, 26, 28, 29, 30, 38, 40, 41, 48, 66, 70, 71, 77, 258, 260, 261 SA/NSA/Sub6/mmWave - G4QUR;GSM 850 / 900 / 1800 / 1900;HSDPA 800 / 850 / 900 / 1700(AWS) / 1900 / 2100;1, 2, 3, 4, 5, 7, 8, 12, 13, 14, 17, 18, 19, 20, 21, 25, 26, 29, 30, 30, 32, 38, 39, 40, 41, 42, 48, 66, 71, 75 - GEHN3;1, 2, 3, 5, 7, 8, 12, 14, 20, 25, 26, 30, 38, 40, 46, 71, 75, 76, 77, 78, 79 SA/NSA/Sub6 - GEHN3;N/A;N/A;HSPA, LTE (CA), 5G;GSM / HSPA / LTE / 5G;N/A;Active use score 10:10h;N/A;N/A;N/A;-25.7 LUFS (Very good);N/A;Octa-core (1x3.78 GHz Cortex-X4 & 5x3.05 GHz Cortex-A725 & 2x2.25 GHz Cortex-A520);Google Tensor G5 (3 nm);PowerVR DXT-48-1536;Android 16, up to 7 major Android upgrades;N/A;N/A;HDR, panorama;42 MP, f/2.2, 17mm (ultrawide), PDAF;4K@30/60fps, 1080p@30/60fps;No;Yes, with stereo speakers
29;Google;HTC Google Nexus One;https://www.gsmarena.com/htc_google_nexus_one-3069.php;N/A;N/A;N/A;Up to 20 hours;Up to 290 h (2G) / Up to 250 h (3G);Up to 10 hours (2G) / Up to 7 hours (3G);Removable Li-Ion 1400 mAh battery;Trackball;N/A;119 x 59.8 x 11.5 mm (4.69 x 2.35 x 0.45 in);Mini-SIM;130 g (4.59 oz);2.1, A2DP;N/A;GPS, A-GPS;Factory locked by default, can be enabled;microUSB 2.0;Wi-Fi 802.11 a/b/g;N/A;480 x 800 pixels, 5:3 ratio (~252 ppi density);3.7 inches, 39.0 cm2 (~54.8% screen-to-body ratio);AMOLED;N/A;N/A;N/A;N/A;"Dedicated search key
MP3/eAAC+/WAV player
MP4/H.264 player
Voice memo
Predictive text input";HTML;Accelerometer, proximity, compass;2010, January. Released 2010, January;Discontinued;N/A;LED flash;5 MP, AF;N/A;480p@24fps;N/A;microSDHC (dedicated slot), 4 GB included;512MB RAM, 512MB;Brown (teflon coating);N/A;About 120 EUR;0.37 W/kg (head)     0.74 W/kg (body);N/A;HSDPA 850 / 1900 / 2100 - for AT&T, Rogers Wireless;GSM 850 / 900 / 1800 / 1900;HSDPA 900 / 1700 / 2100;N/A;N/A;N/A;N/A;HSPA 7.2/2 Mbps;GSM / HSPA;Noise -86.1dB / Crosstalk -85.2dB;N/A;N/A;Photo;N/A;Voice 69dB / Noise 66dB / Ring 79dB;N/A;1.0 GHz Scorpion;Qualcomm QSD8250 Snapdragon S1;Adreno 200;Android 2.1 (Eclair), upgradable to 2.3.6 (Gingerbread);No;N/A;N/A;N/A;N/A;Yes;Yes
30;Google;Google Pixel 9a;https://www.gsmarena.com/google_pixel_9a-13478.php;N/A;N/A;"23W wired, PD3.0
7.5W wireless
Bypass charging";N/A;N/A;N/A;Li-Po 5100 mAh;IP68 dust tight and water resistant (immersible up to 1.5m for 30 min);Glass front (Gorilla Glass 3), aluminum frame, plastic back;154.7 x 73.3 x 8.9 mm (6.09 x 2.89 x 0.35 in);Nano-SIM + eSIM;186 g (6.56 oz);5.3, A2DP, LE;Yes;GPS (L1+L5), GLONASS, GALILEO, BDS, QZSS, NavIC;No;USB Type-C 3.2;Wi-Fi 802.11 a/b/g/n/ac/6e, dual/tri-band (market/region dependent);Corning Gorilla Glass 3, Mohs level 4;1080 x 2424 pixels, 20:9 ratio (~422 ppi density);6.3 inches, 94.7 cm2 (~83.5% screen-to-body ratio);P-OLED, HDR, 120Hz, 1800 nits (HBM), 2700 nits (peak);52:19h endurance, 1000 cycles;Class B;Class A (270 falls);Class B;Circle to Search;N/A;Fingerprint (under display, optical), accelerometer, gyro, proximity, compass, barometer;2025, March 19;Available. Released 2025, April 10;"48 MP, f/1.7, 25mm (wide), 1/2.0"", 0.8µm, dual pixel PDAF, OIS
13 MP, f/2.2, 120˚ (ultrawide), 1/3.1"", 1.12µm";Dual-LED flash, Pixel Shift, Ultra HDR, panorama, Best Take;N/A;N/A;4K@30/60fps, 1080p@30/60/120/240fps, gyro-EIS, OIS;UFS 3.1;No;128GB 8GB RAM, 256GB 8GB RAM;Obsidian, Porcelain, Iris, Peony;GXQ96, GTF7P, G3Y12;$ 413.00 / € 419.89 / £ 499.00 / ₹ 42,908;N/A;0.99 W/kg (head)     1.39 W/kg (body);1, 2, 3, 5, 7, 8, 12, 14, 20, 25, 26, 28, 29, 30, 38, 41, 48, 66, 70, 71, 77, 78 SA/NSA/Sub6 - USA;GSM 850 / 900 / 1800 / 1900;HSDPA 800 / 850 / 900 / 1700(AWS) / 1900 / 2100;1, 2, 3, 4, 5, 7, 8, 12, 14, 17, 18, 19, 20, 21, 26, 28, 32, 38, 39, 40, 41, 42, 66, 75 - International;1, 2, 3, 5, 7, 8, 12, 20, 26, 28, 38, 40, 41, 66, 75, 77, 78, 79 SA/NSA/Sub6 - International;N/A;N/A;HSPA, LTE (CA), 5G;GSM / HSPA / LTE / 5G;N/A;Active use score 12:42h;N/A;N/A;N/A;-27.2 LUFS (Good);N/A;Octa-core (1x3.1 GHz Cortex-X4 & 3x2.6 GHz Cortex-A720 & 4x1.9 GHz Cortex-A520);Google Tensor G4 (4 nm);Mali-G715 MP7;Android 15, upgradable to Android 16, up to 7 major Android upgrades;N/A;N/A;HDR, panorama;"13 MP, f/2.2, 20mm (ultrawide), 1/3.1"", 1.12µm";4K@30fps, 1080p@30fps;No;Yes, with stereo speakers
31;Google;Google Pixel 7;https://www.gsmarena.com/google_pixel_7-11903.php;N/A;N/A;"20W wired, PD3.0, 50% in 30 min
20W wireless
Reverse wireless";N/A;N/A;N/A;Li-Ion 4355 mAh;IP68 dust tight and water resistant (immersible up to 1.5m for 30 min);Glass front (Gorilla Glass Victus), glass back (Gorilla Glass Victus), aluminum frame;155.6 x 73.2 x 8.7 mm (6.13 x 2.88 x 0.34 in);Nano-SIM + eSIM;197 g (6.95 oz);5.2, A2DP, LE, aptX HD;Yes;GPS (L1+L5), GLONASS (G1), BDS (B1I+B1c+B2a), GALILEO (E1+E5a), QZSS (L1+L5);No;USB Type-C 3.2;Wi-Fi 802.11 a/b/g/n/ac/6e, tri-band, Wi-Fi Direct;Corning Gorilla Glass Victus;1080 x 2400 pixels, 20:9 ratio (~416 ppi density);6.3 inches, 96.7 cm2 (~84.9% screen-to-body ratio);AMOLED, 90Hz, HDR10+, 1000 nits (HBM), 1400 nits (peak);N/A;N/A;N/A;N/A;Circle to Search;N/A;Fingerprint (under display, optical), accelerometer, gyro, proximity, compass, barometer;2022, October 06;Available. Released 2022, October 13;"50 MP, f/1.9, 25mm (wide), 1/1.31"", 1.2µm, dual pixel PDAF, OIS
12 MP, f/2.2, 114˚ (ultrawide), 1/2.9"", 1.25µm";Laser AF, Dual-LED flash, Pixel Shift, Auto-HDR, panorama;N/A;N/A;"4K@30/60fps, 1080p@30/60/120/240fps; gyro-EIS, OIS, 10-bit HDR";UFS 3.1;No;128GB 8GB RAM, 256GB 8GB RAM;Obsidian, Lemongrass, Snow;GVU6C, GQML3, GO3Z5;$ 159.91 / € 205.00 / £ 194.00 / ₹ 28,999;N/A;N/A;1, 2, 3, 5, 7, 8, 12, 14, 20, 25, 28, 30, 38, 40, 41, 48, 66, 71, 75, 76, 77, 78 SA/NSA/Sub6 - GVU6C;GSM 850 / 900 / 1800 / 1900;HSDPA 800 / 850 / 900 / 1700(AWS) / 1900 / 2100;1, 2, 3, 4, 5, 7, 8, 12, 13, 14, 17, 18, 19, 20, 25, 26, 28, 29, 30, 38, 40, 41, 42, 46, 48, 66, 71 - GQML3;1, 2, 3, 4, 5, 7, 8, 12, 13, 14, 17, 18, 19, 20, 25, 26, 28, 29, 30, 38, 40, 41, 46, 48, 66, 71, 260, 261 SA/NSA/Sub6/mmWave - GQML3;N/A;N/A;HSPA, LTE (CA), 5G;GSM / CDMA / HSPA / EVDO / LTE / 5G;N/A;N/A;Endurance rating 96h;Photo / Video;974 nits max brightness (measured);-26.2 LUFS (Good);"AnTuTu: 813114 (v9)
GeekBench: 3288 (v5.1)
GFXBench: 59fps (ES 3.1 onscreen)";Octa-core (2x2.85 GHz Cortex-X1 & 2x2.35 GHz Cortex-A78 & 4x1.80 GHz Cortex-A55);Google Tensor G2 (5 nm);Mali-G710 MP7;Android 13, upgradable to Android 15, up to 5 major Android upgrades;N/A;N/A;HDR, panorama;"10.8 MP, f/2.2, 21mm (ultrawide), 1/3.1"", 1.22µm";4K@30/60fps, 1080p@30/60fps;No;Yes, with stereo speakers
32;Google;Google Pixel 8 Pro;https://www.gsmarena.com/google_pixel_8_pro-12545.php;N/A;N/A;"30W wired, PD3.0, PPS, 50% in 30 min
23W wireless
Reverse wireless
Bypass charging";N/A;N/A;N/A;Li-Ion 5050 mAh;IP68 dust tight and water resistant (immersible up to 1.5m for 30 min);Glass front (Gorilla Glass Victus 2), glass back (Gorilla Glass Victus 2), aluminum frame;162.6 x 76.5 x 8.8 mm (6.40 x 3.01 x 0.35 in);Nano-SIM + eSIM;213 g (7.51 oz);5.3, A2DP, LE, aptX HD;Yes;GPS (L1+L5), GLONASS (G1), GALILEO (E1+E5a), QZSS (L1+L5);No;USB Type-C 3.2;Wi-Fi 802.11 a/b/g/n/ac/6e/7, tri-band, Wi-Fi Direct;Corning Gorilla Glass Victus 2;1344 x 2992 pixels, 20:9 ratio (~489 ppi density);6.7 inches, 108.7 cm2 (~87.4% screen-to-body ratio);LTPO OLED, 120Hz, HDR10+, 1600 nits (HBM), 2400 nits (peak);N/A;N/A;N/A;N/A;"Ultra Wideband (UWB) support
Circle to Search";N/A;Fingerprint (under display, optical), accelerometer, gyro, proximity, compass, barometer, thermometer (skin temperature);2023, October 04;Available. Released 2023, October 12;N/A;Multi-zone Laser AF, Dual-LED flash, Pixel Shift, Ultra-HDR, panorama, Best Take, Zoom Enhance;N/A;"50 MP, f/1.7, 25mm (wide), 1/1.31"", 1.2µm, dual pixel PDAF, OIS
48 MP, f/2.8, 113mm (periscope telephoto), 1/2.55"", 0.7µm, dual pixel PDAF, OIS, 5x optical zoom
48 MP, f/2.0, 126˚ (ultrawide), 1/2.0"", 0.8µm, dual pixel PDAF";"4K@30/60fps, 1080p@24/30/60/120/240fps; gyro-EIS, OIS, 10-bit HDR";UFS 3.1;No;128GB 12GB RAM, 256GB 12GB RAM, 512GB 12GB RAM, 1TB 12GB RAM;Obsidian, Porcelain, Bay, Mint;GC3VE, G1MNW;$ 329.99 / € 385.45 / £ 386.19 / ₹ 51,999;N/A;N/A;1, 2, 3, 5, 7, 8, 12, 20, 25, 28, 30, 38, 40, 41, 66, 71, 75, 76, 77, 78 SA/NSA/Sub6 - GC3VE;GSM 850 / 900 / 1800 / 1900;HSDPA 800 / 850 / 900 / 1700(AWS) / 1900 / 2100;1, 2, 3, 4, 5, 7, 8, 12, 13, 14, 17, 18, 19, 20, 25, 26, 28, 29, 30, 38, 39, 40, 41, 46, 48, 66, 71 - G1MNW;1, 2, 3, 5, 7, 8, 12, 20, 25, 26, 28, 29, 30, 38, 40, 41, 48, 66, 70, 71, 77, 78, 257, 258, 260, 261 SA/NSA/Sub6/mmWave - G1MNW;N/A;N/A;HSPA, LTE (CA), 5G;GSM / HSPA / LTE / 5G;N/A;Active use score 11:14h;Endurance rating 90h;Photo / Video;1600 nits max brightness (measured);-26.6 LUFS (Good);"AnTuTu: 924853 (v9), 1151243 (v10)
GeekBench: 3613 (v5), 4462 (v6)
GFXBench: 49fps (ES 3.1 onscreen)";Nona-core (1x3.0 GHz Cortex-X3 & 4x2.45 GHz Cortex-A715 & 4x2.15 GHz Cortex-A510);Google Tensor G3 (4 nm);Immortalis-G715s MC10;Android 14, upgradable to Android 16, up to 7 major Android upgrades;N/A;N/A;HDR, panorama;"10.5 MP, f/2.2, 20mm (ultrawide), 1/3.1"", 1.22µm, PDAF";4K@24/30/60fps, 1080p@30/60fps;No;Yes, with stereo speakers
33;Google;Google Pixel 5a 5G;https://www.gsmarena.com/google_pixel_5a_5g-11059.php;N/A;N/A;18W wired, PD2.0;N/A;N/A;N/A;Li-Po 4680 mAh;IP67 dust/water resistant (up to 1m for 30 min);Glass front (Gorilla Glass 3), aluminum frame, aluminum back;156.2 x 73.2 x 8.8 mm (6.15 x 2.88 x 0.35 in);Nano-SIM + eSIM;183 g (6.46 oz);5.0, A2DP, LE, aptX HD;Yes;GPS, GLONASS, GALILEO, QZSS, BDS;No;USB Type-C 3.1;Wi-Fi 802.11 a/b/g/n/ac, dual-band, Wi-Fi Direct;Corning Gorilla Glass 3;1080 x 2400 pixels, 20:9 ratio (~415 ppi density);6.34 inches, 97.0 cm2 (~84.9% screen-to-body ratio);OLED, HDR;N/A;N/A;N/A;N/A;N/A;N/A;Fingerprint (rear-mounted), accelerometer, gyro, proximity, compass, barometer;2021, August 17;Available. Released 2021, August 26;"12.2 MP, f/1.7, 27mm, (wide), 1/2.55"", 1.4µm, dual pixel PDAF, OIS
16 MP, f/2.2, 119˚ (ultrawide), 1.0µm";LED flash, Pixel Shift, Auto-HDR, panorama;N/A;N/A;"4K@30/60fps, 1080p@30/60/120/240fps; gyro-EIS";N/A;No;128GB 6GB RAM;Mostly Black;G1F8F, G4S1M;$ 289.82;N/A;N/A;CDMA2000 1xEV-DO;GSM 850 / 900 / 1800 / 1900;HSDPA 850 / 900 / 1700(AWS) / 1900 / 2100;1, 2, 3, 4, 5, 7, 8, 12, 13, 14, 17, 18, 19, 20, 25, 26, 28, 29, 30, 32, 38, 39, 40, 41, 42, 46, 48, 66, 71;1, 2, 5, 12, 25, 28, 41, 66, 71, 77, 78 SA/NSA/Sub6;N/A;N/A;HSPA, LTE (CA), 5G;GSM / HSPA / EVDO / LTE / 5G;N/A;N/A;Endurance rating 122h;N/A;861 nits max brightness (measured);N/A;"AnTuTu: 291303 (v8)
GeekBench: 1337 (v5.1)
GFXBench: 19fps (ES 3.1 onscreen)";Octa-core (1x2.4 GHz Kryo 475 Prime & 1x2.2 GHz Kryo 475 Gold & 6x1.8 GHz Kryo 475 Silver);Qualcomm SM7250 Snapdragon 765G 5G (7 nm);Adreno 620;Android 11, upgradable to Android 14;N/A;N/A;HDR;8 MP, f/2.0, 24mm (wide), 1.12µm;1080p@30fps;Yes;Yes, with stereo speakers
34;Google;Google Pixel 3 XL;https://www.gsmarena.com/google_pixel_3_xl-9257.php;N/A;N/A;"18W wired, PD2.0
Wireless";N/A;N/A;N/A;Li-Po 3430 mAh, non-removable;IP68 dust tight and water resistant (immersible up to 1.5m for 30 min);Glass front (Gorilla Glass 5), glass back (Gorilla Glass 5), aluminum frame;158 x 76.7 x 7.9 mm (6.22 x 3.02 x 0.31 in);Nano-SIM + eSIM;184 g (6.49 oz);5.0, A2DP, LE, aptX HD;Yes;GPS, GLONASS, BDS, GALILEO;No;USB Type-C 3.1;Wi-Fi 802.11 a/b/g/n/ac, dual-band, Wi-Fi Direct, DLNA;Corning Gorilla Glass 5;1440 x 2960 pixels, 18.5:9 ratio (~523 ppi density);6.3 inches, 100.3 cm2 (~82.8% screen-to-body ratio);P-OLED, HDR;N/A;N/A;N/A;N/A;N/A;N/A;Fingerprint (rear-mounted), accelerometer, gyro, proximity, compass, barometer;2018, October 09. Released 2018, October 18;Discontinued;N/A;Dual-LED flash, Pixel Shift, Auto-HDR, panorama;"12.2 MP, f/1.8, 28mm (wide), 1/2.55"", 1.4µm, dual pixel PDAF, OIS";N/A;4K@30fps, 1080p@30/60/120fps, 1080p@30fps (gyro-EIS);UFS 2.1;No;64GB 4GB RAM, 128GB 4GB RAM;Clearly White, Just Black, Not Pink;G013C;About 260 EUR;N/A;N/A;CDMA2000 1xEV-DO;GSM 850 / 900 / 1800 / 1900;HSDPA 850 / 900 / 1700(AWS) / 1900 / 2100;1, 2, 3, 4, 5, 7, 8, 12, 13, 17, 18, 19, 20, 25, 26, 28, 29, 32, 38, 39, 40, 41, 42, 46, 66, 71;N/A;N/A;N/A;HSPA 42.2/5.76 Mbps, LTE (5CA) Cat16 1024/75 Mbps;GSM / CDMA / HSPA / EVDO / LTE;N/A;N/A;N/A;N/A;N/A;N/A;"AnTuTu: 258244 (v7), 341814 (v8)
GeekBench: 8088 (v4.4), 2092 (v5.1)
GFXBench: 12fps (ES 3.1 onscreen)";Octa-core (4x2.5 GHz Kryo 385 Gold & 4x1.6 GHz Kryo 385 Silver);Qualcomm SDM845 Snapdragon 845 (10 nm);Adreno 630;Android 9.0 (Pie), upgradable to Android 12;N/A;"8 MP, f/1.8, 28mm (wide), PDAF
8 MP, f/2.2, 19mm (ultrawide), no AF";HDR;N/A;1080p@30fps;No;Yes, with stereo speakers
35;Google;Google Pixel 9 Pro;https://www.gsmarena.com/google_pixel_9_pro-13218.php;N/A;N/A;"27W wired, PD3.0, PPS, 55% in 30 min
21W wireless (w/ Pixel Stand)
12W wireless (w/ Qi compatible charger)
Reverse wireless
Bypass charging";N/A;N/A;N/A;Li-Ion 4700 mAh;IP68 dust tight and water resistant (immersible up to 1.5m for 30 min);Glass front (Gorilla Glass Victus 2), glass back (Gorilla Glass Victus 2), aluminum frame;152.8 x 72 x 8.5 mm (6.02 x 2.83 x 0.33 in);Nano-SIM + eSIM;199 g (7.02 oz);5.3, A2DP, LE, aptX HD;Yes;GPS (L1+L5), GLONASS, GALILEO, BDS, QZSS, NavIC;No;USB Type-C 3.2;Wi-Fi 802.11 a/b/g/n/ac/6e/7, tri-band;Corning Gorilla Glass Victus 2, Mohs level 4;1280 x 2856 pixels, 20:9 ratio (~495 ppi density);6.3 inches, 96.3 cm2 (~87.6% screen-to-body ratio);LTPO OLED, 120Hz, HDR10+, 2000 nits (HBM), 3000 nits (peak);50:44h endurance, 1000 cycles;Class A;Class A (270 falls);Class C;"Ultra Wideband (UWB) support
Satellite SOS service
Circle to Search";N/A;Fingerprint (under display, ultrasonic), accelerometer, gyro, proximity, compass, barometer, thermometer (skin temperature);2024, August 13;Available. Released 2024, September 09;N/A;Multi-zone Laser AF, LED flash, Pixel Shift, Ultra-HDR, panorama, Best Take, Zoom Enhance;N/A;"50 MP, f/1.7, 25mm (wide), 1/1.31"", 1.2µm, dual pixel PDAF, OIS
48 MP, f/2.8, 113mm (periscope telephoto), 1/2.55"", dual pixel PDAF, OIS, 5x optical zoom
48 MP, f/1.7, 123˚ (ultrawide), 1/2.55"", dual pixel PDAF";"8K@30fps (via cloud-based upscaling), 4K@24/30/60fps, 1080p@24/30/60/120/240fps; gyro-EIS, OIS, 10-bit HDR";UFS 3.1;No;128GB 16GB RAM, 256GB 16GB RAM, 512GB 16GB RAM, 1TB 16GB RAM;Porcelain, Rose Quartz, Hazel, Obsidian;GR83Y, GEC77, GWVK6;$ 539.99 / € 699.99 / £ 789.99;N/A;0.99 W/kg (head)     1.37 W/kg (body);1, 2, 3, 5, 7, 8, 12, 14, 20, 25, 26, 28, 30, 38, 40, 41, 66, 71, 75, 76, 77, 78, 79 SA/NSA/Sub6 - GEC77;GSM 850 / 900 / 1800 / 1900;HSDPA 800 / 850 / 900 / 1700(AWS) / 1900 / 2100;1, 2, 3, 4, 5, 7, 8, 12, 13, 14, 17, 18, 19, 20, 25, 26, 28, 29, 30, 38, 40, 41, 48, 66, 71 - GR83Y;1, 2, 3, 5, 7, 8, 12, 14, 20, 25, 26, 28, 29, 30, 38, 40, 41, 48, 66, 70, 71, 77, 78, 258, 260, 261 SA/NSA/Sub6/mmWave - GR83Y;N/A;N/A;HSPA, LTE (CA), 5G;GSM / HSPA / LTE / 5G;N/A;Active use score 13:11h;N/A;N/A;2331 nits max brightness (measured);-24.3 LUFS (Very good);"AnTuTu: 838931 (v9), 1088917 
(v10)
GeekBench: 3850 (v5), 4728 (v6)
3DMark: 2574 (Wild Life Extreme)";Octa-core (1x3.1 GHz Cortex-X4 & 3x2.6 GHz Cortex-A720 & 4x1.92 GHz Cortex-A520);Google Tensor G4 (4 nm);Mali-G715 MC7;Android 14, upgradable to Android 16, up to 7 major Android upgrades;N/A;N/A;HDR, panorama;42 MP, f/2.2, 17mm (ultrawide), PDAF;4K@30/60fps, 1080p@30/60fps;No;Yes, with stereo speakers
