No;Brand;Device Name;Product URL;Estimated_Price;Popularity_Fans;Battery_Charging;Battery_Musicplay;Battery_Standby;Battery_Talktime;Battery_Type;Body_;Body_Build;Body_Dimensions;Body_Keyboard;Body_SIM;Body_Weight;Camera_;Comms_Bluetooth;Comms_Infraredport;Comms_NFC;Comms_Positioning;Comms_Radio;Comms_USB;Comms_WLAN;Display_;Display_Protection;Display_Resolution;Display_Size;Display_Type;Features_;Features_Browser;Features_Games;Features_Java;Features_Messaging;Features_Sensors;Launch_Announced;Launch_Status;MainCamera_Dual;MainCamera_Features;MainCamera_Penta;MainCamera_Quad;MainCamera_Single;MainCamera_Triple;MainCamera_Video;Memory_;Memory_Callrecords;Memory_Cardslot;Memory_Internal;Memory_Phonebook;Misc_Colors;Misc_Models;Misc_Price;Misc_SAR;Misc_SAREU;Network_;Network_2Gbands;Network_3Gbands;Network_4Gbands;Network_5Gbands;Network_EDGE;Network_GPRS;Network_Speed;Network_Technology;OurTests_Audioquality;OurTests_Batteryold;OurTests_Camera;OurTests_Display;OurTests_Loudspeaker;OurTests_Performance;Platform_CPU;Platform_Chipset;Platform_GPU;Platform_OS;Selfiecamera_;Selfiecamera_Features;Selfiecamera_Single;Selfiecamera_Video;Sound_;Sound_35mmjack;Sound_Alerttypes;Sound_Loudspeaker
1;Nokia;Nokia G310;https://www.gsmarena.com/nokia_g310-12471.php;N/A;N/A;20W wired, PD, QC;N/A;N/A;N/A;Li-Po 5000 mAh;"Dust and splash resistant
QuickFix user-reparable design";N/A;165.1 x 75.7 x 8.6 mm (6.5 x 2.98 x 0.34 in);N/A;Nano-SIM;195.1 g (6.88 oz);N/A;5.1, A2DP, LE;N/A;No;GPS (L1+L5);No;USB Type-C 2.0, OTG;Wi-Fi 802.11 b/g/n/ac;N/A;Corning Gorilla Glass 3;720 x 1612 pixels, 20:9 ratio (~269 ppi density);6.56 inches, 103.4 cm2 (~82.7% screen-to-body ratio);IPS LCD, 90Hz;N/A;N/A;N/A;N/A;N/A;Fingerprint (side-mounted), accelerometer, proximity;2023, August 16;Available. Released 2023, August 24;N/A;LED flash, HDR, panorama;N/A;N/A;N/A;"50 MP, (wide), AF
2 MP, f/2.4, (macro)
2 MP, f/2.4, (depth)";1080p@30/60fps;N/A;N/A;microSDXC (dedicated slot);128GB 4GB RAM;N/A;Blue;N/A;About 170 EUR;N/A;N/A;N/A;GSM 850 / 900 / 1800 / 1900;HSDPA 850 / 1700(AWS) / 1900 / 2100;LTE;SA/NSA;N/A;N/A;HSPA, LTE, 5G;GSM / HSPA / LTE / 5G;N/A;N/A;N/A;N/A;N/A;N/A;Octa-core (2x2.2 GHz Kryo 460 & 6x1.8 GHz Kryo 460);Qualcomm SM4350-AC Snapdragon 480+ 5G (8 nm);Adreno 619;Android 13;N/A;N/A;8 MP, (wide);1080p@30fps;N/A;Yes;N/A;Yes
2;Nokia;Nokia 105 (2019);https://www.gsmarena.com/nokia_105_(2019)-9773.php;N/A;N/A;N/A;N/A;Up to 619 h;Up to 14 h 24 min;Li-Ion 800 mAh, removable;Flashlight;N/A;119 x 49.2 x 14.4 mm (4.69 x 1.94 x 0.57 in);N/A;Dual SIM (Mini-SIM, dual stand-by);73 g (2.57 oz);No;No;N/A;No;No;FM radio;microUSB 1.1 (charging only);No;N/A;N/A;120 x 160 pixels, 4:3 ratio (~113 ppi density);1.77 inches, 9.7 cm2 (~16.6% screen-to-body ratio);TFT LCD, 65K colors;N/A;N/A;Yes;No;SMS;;2019, July. Released 2019, September;Discontinued;N/A;N/A;N/A;N/A;N/A;N/A;N/A;N/A;Yes;No;4MB 4MB RAM;Yes;Black, Blue, Pink;TA-1203, TA-1174, TA-1010, TA-1034;About 10 EUR;N/A;1.50 W/kg (head)     1.38 W/kg (body);N/A;GSM 900 / 1800;N/A;N/A;N/A;No;No;N/A;GSM;N/A;N/A;N/A;N/A;N/A;N/A;N/A;N/A;N/A;N/A;N/A;N/A;N/A;N/A;N/A;Yes;N/A;Yes
3;Nokia;Nokia 130 (2023);https://www.gsmarena.com/nokia_130_(2023)-12464.php;N/A;N/A;N/A;N/A;N/A;N/A;Li-Ion 1450 mAh, removable;Flashlight;N/A;130.9 x 50.6 x 14 mm (5.15 x 1.99 x 0.55 in);N/A;Dual SIM (Mini-SIM, dual stand-by);98.2 g (3.46 oz);No;No;N/A;No;No;"FM radio; built-in antenna";microUSB 1.1;No;N/A;N/A;240 x 320 pixels, 4:3 ratio (~167 ppi density);2.4 inches, 17.8 cm2 (~26.9% screen-to-body ratio);TFT LCD, 65K colors;MP3 player;N/A;Yes;No;SMS;No;2023, August 10;Available. Released 2023, August 10;N/A;N/A;N/A;N/A;N/A;N/A;N/A;N/A;Yes;microSDHC;4MB;2000 entries;Dark Blue, Purple, Light Gold;N/A;About 20 EUR;N/A;N/A;N/A;GSM 900 / 1800;N/A;N/A;N/A;No;No;N/A;GSM;N/A;N/A;N/A;N/A;N/A;N/A;N/A;N/A;N/A;N/A;N/A;N/A;N/A;N/A;N/A;Yes;N/A;Yes
4;Nokia;Nokia N95;https://www.gsmarena.com/nokia_n95-1716.php;N/A;N/A;N/A;N/A;Up to 220 h (2G) / 192 h (3G);Up to 6 h 30 min (2G) / 2 h 42 min (3G);Removable Li-Ion 950 mAh battery (BL-5F);Dual slide design;N/A;99 x 53 x 21 mm, 90 cc (3.90 x 2.09 x 0.83 in);N/A;Mini-SIM;120 g (4.23 oz);N/A;2.0, A2DP;Yes;N/A;"GPS, A-GPS; Nokia Maps";Stereo FM radio;miniUSB 2.0;Wi-Fi 802.11 b/g, UPnP technology;N/A;N/A;240 x 320 pixels, 4:3 ratio (~154 ppi density);2.6 inches, 40 x 53 mm, 20.9 cm2 (~39.9% screen-to-body ratio);TFT, 16M colors;"WMV/RV/MP4/3GP player
MP3/WMA/WAV/RA/AAC/M4A player
TV-out
Organizer
Document viewer (Word, Excel, PowerPoint, PDF)
Predictive text input
Push to talk 
Voice dial/memo";WAP 2.0/xHTML, HTML;N/A;N/A;N/A;;2006, September. Released 2007, March;Discontinued;N/A;Carl Zeiss optics, LED flash;N/A;N/A;5 MP, AF;N/A;480p@30fps;N/A;N/A;microSDHC (dedicated slot), 128 MB included;160MB 64MB RAM;N/A;Silver,  Plum, Black, Pink, Red;N/A;About 210 EUR;0.79 W/kg (head)     0.76 W/kg (body);0.50 W/kg (head);HSDPA 850 / 1900 - American version;GSM 850 / 900 / 1800 / 1900;HSDPA 2100;N/A;N/A;N/A;N/A;HSPA;GSM / HSPA;N/A;N/A;N/A;N/A;N/A;N/A;332 MHz Dual ARM 11;N/A;3D Graphics HW Accelerator;Symbian OS 9.2, S60 rel. 3.1;N/A;N/A;QVGA videocall camera;;N/A;Yes;"Vibration; Downloadable polyphonic, monophonic MP3 ringtones";Yes, with stereo speakers
5;Nokia;Nokia 230 (2024);https://www.gsmarena.com/nokia_230_(2024)-12928.php;N/A;N/A;N/A;N/A;N/A;N/A;Li-Ion 1450 mAh, removable;Flashlight;Aluminum back cover;124.6 x 53.4 x 10.9 mm (4.91 x 2.10 x 0.43 in);N/A;Nano-SIM + Nano-SIM;-;N/A;5.0, A2DP, LE;N/A;No;No;Wireless FM radio;USB Type-C;No;N/A;N/A;240 x 320 pixels, 4:3 ratio (~143 ppi density);2.8 inches, 24.3 cm2 (~36.5% screen-to-body ratio);TFT LCD;MP3 player;N/A;Yes;No;SMS;No;2024, April 11;Available. Released 2024, April 26;N/A;LED flash;N/A;N/A;2 MP;N/A;Yes;N/A;Yes;microSDHC;16MB 8MB RAM;Yes;Black, White;N/A;About 70 EUR;N/A;N/A;N/A;GSM 900 / 1800;N/A;N/A;N/A;No;Yes;N/A;GSM;N/A;N/A;N/A;N/A;N/A;N/A;N/A;Unisoc 6531F;N/A;N/A;N/A;LED flash;2 MP;Yes;N/A;Yes;N/A;Yes
6;Nokia;Nokia X30;https://www.gsmarena.com/nokia_x30-11831.php;N/A;N/A;33W wired, PD3.0;N/A;N/A;N/A;Li-Po 4200 mAh;IP67 dust/water resistant (up to 1m for 30 min);Glass front (Gorilla Glass Victus), aluminum frame, plastic back;158.9 x 73.9 x 8 mm (6.26 x 2.91 x 0.31 in);N/A;Nano-SIM + eSIMNano-SIM + Nano-SIM;185 g (6.53 oz);N/A;5.1, A2DP, LE, aptX HD;N/A;Yes;GPS, GLONASS, GALILEO, BDS;FM radio, RDS;USB Type-C 2.0, OTG;Wi-Fi 802.11 a/b/g/n/ac/6, dual-band, Wi-Fi Direct;N/A;Corning Gorilla Glass Victus;1080 x 2400 pixels, 20:9 ratio (~409 ppi density);6.43 inches, 99.8 cm2 (~85.0% screen-to-body ratio);AMOLED, 90Hz, 450 nits (typ), 700 nits (peak);N/A;N/A;N/A;N/A;N/A;Fingerprint (under display, optical), accelerometer, gyro, proximity, compass;2022, September 01;Available. Released 2022, September 21;"50 MP, f/1.9, (wide), 1/1.56"", 1.0µm, PDAF, OIS
13 MP, f/2.4, 123˚ (ultrawide), 1/3.06""";LED flash, HDR, panorama;N/A;N/A;N/A;N/A;1080p@30/60fps;"UFS 2.2 - 128GB
UFS 3.0 - 256GB";N/A;No;128GB 6GB RAM, 128GB 8GB RAM, 256GB 8GB RAM;N/A;Cloudy Blue, Ice White;TA-1450, TA-1443;$ 399.00 / £ 189.98;N/A;0.79 W/kg (head)     1.37 W/kg (body);N/A;GSM 850 / 900 / 1800 / 1900;HSDPA 850 / 900 / 1700(AWS) / 1900 / 2100;1, 2, 3, 4, 5, 7, 8, 12, 17, 20, 28, 32, 38, 39, 40, 41;1, 3, 5, 7, 8, 28, 38, 40, 41, 77, 78 SA/NSA/Sub6;N/A;N/A;HSPA, LTE (CA), 5G;GSM / HSPA / LTE / 5G;N/A;Endurance rating 94h;Photo / Video;746 nits max brightness (measured);-27.5 LUFS (Good);"AnTuTu: 403732 (v9)
GeekBench: 1920 (v5.1)
GFXBench: 17fps (ES 3.1 onscreen)";Octa-core (2x2.2 GHz Kryo 660 Gold & 6x1.7 GHz Kryo 660 Silver);Qualcomm SM6375 Snapdragon 695 5G (6 nm);Adreno 619;Android 12, upgradable to Android 13;N/A;N/A;"16 MP, f/2.4, (wide), 1/3.06"", 1.0µm";1080p@30fps;N/A;No;N/A;Yes
7;Nokia;Nokia Lumia 1520;https://www.gsmarena.com/nokia_lumia_1520-5760.php;N/A;N/A;Wireless (Qi);Up to 124 h;Up to 768 h (2G) / Up to 768 h (3G);Up to 27 h 40 min (2G) / Up to 25 h (3G);Li-Ion 3400 mAh, non-removable (BV-4BW);N/A;N/A;162.8 x 85.4 x 8.7 mm, 120.3 cc (6.41 x 3.36 x 0.34 in);N/A;Nano-SIM;209 g (7.37 oz);N/A;4.0, A2DP, EDR, LE/ aptX after WP8 Denim update;N/A;Yes;GPS, GLONASS;FM radio;microUSB 2.0;Wi-Fi 802.11 a/b/g/n/ac, dual-band, hotspot;ClearBlack display;Corning Gorilla Glass 2;1080 x 1920 pixels, 16:9 ratio (~367 ppi density);6.0 inches, 99.2 cm2 (~71.4% screen-to-body ratio);IPS LCD;N/A;N/A;N/A;N/A;N/A;Accelerometer, gyro, proximity, compass, sensor core;2013, October. Released 2013, November;Discontinued;N/A;Zeiss optics, dual-LED flash, panorama;N/A;N/A;"20 MP, f/2.4, 26mm (wide), 1/2.5"", 1.12µm, AF, OIS";N/A;4K@30fps (after WP8 Denim update), 1080p@30fps, stereo sound rec.;eMMC 4.5;N/A;microSDXC (dedicated slot);16GB 2GB RAM, 32GB 2GB RAM;N/A;Yellow, white, black, red, green (AT&T);N/A;About 350 EUR;N/A;0.64 W/kg (head)     0.20 W/kg (body);2, 4, 5, 7, 17 - RM-938, RM-940;GSM 850 / 900 / 1800 / 1900 - all versions;HSDPA 850 / 900 / 1900 / 2100 - RM-937, RM-939, RM-940;1, 3, 7, 8, 20 - RM-937;N/A;N/A;N/A;HSPA 42.2/5.76 Mbps, LTE Cat4 150/50 Mbps;GSM / HSPA / LTE;Noise -89.3dB / Crosstalk -89.4dB;Endurance rating 107h;Photo / Video;Contrast ratio: 1207:1 (nominal) / 1.813:1 (sunlight);Voice 73dB / Noise 66dB / Ring 74dB;N/A;Quad-core 2.2 GHz Krait 400;Qualcomm MSM8974 Snapdragon 800 (28 nm);Adreno 330;Microsoft Windows Phone 8, upgradable to Windows 10;N/A;N/A;1.2 MP, f/2.4;720p@30fps;N/A;Yes;N/A;Yes
8;Nokia;Nokia 110 4G (2024);https://www.gsmarena.com/nokia_110_4g_(2024)-13471.php;N/A;N/A;N/A;N/A;N/A;N/A;Li-Ion 1000 mAh, removable;Flashlight;N/A;-;N/A;Nano-SIM + Nano-SIM;-;N/A;Yes;N/A;No;No;Wireless FM radio;USB Type-C;No;N/A;N/A;240 x 320 pixels, 4:3 ratio (~200 ppi density);2.0 inches, 12.4 cm2;TFT LCD, 65K colors;MP3 player;N/A;Yes;No;SMS;;2024, October 28;Available. Released 2024, November;N/A;N/A;N/A;N/A;Yes;N/A;Yes;N/A;Yes;microSDHC;64MB 128MB RAM;Yes;Blue, Titanium;N/A;N/A;N/A;N/A;1, 3, 5, 8, 28, 38, 39, 40, 41 - CN, IN;GSM 900 / 1800;HSDPA 850 / 900 / 2100 - International;1, 3, 5, 7, 8, 20 - EU;N/A;N/A;N/A;HSPA, LTE;GSM / HSPA / LTE;N/A;N/A;N/A;N/A;N/A;N/A;N/A;N/A;N/A;N/A;No;N/A;N/A;N/A;N/A;Yes;N/A;Yes
9;Nokia;Nokia 1.4;https://www.gsmarena.com/nokia_1_4-10700.php;N/A;N/A;N/A;N/A;N/A;N/A;Li-Po 4000 mAh;N/A;Glass front, plastic back, plastic frame;166.4 x 76.7 x 8.7 mm (6.55 x 3.02 x 0.34 in);N/A;Nano-SIMNano-SIM + Nano-SIM;178 g (6.28 oz);N/A;4.2, A2DP, LE;N/A;No;GPS;FM radio;microUSB 2.0;Wi-Fi 802.11 b/g/n;N/A;N/A;720 x 1600 pixels, 20:9 ratio (~269 ppi density);6.52 inches, 102.6 cm2 (~80.4% screen-to-body ratio);IPS LCD;N/A;N/A;N/A;N/A;N/A;Fingerprint (rear-mounted), accelerometer, proximity;2021, February 03;Available. Released 2021, February 03;"8 MP, (wide), AF
2 MP, (macro)";LED flash, HDR;N/A;N/A;N/A;N/A;720p@30fps;eMMC 5.1;N/A;microSDXC;16GB 1GB RAM, 32GB 2GB RAM, 64GB 3GB RAM;N/A;Fjord, Charcoal, Dusk;TA-1322;About 90 EUR;N/A;N/A;1, 2, 3, 4, 5, 7, 12, 17, 28, 66 - LATAM, USA;GSM 850 / 900 / 1800 / 1900;HSDPA 850 / 900 / 2100 - International;1, 3, 5, 7, 8, 20, 28, 38, 40, 41 - International;N/A;N/A;N/A;HSPA 42.2/5.76 Mbps, LTE Cat4 150/50 Mbps;GSM / HSPA / LTE;N/A;N/A;N/A;N/A;N/A;N/A;Quad-core 1.3 GHz Cortex-A53;Qualcomm QM215 Snapdragon 215 (28 nm);Adreno 308;Android 10 (Go edition), planned upgrade to Android 11 (Go edition);N/A;N/A;5 MP;720p@30fps;N/A;Yes;N/A;Yes
10;Nokia;Nokia 105 4G 2nd Edition;https://www.gsmarena.com/nokia_105_4g_2nd_edition-13583.php;N/A;N/A;N/A;N/A;N/A;N/A;Li-Ion 1450 mAh, removable;"Flashlight
IP54 dust protected and water resistant (water splashes)";N/A;121.5 x 50 x 14.4 mm (4.78 x 1.97 x 0.57 in);N/A;Nano-SIMNano-SIM + Nano-SIM;93 g (3.28 oz);No;5.0, A2DP;N/A;No;No;Wireless FM radio;USB Type-C;No;N/A;N/A;120 x 160 pixels, 4:3 ratio (~111 ppi density);1.8 inches, 10.0 cm2 (~16.5% screen-to-body ratio);IPS LCD;MP3 player;N/A;Yes;No;SMS;;2024, December;Available. Released 2024, December;N/A;N/A;N/A;N/A;N/A;N/A;N/A;N/A;Yes;microSDHC;48MB 128MB RAM;Yes;Charcoal;N/A;About 50 EUR;N/A;N/A;HSDPA 850 / 900 / 2100;GSM 900 / 1800;HSDPA 850 / 900 / 1700(AWS) / 1900 / 2100;LTE;N/A;N/A;N/A;HSPA, LTE;GSM / HSPA / LTE;N/A;N/A;N/A;N/A;N/A;N/A;N/A;N/A;N/A;N/A;N/A;N/A;N/A;N/A;N/A;Yes;N/A;Yes
11;Nokia;Nokia 8.1 (Nokia X7);https://www.gsmarena.com/nokia_8_1_(nokia_x7)-9342.php;N/A;N/A;18W wired;N/A;N/A;N/A;Li-Ion 3500 mAh, non-removable;N/A;Glass front, glass back, plastic frame;154.8 x 75.8 x 8 mm (6.09 x 2.98 x 0.31 in);N/A;Nano-SIM + Nano-SIM;180 g (6.35 oz);N/A;5.0, A2DP, LE;N/A;Yes;GPS, GLONASS, BDS;FM radio;USB Type-C 2.0, OTG;Wi-Fi 802.11 a/b/g/n/ac, dual-band, Wi-Fi Direct;N/A;NEG;1080 x 2280 pixels, 19:9 ratio (~408 ppi density);6.18 inches, 95.3 cm2 (~81.2% screen-to-body ratio);IPS LCD, HDR10;N/A;N/A;N/A;N/A;N/A;Fingerprint (rear-mounted), accelerometer, gyro, proximity, compass;2018, October 16. Released 2018, December 05;Discontinued;"12 MP, f/1.8, 1/2.55"", 1.4µm, dual pixel PDAF, OIS
13 MP";Zeiss optics, dual-LED dual-tone flash, panorama, HDR;N/A;N/A;N/A;N/A;4K@30fps, 1080p@30fps (gyro-EIS);eMMC 5.1;N/A;microSDXC (uses shared SIM slot);64GB 4GB RAM, 64GB 6GB RAM, 128GB 6GB RAM;N/A;Blue, Silver, Steel, Copper, Iron, Steel;TA-1099, TA-1113, TA-1115, TA-1131, TA-1119, TA-1121, TA-1128;About 390 EUR;N/A;0.51 W/kg (head)     1.49 W/kg (body);1, 3, 5, 8, 34, 38, 39, 40, 41 - TA-1131 (China);GSM 850 / 900 / 1800 / 1900;HSDPA 850 / 900 / 1900 / 2100 - TA-1119 (Global), TA-1131 (China);1, 3, 5, 6, 8, 20, 28, 38, 40, 41 - TA-1119 (Global);N/A;N/A;N/A;HSPA 42.2/5.76 Mbps, LTE (2CA) Cat6 300/50 Mbps;GSM / CDMA / HSPA / LTE;N/A;N/A;N/A;N/A;N/A;N/A;Octa-core (2x2.2 GHz 360 Gold & 6x1.7 GHz Kryo 360 Silver);Qualcomm SDM710 Snapdragon 710 (10 nm);Adreno 616;Android 9.0 (Pie), upgradable to Android 11, Android One;N/A;N/A;"20 MP, f/2.0, (wide), 1/3"", 0.9µm";1080p@30fps;N/A;Yes;N/A;Yes
12;Nokia;Nokia 6.1 Plus (Nokia X6);https://www.gsmarena.com/nokia_6_1_plus_(nokia_x6)-9178.php;N/A;N/A;18W wired, QC3;N/A;N/A;N/A;Li-Ion 3060 mAh, non-removable;N/A;Glass front (Gorilla Glass 3), glass back (Gorilla Glass 3), aluminum frame;147.2 x 71 x 8 mm (5.80 x 2.80 x 0.31 in);N/A;Nano-SIM + Nano-SIM;151 g (5.33 oz);N/A;5.0, A2DP, LE;N/A;No;GPS, GLONASS, BDS;FM radio;USB Type-C 2.0, OTG;Wi-Fi 802.11 a/b/g/n/ac, dual-band, Wi-Fi Direct;N/A;Corning Gorilla Glass 3;1080 x 2280 pixels, 19:9 ratio (~432 ppi density);5.8 inches, 85.1 cm2 (~81.5% screen-to-body ratio);IPS LCD;N/A;N/A;N/A;N/A;N/A;Fingerprint (rear-mounted), accelerometer, gyro, proximity, compass;2018, July 23. Released 2018, August 21;Discontinued;"16 MP, f/2.0, 1.0µm, PDAF
5 MP, f/2.4, (depth)";Dual-LED dual-tone flash, panorama, HDR;N/A;N/A;N/A;N/A;4K@30fps, 1080p@30fps (gyro-EIS);eMMC 5.1;N/A;microSDXC (uses shared SIM slot);32GB 4GB RAM, 64GB 4GB RAM, 64GB 6GB RAM;N/A;Black, Blue, White;TA-1099, TA-1103, TA-1083, TA-1099;About 160 EUR;N/A;0.94 W/kg (head)     1.82 W/kg (body);N/A;GSM 850 / 900 / 1800 / 1900;HSDPA 850 / 900 / 2100;1, 3, 5, 8, 40, 41;N/A;N/A;N/A;HSPA 42.2/5.76 Mbps, LTE Cat4 150/50 Mbps;GSM / HSPA / LTE;N/A;N/A;N/A;N/A;N/A;"AnTuTu: 115571 (v7)
GeekBench: 4929 (v4.4)
GFXBench: 5.9fps (ES 3.1 onscreen)";Octa-core (4x1.8 GHz Kryo 260 Gold & 4x1.6 GHz Kryo 260 Silver);Qualcomm SDM636 Snapdragon 636 (14 nm);Adreno 509;Android 8.1 (Oreo), upgradable to Android 10, Android One;N/A;N/A;"16 MP, f/2.0, 1/3.06"", 1.0µm";1080p@30fps;N/A;Yes;N/A;Yes
13;Nokia;Nokia G42;https://www.gsmarena.com/nokia_g42-12381.php;N/A;N/A;20W wired, PD3.0, QC3;N/A;N/A;N/A;Li-Po 5000 mAh;"Dust and splash resistant
QuickFix user-reparable design";Glass front, plastic back, plastic frame;165 x 75.8 x 8.6 mm (6.50 x 2.98 x 0.34 in);N/A;Nano-SIMNano-SIM + Nano-SIM;193.8 g (6.84 oz);N/A;5.1, A2DP, LE;N/A;Yes (market/region dependent);GPS, GLONASS, GALILEO, BDS;FM radio;USB Type-C 2.0, OTG;Wi-Fi 802.11 a/b/g/n/ac/6, dual-band;N/A;Corning Gorilla Glass 3;720 x 1612 pixels, 20:9 ratio (~269 ppi density);6.56 inches, 103.4 cm2 (~82.7% screen-to-body ratio);IPS LCD, 90Hz, 450 nits (typ), 560 nits (peak);N/A;N/A;N/A;N/A;N/A;Fingerprint (side-mounted), accelerometer, proximity, compass;2023, June 28;Available. Released 2023, June 28;N/A;LED flash, HDR, panorama;N/A;N/A;N/A;"50 MP, f/1.8, (wide), AF
2 MP, (macro)
2 MP, (depth)";1080p@30fps;N/A;N/A;microSDXC;128GB 4GB RAM, 128GB 6GB RAM, 256GB 8GB RAM;N/A;Gray, Purple, Red;N/A;$ 392.30 / € 259.99 / £ 124.99;N/A;N/A;N/A;GSM 850 / 900 / 1800 / 1900;HSDPA 850 / 900 / 1700(AWS) / 1900 / 2100;1, 2, 3, 4, 5, 7, 8, 12, 17, 13, 20, 28, 38, 39, 40, 41, 66;1, 2, 3, 5, 7, 8, 28, 40, 41, 66, 77, 78 SA/NSA;N/A;N/A;HSPA, LTE, 5G;GSM / HSPA / LTE / 5G;N/A;N/A;N/A;N/A;N/A;N/A;Octa-core (2x2.2 GHz Kryo 460 & 6x1.8 GHz Kryo 460);Qualcomm SM4350-AC Snapdragon 480+ 5G (8 nm);Adreno 619;Android 13, upgradable to Android 14;N/A;N/A;8 MP;Yes;N/A;Yes;N/A;Yes
14;Nokia;Nokia 5310 XpressMusic;https://www.gsmarena.com/nokia_5310_xpressmusic-2087.php;N/A;N/A;N/A;N/A;Up to 300 h;Up to 5 h 20 min;Removable Li-Ion 860 mAh battery (BL-4CT);N/A;N/A;103.8 x 44.7 x 9.9 mm, 44.8 cc (4.09 x 1.76 x 0.39 in);N/A;Mini-SIM;71 g (2.50 oz);N/A;2.0, A2DP;N/A;N/A;No;Stereo FM radio, RDS;microUSB 2.0;No;Downloadable themes;N/A;240 x 320 pixels, 4:3 ratio (~190 ppi density);2.1 inches, 31.5 x 41.5 mm, 13.7 cm2 (~29.4% screen-to-body ratio);TFT, 16M colors;"MP3/MP4/AAC/eAAc/WMA player
Nokia sensor
Nokia mobile search
World Clock II
Converter II
Predictive text input
Stopwatch
Voice memo/commands";WAP 2.0/xHTML, HTML (Opera mini);Snake II, Music Guess, Towerbloxx;Yes, MIDP 2.1;SMS, MMS, Email, Instant Messaging;;2007, August. Released 2007, October;Discontinued;N/A;N/A;N/A;N/A;2 MP;N/A;QCIF;N/A;Yes;microSDHC (dedicated slot);30MB;2000 entries, Photocall;Red, Blue, Pink, Black;N/A;About 100 EUR;1.25 W/kg (head)     1.04 W/kg (body);0.98 W/kg (head);GSM 850 / 1800 / 1900 - US version;GSM 900 / 1800 / 1900;N/A;N/A;N/A;Class 32,  up to 177 kbits;Class 32;N/A;GSM;Noise -94.4dB / Crosstalk -73.8dB;N/A;N/A;N/A;Voice 64dB / Noise 62dB / Ring 75dB;N/A;N/A;N/A;N/A;N/A;No;N/A;N/A;N/A;Dedicated music keys;Yes;"Vibration; Downloadable polyphonic, MP3, MP4, WMA, AAC, video tones ringtones";Yes
15;Nokia;Nokia 3210;https://www.gsmarena.com/nokia_3210-12990.php;N/A;N/A;N/A;N/A;N/A;N/A;Li-Ion 1450 mAh, removable;N/A;Plastic frame, plastic back;122 x 52 x 13.1 mm (4.80 x 2.05 x 0.52 in);N/A;Nano-SIMNano-SIM + Nano-SIM;-;N/A;5.0, A2DP;N/A;No;No;Wireless FM radio;USB Type-C;No;N/A;N/A;240 x 320 pixels, 4:3 ratio (~167 ppi density);2.4 inches, 17.8 cm2 (~28.1% screen-to-body ratio);TFT;Cloud Apps portal;N/A;Yes;No;SMS, MMS, Email, IM;;2024, May 07;Available. Released 2024, May 07;N/A;LED flash;N/A;N/A;2 MP;N/A;;N/A;Yes;microSDHC;128MB 64MB RAM;Yes;Scuba Blue, Y2K Gold, Grunge Black;N/A;$ 62.50 / € 59.99 / £ 63.99 / ₹ 3,749;N/A;N/A;1, 3, 5, 8 - VN/MM/NP;GSM 850 / 900 / 1800 / 1900;HSDPA 850 / 900 / 2100;1, 3, 5, 7, 8, 20, 28, 38, 40, 41 - International;N/A;N/A;N/A;HSPA, LTE;GSM / HSPA / LTE;N/A;N/A;N/A;N/A;N/A;N/A;1.0 GHz Cortex-A7;Unisoc T107 (22 nm);N/A;N/A;No;N/A;N/A;N/A;N/A;Yes;N/A;Yes
16;Nokia;Nokia 2720 Flip;https://www.gsmarena.com/nokia_2720_flip-9836.php;N/A;N/A;N/A;N/A;Up to 700 h (3G);N/A;Li-Ion 1500 mAh, removable;N/A;N/A;192.7 x 54.5 x 11.6 mm (7.59 x 2.15 x 0.46 in);N/A;Nano-SIMNano-SIM + Nano-SIM;118 g (4.16 oz);N/A;4.2, A2DP, LE;N/A;No;GPS, GLONASS;FM radio;microUSB 2.0;Wi-Fi 802.11 b/g/n, hotspot;Second external TFT display, 240 x 240 pixels, 1.3 inches;N/A;240 x 320 pixels, 4:3 ratio (~143 ppi density);2.8 inches, 24.3 cm2 (~23.1% screen-to-body ratio);TFT LCD, 256K colors;"SNS applications
MP4/H.264 player
MP3/WAV/AAC player
Organizer
Voice memo
Predictive text input";N/A;N/A;N/A;N/A;;2019, September 05. Released 2019, September 05;Discontinued;N/A;LED flash;N/A;N/A;2 MP;N/A;Yes;eMMC 4.5;N/A;microSDHC (dedicated slot);4GB 512MB;N/A;Black, Gray, Red;TA-1175, TA-1173, TA-1170, TA-1168;About 140 EUR;0.87 W/kg (head)     1.10 W/kg (body);1.03 W/kg (head)     1.69 W/kg (body);1, 3, 5, 7, 8, 20, 28, 38, 39, 40, 41 - MENA, APAC, GCR;GSM 850 / 900 / 1800 / 1900;HSDPA 850 / 900 / 2100;1, 3, 5, 7, 8, 20 - EU;N/A;N/A;N/A;HSPA 42.2/5.76 Mbps, LTE Cat4 150/50 Mbps;GSM / HSPA / LTE;N/A;N/A;N/A;N/A;N/A;N/A;Dual-core (2x1.1 GHz Cortex-A7);Qualcomm MSM8905 Snapdragon 205 (28 nm);Adreno 304;KaiOS 2.5.2;No;N/A;N/A;N/A;N/A;Yes;N/A;Yes
17;Nokia;Nokia 235 4G (2024);https://www.gsmarena.com/nokia_235_4g_(2024)-12967.php;N/A;N/A;N/A;N/A;N/A;N/A;Li-Ion 1450 mAh, removable;N/A;N/A;127.3 x 54.2 x 11.6 mm (5.01 x 2.13 x 0.46 in);N/A;Nano-SIM + Nano-SIM;-;N/A;5.0, A2DP, LE;N/A;No;No;Wireless FM radio;USB Type-C;No;N/A;N/A;240 x 320 pixels, 4:3 ratio (~143 ppi density);2.8 inches, 24.3 cm2 (~35.2% screen-to-body ratio);TFT LCD;"MP3 player
Cloud Apps portal";N/A;Yes;No;SMS;No;2024, April 30;Available. Released 2024, May;N/A;LED flash;N/A;N/A;2 MP;N/A;Yes;N/A;Yes;microSDHC;128MB 64MB RAM;Yes;Black, Blue, Purple;N/A;N/A;N/A;N/A;1, 3, 5, 8 - VN, MM, NP;GSM 850 / 900 / 1800 / 1900;HSDPA 850 / 900 / 2100;1, 3, 5, 7, 8, 20, 28, 38, 40, 41 - EU, EMEA, APAC;N/A;N/A;N/A;HSPA, LTE;GSM / HSPA / LTE;N/A;N/A;N/A;N/A;N/A;N/A;1.0 GHz Cortex-A7;Unisoc T107 (22 nm);N/A;N/A;;N/A;N/A;N/A;N/A;Yes;N/A;Yes
18;Nokia;Nokia 2780 Flip;https://www.gsmarena.com/nokia_2780_flip-11973.php;N/A;N/A;N/A;N/A;N/A;N/A;Li-Ion 1450 mAh, removable;N/A;N/A;202.1 x 58 x 11.5 mm (7.96 x 2.28 x 0.45 in);N/A;Nano-SIM;131.2 g (4.62 oz);N/A;4.2, A2DP;N/A;No;GPS;FM radio;USB Type-C 2.0;Wi-Fi 802.11 b/g/n;"Secondary external 1.77"" display";N/A;240 x 320 pixels, 4:3 ratio (~148 ppi density);2.7 inches, 22.6 cm2 (~19.3% screen-to-body ratio);TFT LCD;N/A;N/A;N/A;N/A;N/A;;2022, November 03;Available. Released 2022, November 15;N/A;LED flash;N/A;N/A;5 MP;N/A;Unspecified;N/A;N/A;microSDHC (dedicated slot);4GB 512MB RAM;N/A;Red, Blue;N/A;$ 89.99;N/A;N/A;N/A;GSM 850 / 900 / 1800 / 1900;HSDPA 850 / 1700(AWS) / 1900;2, 4, 5, 7, 12, 13, 17, 25, 26, 41, 66, 71;N/A;N/A;N/A;HSPA, LTE Cat4 150/50 Mbps;GSM / HSPA / LTE;N/A;N/A;N/A;N/A;N/A;N/A;Quad-core 1.3 GHz Cortex-A53;Qualcomm QM215 Snapdragon 215 (28 nm);Adreno 308;KaiOS 3.1;No;N/A;N/A;N/A;N/A;Yes;N/A;Yes
19;Nokia;Nokia C31;https://www.gsmarena.com/nokia_c31-11825.php;N/A;N/A;10W wired;N/A;N/A;N/A;Li-Po 5050 mAh;Splash resistant;Glass front, plastic frame, plastic back;169.2 x 78 x 8.6 mm (6.66 x 3.07 x 0.34 in);N/A;Nano-SIM + Nano-SIM;200 g (7.05 oz);N/A;4.2, A2DP;N/A;No;GPS;Wireless FM radio;microUSB 2.0, OTG;Wi-Fi 802.11 b/g/n;N/A;N/A;720 x 1600 pixels, 20:9 ratio (~260 ppi density);6.75 inches, 110.0 cm2 (~83.4% screen-to-body ratio);IPS LCD;N/A;N/A;N/A;N/A;N/A;Fingerprint (rear-mounted), accelerometer, proximity;2022, September 01;Available. Released 2022, September 01;N/A;LED flash, HDR;N/A;N/A;N/A;"13 MP, (wide), AF
2 MP, (macro)
2 MP, (depth)";1080p@30fps;eMMC 5.1;N/A;microSDXC (dedicated slot);32GB 3GB RAM, 64GB 4GB RAM, 128GB 4GB RAM;N/A;Charcoal, Mint, Cyan;TA-1499, TA-1497, TA-1493;About 130 EUR;N/A;0.35 W/kg (head)     1.39 W/kg (body);1, 3, 5, 7, 8, 20, 28, 38, 40, 41 - South Africa, Egypt;GSM 850 / 900 / 1800 / 1900;HSDPA 850 / 900 / 2100 - International;1, 3, 5, 7, 8, 20, 28, 38, 40, 41 - International;N/A;N/A;N/A;HSPA 42.2/5.76 Mbps, LTE Cat4 150/50 Mbps;GSM / HSPA / LTE;N/A;N/A;N/A;N/A;N/A;N/A;Octa-core (4x1.6 GHz Cortex-A55 & 4x1.2 GHz Cortex-A55);Unisoc SC9863A (28 nm);IMG8322;Android 12;N/A;N/A;5 MP;Yes;N/A;Yes;N/A;Yes
20;Nokia;Nokia 8.3 5G;https://www.gsmarena.com/nokia_8_3_5g-10142.php;N/A;N/A;18W wired;N/A;N/A;N/A;Li-Po 4500 mAh;N/A;Glass front, plastic frame, glass back;171.9 x 78.6 x 9 mm (6.77 x 3.09 x 0.35 in);N/A;Nano-SIMNano-SIM + Nano-SIM;220 g (7.76 oz);N/A;5.0, A2DP, EDR, LE;N/A;Yes;GPS, GLONASS, BDS;FM radio;USB Type-C 2.0, OTG;Wi-Fi 802.11 a/b/g/n/ac, dual-band, Wi-Fi Direct;N/A;N/A;1080 x 2400 pixels, 20:9 ratio (~386 ppi density);6.81 inches, 112.0 cm2 (~82.9% screen-to-body ratio);IPS LCD;N/A;N/A;N/A;N/A;N/A;Fingerprint (side-mounted), accelerometer, gyro, proximity, compass;2020, March 19;Available. Released 2020, September 15;N/A;Zeiss optics, Dual-LED flash, panorama, HDR;N/A;"64 MP, f/1.9, (wide), 1/1.72"", 0.8µm, PDAF
12 MP, f/2.2, 120˚ (ultrawide), 1/2.43"", 1.4µm, AF
2 MP, (macro)
2 MP, (depth)";N/A;N/A;4K@30/60fps, 1080p@30/240fps, 720p@960fps, gyro-EIS;N/A;N/A;microSDXC (uses shared SIM slot);64GB 6GB RAM, 64GB 8GB RAM, 128GB 8GB RAM;N/A;Polar Night;TA-1243, TA-1251;About 470 EUR;0.96 W/kg (head)     1.41 W/kg (body);0.96 W/kg (head)     1.41 W/kg (body);N/A;GSM 850 / 900 / 1800 / 1900;HSDPA 850 / 900 / 1700(AWS) / 1900 / 2100;1, 2, 3, 4, 5, 7, 8, 12, 13, 17, 20, 28, 32, 38, 39, 40, 41, 66, 71;1, 2, 3, 5, 7, 8, 28, 38, 40, 41, 66, 71, 78 SA/NSA;N/A;N/A;HSPA 42.2/5.76 Mbps, LTE (4CA) Cat18 1200/150 Mbps, 5G 2.4/1.2 Gbps;GSM / HSPA / LTE / 5G;N/A;N/A;N/A;N/A;N/A;N/A;Octa-core (1x2.4 GHz Kryo 475 Prime & 1x2.2 GHz Kryo 475 Gold & 6x1.8 GHz Kryo 475 Silver);Qualcomm SM7250 Snapdragon 765G 5G (7 nm);Adreno 620;Android 10, upgradable to Android 12, Android One;N/A;Zeiss optics, HDR;"24 MP, f/2.0, (wide), 1/2.8"", 0.9µm";1080p@30fps;N/A;Yes;N/A;Yes
21;Nokia;Nokia G10;https://www.gsmarena.com/nokia_g10-10842.php;N/A;N/A;10W wired;N/A;N/A;N/A;Li-Po 5050 mAh;Splash protection;N/A;164.9 x 76 x 9.2 mm (6.49 x 2.99 x 0.36 in);N/A;Nano-SIMNano-SIM + Nano-SIM;194 g (6.84 oz);N/A;5.0, A2DP, LE;N/A;No;GPS, GLONASS, BDS;FM radio;USB Type-C 2.0, OTG;Wi-Fi 802.11 b/g/n;N/A;N/A;720 x 1600 pixels, 20:9 ratio (~269 ppi density);6.52 inches, 102.6 cm2 (~81.9% screen-to-body ratio);IPS LCD;N/A;N/A;N/A;N/A;N/A;Fingerprint (side-mounted), accelerometer, proximity;2021, April 08;Available. Released 2021, April 26;N/A;LED flash, HDR, panorama;N/A;N/A;N/A;"13 MP, (wide), AF
2 MP, (macro)
2 MP, (depth)";1080p@30fps;eMMC 5.1;N/A;microSDXC (dedicated slot);32GB 3GB RAM, 32GB 4GB RAM, 64GB 3GB RAM, 64GB 4GB RAM;N/A;Dusk, Night;TA-1334, TA-1351, TA-1346, TA-1338;About 110 EUR;1.06 W/kg (head)     1.51 W/kg (body);0.46 W/kg (head)     1.51 W/kg (body);1, 2, 3, 4, 5, 7, 8, 12, 17, 28, 66 - LATAM;GSM 850 / 900 / 1800 / 1900;HSDPA 850 / 900 / 2100 - ROW;1, 3, 5, 7, 8, 20, 28, 38, 40, 41 - ROW;N/A;N/A;N/A;HSPA 42.2/5.76 Mbps, LTE Cat4 150/50 Mbps;GSM / HSPA / LTE;N/A;N/A;N/A;N/A;N/A;N/A;Octa-core (4x2.0 GHz Cortex-A53 & 4x1.5 GHz Cortex-A53);Mediatek MT6762G Helio G25 (12 nm);PowerVR GE8320;Android 11, upgradable to Android 13;N/A;N/A;8 MP, (wide);1080p@30fps;N/A;Yes;N/A;Yes
22;Nokia;Nokia G20;https://www.gsmarena.com/nokia_g20-10841.php;N/A;N/A;10W wired;N/A;N/A;N/A;Li-Po 5050 mAh;Splash protection;N/A;164.9 x 76 x 9.2 mm (6.49 x 2.99 x 0.36 in);N/A;Nano-SIMNano-SIM + Nano-SIM;197 g (6.95 oz);N/A;5.0, A2DP, LE;N/A;Yes (market/region dependent);GPS, GLONASS, BDS;FM radio;USB Type-C 2.0, OTG;Wi-Fi 802.11 b/g/n;N/A;N/A;720 x 1600 pixels, 20:9 ratio (~269 ppi density);6.52 inches, 102.6 cm2 (~81.9% screen-to-body ratio);IPS LCD;N/A;N/A;N/A;N/A;N/A;Fingerprint (side-mounted), accelerometer, gyro, proximity;2021, April 08;Available. Released 2021, May 17;N/A;LED flash, HDR, panorama;N/A;"48 MP, f/1.8, (wide), PDAF
5 MP, (ultrawide)
2 MP, (macro)
2 MP, (depth)";N/A;N/A;1080p@30fps;N/A;N/A;microSDXC (dedicated slot);64GB 4GB RAM, 128GB 4GB RAM;N/A;Glacier, Night;TA-1336, TA-1343, TA-1347, TA-1372, TA-1365;About 90 EUR;1.01 W/kg (head)     1.02 W/kg (body);0.49 W/kg (head)     1.13 W/kg (body);1, 2, 3, 4, 5, 7, 8, 12, 17, 28, 66 - LATAM;GSM 850 / 900 / 1800 / 1900;HSDPA 850 / 900 / 1900 / 2100 - International;1, 3, 5, 7, 8, 20, 28, 38, 40, 41 - International;N/A;N/A;N/A;HSPA 42.2/5.76 Mbps, LTE Cat4 150/50 Mbps;GSM / HSPA / LTE;N/A;N/A;N/A;N/A;N/A;N/A;Octa-core (4x2.3 GHz Cortex-A53 & 4x1.8 GHz Cortex-A53);Mediatek MT6765G Helio G35 (12 nm);PowerVR GE8320;Android 11, upgradable to Android 13;N/A;N/A;8 MP, (wide);1080p@30fps;N/A;Yes;N/A;Yes
23;Nokia;Nokia 3.4;https://www.gsmarena.com/nokia_3_4-10404.php;N/A;N/A;10W wired;N/A;N/A;N/A;Li-Po 4000 mAh;N/A;N/A;161 x 76 x 8.7 mm (6.34 x 2.99 x 0.34 in);N/A;Nano-SIMNano-SIM + Nano-SIM;180 g (6.35 oz);N/A;4.2, A2DP, aptX;N/A;Yes (market/region dependent);GPS, GLONASS, GALILEO, BDS;FM radio;USB Type-C 2.0;Wi-Fi 802.11 b/g/n;N/A;N/A;720 x 1560 pixels, 19.5:9 ratio (~269 ppi density);6.39 inches, 100.2 cm2 (~81.9% screen-to-body ratio);IPS LCD, 400 nits (typ);N/A;N/A;N/A;N/A;N/A;Fingerprint (rear-mounted), accelerometer, gyro, proximity;2020, September 22;Available. Released 2020, October 26;N/A;LED flash, HDR, panorama;N/A;N/A;N/A;"13 MP, (wide), PDAF
5 MP, (ultrawide)
2 MP, (depth)";1080p@30fps;eMMC 5.1;N/A;microSDXC (dedicated slot);32GB 3GB RAM, 64GB 3GB RAM, 64GB 4GB RAM;N/A;Fjord, Dusk, Charcoal;TA-1288, TA-1285, TA-1283;About 100 EUR;0.83 W/kg (head)     1.05 W/kg (body);0.36 W/kg (head)     1.56 W/kg (body);N/A;GSM 850 / 900 / 1800 / 1900;HSDPA 850 / 900 / 1700(AWS) / 1900 / 2100;1, 2, 3, 4, 5, 7, 8, 12, 17, 13, 28, 66;N/A;N/A;N/A;HSPA, LTE;GSM / HSPA / LTE;N/A;N/A;N/A;N/A;N/A;N/A;Octa-core (4x1.8 GHz Cortex-A73 & 4x1.8 GHz Cortex-A53);Qualcomm SM4250 Snapdragon 460 (11 nm);Adreno 610;Android 10, upgradable to Android 11;N/A;N/A;8 MP, (wide);1080p@30fps;N/A;Yes;N/A;Yes
24;Nokia;Nokia 5310 (2020);https://www.gsmarena.com/nokia_5310_(2020)-10144.php;N/A;N/A;N/A;N/A;N/A;N/A;Li-Ion 1200 mAh, removable;Dedicated hardware music keys;N/A;123.7 x 52.4 x 13.1 mm, 44.8 cc (4.87 x 2.06 x 0.52 in);N/A;Single SIM (Mini-SIM) or Dual SIM (Mini-SIM, dual stand-by);88.2 g (3.10 oz);N/A;3.0, A2DP;N/A;No;No;FM radio;microUSB 1.1;No;N/A;N/A;240 x 320 pixels, 4:3 ratio (~167 ppi density);2.4 inches, 17.8 cm2 (~27.5% screen-to-body ratio);TFT LCD;MP3 player;N/A;Yes;No;SMS, MMS, Email, IM;;2020, March 19;Available. Released 2020, April 02;N/A;LED flash;N/A;N/A;VGA;N/A;;N/A;Yes;microSDHC;16MB 8MB RAM;Yes;White/Red, Black/Red;TA-1230, TA-1212;About 70 EUR;N/A;1.13 W/kg (head)     1.57 W/kg (body);N/A;GSM 900 / 1800;N/A;N/A;N/A;Yes;Yes;No;GSM;N/A;N/A;N/A;N/A;N/A;N/A;N/A;Mediatek MT6260A;N/A;N/A;No;N/A;N/A;N/A;N/A;Yes;N/A;Yes, with dual speakers
25;Nokia;Nokia 110 4G 2nd Edition;https://www.gsmarena.com/nokia_110_4g_2nd_edition-13584.php;N/A;N/A;N/A;N/A;N/A;N/A;Li-Ion 1450 mAh, removable;"Flashlight
IP54 dust protected and water resistant (water splashes)";N/A;121.5 x 50 x 14.4 mm (4.78 x 1.97 x 0.57 in);N/A;Nano-SIMNano-SIM + Nano-SIM;94.5 g (3.35 oz);N/A;5.0, A2DP;N/A;No;No;Wireless FM radio;USB Type-C;No;N/A;N/A;120 x 160 pixels, 4:3 ratio (~111 ppi density);1.8 inches, 10.0 cm2 (~16.5% screen-to-body ratio);IPS LCD;MP3 player;N/A;Yes;No;SMS;;2024, December;Available. Released 2024, December;N/A;N/A;N/A;N/A;QVGA;N/A;Yes;N/A;Yes;microSDHC;48MB 128MB RAM;Yes;Midnight Blue, Arctic Purple;N/A;About 60 EUR;N/A;N/A;HSDPA 850 / 900 / 2100;GSM 900 / 1800;HSDPA 850 / 900 / 1700(AWS) / 1900 / 2100;LTE;N/A;N/A;N/A;HSPA, LTE;GSM / HSPA / LTE;N/A;N/A;N/A;N/A;N/A;N/A;N/A;N/A;N/A;N/A;No;N/A;N/A;N/A;N/A;Yes;N/A;Yes
26;Nokia;Nokia G22;https://www.gsmarena.com/nokia_g22-12137.php;N/A;N/A;20W wired, PD3.0;N/A;N/A;N/A;Li-Po 5050 mAh;"Dust and splash resistant
QuickFix user-reparable design";Glass front (Gorilla Glass 3), plastic frame, plastic back;165 x 76.2 x 8.5 mm (6.50 x 3.00 x 0.33 in);N/A;Nano-SIM + Nano-SIM;196.2 g (6.91 oz);N/A;5.0, A2DP, LE;N/A;Yes (market/region dependent);GPS, GLONASS, GALILEO;FM radio, RDS;USB Type-C 2.0, OTG;Wi-Fi 802.11 a/b/g/n/ac, dual-band;N/A;Corning Gorilla Glass 3;720 x 1600 pixels, 20:9 ratio (~270 ppi density);6.5 inches, 102.0 cm2 (~81.1% screen-to-body ratio);IPS LCD, 90Hz, 500 nits (typ);N/A;N/A;N/A;N/A;N/A;Fingerprint (side-mounted), accelerometer, proximity;2023, February 25;Available. Released 2023, February 25;N/A;LED flash, HDR, panorama;N/A;N/A;N/A;"50 MP, f/1.8, (wide), 1/2.76"", 0.64µm, PDAF
2 MP, (macro)
2 MP, (depth)";1080p@30fps;UFS 2.2;N/A;microSDXC (uses shared SIM slot);64GB 4GB RAM, 128GB 4GB RAM, 256GB 6GB RAM;N/A;Lagoon Blue, Meteor Gray, So Peach;N/A;About 120 EUR;N/A;N/A;N/A;GSM 850 / 900 / 1800 / 1900;HSDPA 850 / 900 / 2100;1, 3, 5, 7, 8, 20, 28, 38, 39, 40, 41;N/A;N/A;N/A;HSPA, LTE;GSM / HSPA / LTE;N/A;N/A;N/A;N/A;N/A;N/A;Octa-core (2x1.6 GHz Cortex-A75 & 6x1.6 GHz Cortex-A55);Unisoc T606 (12 nm);Mali-G57 MP1;Android 12;N/A;N/A;8 MP, f/2.0, (wide);1080p@30fps;N/A;Yes;N/A;Yes
27;Nokia;Nokia G21;https://www.gsmarena.com/nokia_g21-11356.php;N/A;N/A;18W wired, PD3.0;N/A;N/A;N/A;Li-Po 5050 mAh;N/A;Glass front, plastic frame, plastic back;164.6 x 75.9 x 8.5 mm (6.48 x 2.99 x 0.33 in);N/A;Nano-SIMNano-SIM + Nano-SIM;190 g (6.70 oz);N/A;5.0, A2DP, LE;N/A;Yes (market/region dependent);GPS, GLONASS, GALILEO;FM radio, RDS;USB Type-C 2.0, OTG;Wi-Fi 802.11 a/b/g/n/ac, dual-band, Wi-Fi Direct;N/A;N/A;720 x 1600 pixels, 20:9 ratio (~270 ppi density);6.5 inches, 102.0 cm2 (~81.6% screen-to-body ratio);IPS LCD, 90Hz, 400 nits (typ);N/A;N/A;N/A;N/A;N/A;Fingerprint (side-mounted), accelerometer, proximity;2022, February 14;Available. Released 2022, February 15;N/A;LED flash, HDR, panorama;N/A;N/A;N/A;"50 MP, f/1.8, 28mm (wide), 1/2.76"", 0.64µm, PDAF
2 MP, (macro)
2 MP, (depth)";1080p@30fps;eMMC 5.1;N/A;microSDXC (dedicated slot);64GB 3GB RAM, 64GB 4GB RAM, 128GB 4GB RAM, 128GB 6GB RAM;N/A;Nordic Blue, Dusk;TA-1418, TA-1477, TA-1415, TA-1405, TA-1404, TA-1412;About 90 EUR;1.00 W/kg (head)     1.10 W/kg (body);0.34 W/kg (head)     1.05 W/kg (body);1, 2, 3, 4, 5, 7, 8, 12, 17, 28, 40, 66 - LATAM;GSM 850 / 900 / 1800 / 1900;HSDPA 850 / 900 / 2100 - International;1, 3, 5, 7, 8, 20, 28, 38, 40, 41 - International;N/A;N/A;N/A;HSPA 42.2/5.76 Mbps, LTE Cat4 150/50 Mbps;GSM / HSPA / LTE;N/A;Endurance rating 126h;Photo / Video;1631:1 contrast ratio, 500 nits max brightness (measured);-30.7 LUFS (Below average);"AnTuTu: 171299 (v9)
GeekBench: 1193 (v5.1)
GFXBench: 8.9fps (ES 3.1 onscreen)";Octa-core (2x1.6 GHz Cortex-A75 & 6x1.6 GHz Cortex-A55);Unisoc T606 (12 nm);Mali-G57 MP1;Android 11, upgradable to Android 13;N/A;N/A;8 MP, f/2.0, (wide);1080p@30fps;N/A;Yes;N/A;Yes
28;Nokia;Nokia 5310 (2024);https://www.gsmarena.com/nokia_5310_(2024)-12927.php;N/A;N/A;N/A;N/A;N/A;N/A;Li-Ion 1450 mAh, removable;Dedicated hardware music keys;N/A;132 x 57 x 13.1 mm (5.20 x 2.24 x 0.52 in);N/A;Nano-SIMNano-SIM + Nano-SIM;-;N/A;5.0, A2DP, LE;N/A;No;No;Wireless FM radio;USB Type-C;No;N/A;N/A;240 x 320 pixels, 4:3 ratio (~143 ppi density);2.8 inches, 24.3 cm2 (~32.3% screen-to-body ratio);IPS LCD;MP3 player;N/A;Yes;No;SMS, MMS, Email, IM;;2024, April 11;Available. Released 2024, April 26;N/A;LED flash;N/A;N/A;VGA;N/A;Yes;N/A;Yes;microSDHC;16MB 8MB RAM;Yes;White/Red, Black/Red;N/A;About 60 EUR;N/A;N/A;N/A;GSM 900 / 1800;N/A;N/A;N/A;Yes;Yes;No;GSM;N/A;N/A;N/A;N/A;N/A;N/A;N/A;Unisoc 6531F;N/A;N/A;No;N/A;N/A;N/A;N/A;Yes;N/A;Yes, with dual speakers
29;Nokia;Nokia E72;https://www.gsmarena.com/nokia_e72-2831.php;N/A;N/A;N/A;N/A;Up to 480 h (2G) / 576 h (3G);Up to 12 h 30 min (2G) / 6 h (3G);Removable Li-Po 1500 mAh battery (BP-4L);Optical trackpad;N/A;114 x 58 x 10 mm, 65 cc (4.49 x 2.28 x 0.39 in);QWERTY;Mini-SIM;128 g (4.52 oz);N/A;2.0, A2DP;N/A;N/A;"GPS, A-GPS; Nokia Maps 3.0";Stereo FM radio, RDS;microUSB 2.0;Wi-Fi 802.11 b/g, Nokia VoIP 3.0;N/A;N/A;320 x 240 pixels, 4:3 ratio (~169 ppi density);2.36 inches, 17.2 cm2 (~26.1% screen-to-body ratio);TFT, 16M colors;"WMV/RV/MP4/3GP player
MP3/WMA/WAV/RA/AAC/M4A player
Document editor (Word, Excel, PowerPoint, PDF)
Push to talk
Voice command/dial
Organizer";WAP 2.0/xHTML, HTML, Adobe Flash Lite;N/A;N/A;N/A;Accelerometer, compass;2009, June. Released 2009, October;Discontinued;N/A;LED flash;N/A;N/A;5 MP, AF;N/A;480p@15fps;N/A;N/A;microSDHC (dedicated slot);250MB 128MB RAM;N/A;White, Zodium Black, Metal Grey, Topaz Brown, Amethyst Purple, White Edition;N/A;About 90 EUR;1.39 W/kg (head)     0.88 W/kg (body);1.31 W/kg (head);HSDPA 850 / 1900 / 2100 - American version;GSM 850 / 900 / 1800 / 1900;HSDPA 900 / 1900 / 2100;N/A;N/A;N/A;N/A;HSPA 10.2/2 Mbps;GSM / HSPA;Noise -88.3dB / Crosstalk -88.8dB;N/A;Photo;N/A;Voice 65dB / Noise 60dB / Ring 66dB;N/A;600 MHz ARM 11;N/A;N/A;Symbian OS 9.3, Series 60 v3.2 UI;N/A;N/A;VGA videocall camera;;N/A;Yes;N/A;Yes
30;Nokia;Nokia N73;https://www.gsmarena.com/nokia_n73-1550.php;N/A;N/A;N/A;N/A;Up to 350 h (2G) / 370 h (3G);Up to 6 h (2G) / 3 h 46 min (3G);Removable Li-Ion 1100 mAh battery (BP-6M );N/A;N/A;110 x 49 x 19 mm (4.33 x 1.93 x 0.75 in);N/A;Mini-SIM;116 g (4.09 oz);N/A;2.0, A2DP (latest firmware);Yes;N/A;No;Stereo FM radio;Pop-Port 2.0;No;Downloadable themes;N/A;240 x 320 pixels, 4:3 ratio (~167 ppi density);2.4 inches, 36 x 48 mm, 17.8 cm2 (~33.1% screen-to-body ratio);TFT, 256K colors;"Push to talk
Video download
WMV/RV/MP4/3GP player
MP3/WMA/WAV/RA/AAC/M4A player
Predictive text input
Voice command/dial
Organizer
Printing
Document viewer (Word, Excel, PowerPoint, PDF)
Photo/video editor";WAP 2.0/xHTML, HTML;N/A;N/A;N/A;;2006, April. Released 2006, August;Discontinued;N/A;Carl Zeiss optics, LED flash;N/A;N/A;3.15 MP, AF;N/A;CIF;N/A;N/A;miniSD;42MB 64MB RAM;N/A;Silver Grey/Deep Plum, Frost White/Metallic Red, Black (Music Edition);N/A;About 100 EUR;1.22 W/kg (head)     0.69 W/kg (body);1.13 W/kg (head);N/A;GSM 850 / 900 / 1800 / 1900;UMTS 2100;N/A;N/A;N/A;N/A;Yes, 384 kbps;GSM / UMTS;N/A;N/A;N/A;N/A;N/A;N/A;220 MHz Dual ARM 9;N/A;N/A;Symbian OS 9.1, S60 3rd edition;N/A;N/A;VGA videocall camera;;N/A;No;"Vibration; Downloadable polyphonic, MP3 ringtones";Yes, with stereo speakers
31;Nokia;Nokia 6.1;https://www.gsmarena.com/nokia_6_1-8972.php;N/A;N/A;18W wired, 50% in 30 min;Up to 119 h;Up to 507 h (3G);Up to 16 h (3G);Li-Ion 3000 mAh, non-removable;N/A;Glass front (Gorilla Glass 3), aluminum back, aluminum frame (6000 series);148.8 x 75.8 x 8.2 mm (5.86 x 2.98 x 0.32 in);N/A;Nano-SIM + Nano-SIM;172 g (6.07 oz);N/A;5.0, A2DP, LE;N/A;Yes;GPS, GLONASS, BDS;FM radio with RDS;USB Type-C 2.0;Wi-Fi 802.11 a/b/g/n/ac, Wi-Fi Direct;N/A;Corning Gorilla Glass 3;1080 x 1920 pixels, 16:9 ratio (~403 ppi density);5.5 inches, 82.6 cm2 (~73.2% screen-to-body ratio);IPS LCD;N/A;N/A;N/A;N/A;N/A;Fingerprint (rear-mounted), accelerometer, gyro, proximity, compass;2018, January 05. Released 2018, May 06;Discontinued;N/A;Zeiss optics, dual-LED dual-tone flash, panorama, HDR;N/A;N/A;16 MP, f/2.0, 27mm (wide), 1.0µm, PDAF;N/A;4K@30fps, 1080p@30fps;eMMC 5.1;N/A;microSDXC (uses shared SIM slot);32GB 3GB RAM, 32GB 4GB RAM, 64GB 4GB RAM;N/A;Black/Copper, White/Iron, Blue/Gold;TA-1043, TA-1045, TA-1054, TA-1050, TA-1068;About 220 EUR;N/A;0.94 W/kg (head)     1.82 W/kg (body);1, 3, 4, 5, 7, 8, 20, 28, 34, 38, 39, 40, 41 - Hong Kong, Taiwan;GSM 850 / 900 / 1800 / 1900 - SIM 1 & SIM 2;HSDPA 850 / 900 / 1900 / 2100;1, 3, 5, 7, 8, 20, 28, 38, 40, 41 - EMEA & APAC;N/A;N/A;N/A;HSPA 42.2/5.76 Mbps, LTE Cat4 150/50 Mbps;GSM / HSPA / EVDO / LTE;Noise -37.5dB / Crosstalk -93.3dB;Endurance rating 76h;Photo / Video;Contrast ratio: 1278:1 (nominal), 4.052 (sunlight);Voice 67dB / Noise 74dB / Ring 85dB;"AnTuTu: 90918 (v7)
GeekBench: 4225 (v4.4)
GFXBench: 6fps (ES 3.1 onscreen)";Octa-core 2.2 GHz Cortex-A53;Qualcomm SDM630 Snapdragon 630 (14 nm);Adreno 508;Android 8.1 (Oreo), upgradable to Android 10, Android One;N/A;N/A;"8 MP, f/2.0, 1/4.0"", 1.12µm";1080p@30fps;N/A;Yes;N/A;Yes
32;Nokia;Nokia 3310 (2017);https://www.gsmarena.com/nokia_3310_(2017)-8597.php;N/A;N/A;N/A;Up to 51 h;Up to 600 h;Up to 22 h;Li-Ion 1200 mAh, removable;Flashlight;Glass front, plastic back, plastic frame;115.6 x 51 x 12.8 mm (4.55 x 2.01 x 0.50 in);N/A;Single SIM (Micro-SIM) or Dual SIM (Micro-SIM, dual stand-by);85 g (3.00 oz);N/A;3.0, A2DP;N/A;No;No;FM radio;microUSB 2.0;No;N/A;N/A;240 x 320 pixels, 4:3 ratio (~167 ppi density);2.4 inches, 17.8 cm2 (~30.3% screen-to-body ratio);TFT;Audio/Video player;N/A;Yes;No;SMS;;2017, February. Released 2017, May;Discontinued;N/A;LED flash;N/A;N/A;2 MP;N/A;240p@8fps;N/A;Yes;microSDHC (dedicated slot);16MB;Yes;Warm Red (Glossy), Dark Blue (Matte), Yellow (Glossy), Grey (Matte);N/A;About 60 EUR;N/A;0.71 W/kg (head)     1.49 W/kg (body);N/A;GSM 900 / 1800 - SIM 1 & SIM 2 (dual-SIM model only);N/A;N/A;N/A;Yes;Yes;N/A;GSM;N/A;N/A;N/A;N/A;N/A;N/A;N/A;N/A;N/A;N/A;No;N/A;N/A;N/A;N/A;Yes;N/A;Yes
33;Nokia;Nokia C210;https://www.gsmarena.com/nokia_c210-12472.php;N/A;N/A;N/A;N/A;N/A;N/A;Li-Ion 3000 mAh;Dust and splash resistant;N/A;159.5 x 73.9 x 8.6 mm (6.28 x 2.91 x 0.34 in);N/A;Nano-SIM;167.8 g (5.93 oz);N/A;5.0, A2DP, LE;N/A;No;GPS;Unspecified;USB Type-C 2.0, OTG;Wi-Fi 802.11 b/g/n/ac;N/A;Corning Gorilla Glass 3;720 x 1560 pixels, 19.5:9 ratio (~273 ppi density);6.3 inches, 97.4 cm2 (~82.7% screen-to-body ratio);IPS LCD;N/A;N/A;N/A;N/A;N/A;Yes;2023, August 16;Available. Released 2023, September 14;"13 MP, (wide), AF
2 MP, f/2.4, (depth)";LED flash;N/A;N/A;N/A;N/A;1080p@30fps;eMMC 5.1;N/A;microSDXC (dedicated slot);32GB 3GB RAM;N/A;Gray;N/A;About 190 EUR;N/A;N/A;N/A;GSM 850 / 900 / 1800 / 1900;HSDPA 850 / 1700(AWS) / 1900;LTE;N/A;N/A;N/A;HSPA, LTE;GSM / HSPA / LTE;N/A;N/A;N/A;N/A;N/A;N/A;Octa-core (4x2.0 GHz Kryo 260 Gold & 4x1.8 GHz Kryo 260 Silver);Qualcomm SM6115 Snapdragon 662 (11 nm);Adreno 610;Android 13;N/A;N/A;5 MP;Yes;N/A;Yes;N/A;Yes
34;Nokia;Nokia 8;https://www.gsmarena.com/nokia_8-8522.php;N/A;N/A;18W wired, QC3;N/A;N/A;N/A;Li-Ion 3090 mAh, non-removable;IP54 dust protected and water resistant (water splashes);Glass front (Gorilla Glass 5), aluminum back, aluminum frame (6000 series);151.5 x 73.7 x 7.9 mm (5.96 x 2.90 x 0.31 in);N/A;Nano-SIMNano-SIM + Nano-SIM;160 g (5.64 oz);N/A;5.0, A2DP, LE;N/A;Yes;GPS, GLONASS, BDS;No;USB Type-C 3.1;Wi-Fi 802.11 a/b/g/n/ac, dual-band, Wi-Fi Direct;N/A;Corning Gorilla Glass 5;1440 x 2560 pixels, 16:9 ratio (~554 ppi density);5.3 inches, 77.4 cm2 (~69.4% screen-to-body ratio);IPS LCD;ANT+;N/A;N/A;N/A;N/A;Fingerprint (front-mounted), accelerometer, gyro, proximity, compass, barometer;2017, August 16. Released 2017, September 07;Discontinued;"13 MP, f/2.0, 1/3.1"", 1.12µm, PDAF, OIS
13 MP B/W, f/2.0, 1.12µm, PDAF";Laser AF, Zeiss optics, dual-LED dual-tone flash, HDR, panorama;N/A;N/A;N/A;N/A;4K@30fps, 1080p@30fps;UFS 2.1;N/A;microSDXC (uses shared SIM slot);64GB 4GB RAM, 128GB 6GB RAM;N/A;Tempered Blue, Polished Blue, Steel, Polished Copper;TA-1004, TA-1012, TA-1052;About 300 EUR;N/A;0.22 W/kg (head)     1.33 W/kg (body);N/A;GSM 850 / 900 / 1800 / 1900 - SIM 1 & SIM 2 (dual-SIM model only);HSDPA 850 / 900 / 1900 / 2100;1, 2, 3, 4, 5, 7, 8, 20, 28, 38, 39, 40, 41;N/A;N/A;N/A;HSPA 42.2/5.76 Mbps, LTE (3CA) Cat9 450/50 Mbps;GSM / HSPA / LTE;Noise -94.2dB / Crosstalk -88.5dB;Endurance rating 78h;Photo / Video;Contrast ratio: 1840:1 (nominal), 4.239 (sunlight);Voice 88dB / Noise 77dB / Ring 81dB;"AnTuTu: 210323 (v7), 242434 (v8)
GeekBench: 6568 (v4.4), 1668 (v5.1)
GFXBench: 12fps (ES 3.1 onscreen)";Octa-core (4x2.5 GHz Kryo & 4x1.8 GHz Kryo);Qualcomm MSM8998 Snapdragon 835 (10 nm);Adreno 540;Android 7.1.1 (Nougat), upgradable to Android 9.0 (Pie);N/A;N/A;"13 MP, f/2.0, (wide), 1/3.1"", 1.12µm, PDAF";4K;24-bit/192kHz audio;Yes;N/A;Yes
35;Nokia;Nokia 7.2;https://www.gsmarena.com/nokia_7_2-9833.php;N/A;N/A;10W wired;N/A;N/A;N/A;Li-Po 3500 mAh, non-removable;N/A;Glass front (Gorilla Glass 3), glass back (Gorilla Glass 3), plastic frame;159.9 x 75.2 x 8.3 mm (6.30 x 2.96 x 0.33 in);N/A;Nano-SIMNano-SIM + Nano-SIM;180 g (6.35 oz);N/A;5.0, A2DP, EDR, LE, aptX;N/A;Yes (excl. India);GPS, GLONASS, GALILEO, BDS;FM radio;USB Type-C 2.0, OTG;Wi-Fi 802.11 b/g/n/ac, dual-band, Wi-Fi Direct;N/A;Corning Gorilla Glass 3;1080 x 2280 pixels, 19:9 ratio (~400 ppi density);6.3 inches, 99.1 cm2 (~82.4% screen-to-body ratio);IPS LCD, HDR10;N/A;N/A;N/A;N/A;N/A;Fingerprint (rear-mounted), accelerometer, gyro, proximity, compass;2019, September 05. Released 2019, September 23;Discontinued;N/A;Zeiss optics, LED flash, panorama, HDR;N/A;N/A;N/A;"48 MP, f/1.8, (wide), 1/2.0"", 0.8µm, PDAF
8 MP, f/2.2, 13mm (ultrawide), 1/4.0"", 1.12µm
5 MP, f/2.4, (depth)";4K@30fps, 1080p@30fps (gyro-EIS);eMMC 5.1;N/A;microSDXC (dedicated slot);64GB 4GB RAM, 64GB 6GB RAM, 128GB 4GB RAM, 128GB 6GB RAM;N/A;Cyan Green, Charcoal, Ice;TA-1193, TA-1178, TA-1196, TA-1181;About 240 EUR;1.15 W/kg (head)     0.90 W/kg (body);0.99 W/kg (head)     1.44 W/kg (body);1, 3, 5, 8, 40, 41 - IN;GSM 850 / 900 / 1800 / 1900;HSDPA 850 / 900 / 2100 - ROW;1, 3, 5, 7, 8, 20, 28, 38, 40, 41 - ROW;N/A;N/A;N/A;HSPA 42.2/5.76 Mbps, LTE (2CA) Cat6 300/50 Mbps or LTE Cat4 150/50 Mbps;GSM / HSPA / LTE;Noise -93.0dB / Crosstalk -93.4dB;Endurance rating 69h;Photo / Video;1342:1 contrast ratio, 585 nits max brightness (measured);-29.6 LUFS (Average);"AnTuTu: 139495 (v7), 164484 (v8)
GeekBench: 5440 (v4.4), 1398 (v5.1)
GFXBench: 8.1fps (ES 3.1 onscreen)";Octa-core (4x2.2 GHz Kryo 260 Gold & 4x1.8 GHz Kryo 260 Silver);Qualcomm SDM660 Snapdragon 660 (14 nm);Adreno 512;Android 9.0 (Pie), upgradable to Android 11, Android One;N/A;Zeiss optics, HDR;"20 MP, f/2.0, (wide), 1/3"", 0.9µm";1080p@30fps;N/A;Yes;N/A;Yes
36;Nokia;Nokia G60;https://www.gsmarena.com/nokia_g60-11826.php;N/A;N/A;20W wired, PD3.0;N/A;N/A;N/A;Li-Po 4500 mAh;Splash resistant;Glass front (Gorilla Glass 5), plastic frame, plastic back;166 x 75.9 x 8.6 mm (6.54 x 2.99 x 0.34 in);N/A;Nano-SIM + eSIMNano-SIM + Nano-SIM;190 g (6.70 oz);N/A;5.1, A2DP, LE, aptX HD, aptX Adaptive;N/A;Yes (market/region dependent);GPS, GALILEO, BDS;FM radio;USB Type-C 2.0, OTG;Wi-Fi 802.11 a/b/g/n/ac/6, dual-band;N/A;Corning Gorilla Glass 5;1080 x 2408 pixels, 20:9 ratio (~401 ppi density);6.58 inches, 104.3 cm2 (~82.8% screen-to-body ratio);IPS LCD, 120Hz, 400 nits (typ);N/A;N/A;N/A;N/A;N/A;Fingerprint (side-mounted), accelerometer, gyro, proximity, compass;2022, September 01;Available. Released 2022, September 01;N/A;LED flash, HDR, panorama;N/A;N/A;N/A;"50 MP, f/1.8, (wide), 1/2.5"", 0.7µm, PDAF
5 MP, f/2.2, (ultrawide), 1/5.0""
2 MP, f/2.4, (depth)";1080p@30fps;N/A;N/A;microSDXC (uses shared SIM slot);64GB 4GB RAM, 128GB 4GB RAM, 128GB 6GB RAM;N/A;Pure Black, Ice Gray;TA-1490, TA-1481, TA-1479, TA-1475;About 240 EUR;1.30 W/kg (head)     0.83 W/kg (body);1.10 W/kg (head)     1.27 W/kg (body);1, 3, 5, 7, 28, 38, 40, 41, 66, 78 SA/NSA/Sub6 - LATAM;GSM 850 / 900 / 1800 / 1900;HSDPA 850 / 900 / 1900 / 2100 - International;1, 3, 5, 7, 8, 20, 28, 38, 39, 40, 41 - International;1, 3, 5, 7, 28, 38, 40, 41, 77, 78 SA/NSA/Sub6 - International;N/A;N/A;HSPA, LTE, 5G;GSM / HSPA / LTE / 5G;N/A;N/A;N/A;1523:1 contrast ratio, 444 nits max brightness (measured);N/A;N/A;Octa-core (2x2.2 GHz Kryo 660 Gold & 6x1.7 GHz Kryo 660 Silver);Qualcomm SM6375 Snapdragon 695 5G (6 nm);Adreno 619;Android 12;N/A;N/A;"8 MP, f/2.0, (wide), 1/4.0"", 1.12µm";1080p@30fps;N/A;Yes;N/A;Yes
37;Nokia;Nokia C22;https://www.gsmarena.com/nokia_c22-12138.php;N/A;N/A;10W wired;N/A;N/A;N/A;Li-Po 5000 mAh;Splash and dust resistant;Glass front, plastic back, plastic frame;164.6 x 75.9 x 8.6 mm (6.48 x 2.99 x 0.34 in);N/A;Nano-SIMNano-SIM + Nano-SIM;190 g (6.70 oz);N/A;5.2, A2DP;N/A;No;GPS;FM radio;USB Type-C 2.0;Wi-Fi 802.11 b/g/n;N/A;Scratch-resistant glass;720 x 1600 pixels, 20:9 ratio (~270 ppi density);6.5 inches, 102.0 cm2 (~81.6% screen-to-body ratio);IPS LCD;N/A;N/A;N/A;N/A;N/A;Fingerprint (rear-mounted), accelerometer, proximity;2023, February 25;Available. Released 2023, February 25;"13 MP, (wide), AF
2 MP, (macro)";LED flash, HDR;N/A;N/A;N/A;N/A;1080p@30fps;eMMC 5.1;N/A;microSDXC (dedicated slot);64GB 2GB RAM, 64GB 3GB RAM, 128GB 4GB RAM;N/A;Sand, Midnight Black;N/A;About 90 EUR;N/A;N/A;N/A;GSM 850 / 900 / 1800 / 1900;HSDPA 850 / 900 / 2100;LTE;N/A;N/A;N/A;HSPA, LTE;GSM / HSPA / LTE;N/A;N/A;N/A;N/A;N/A;N/A;Octa-core (4x1.6 GHz Cortex-A55 & 4x1.2 GHz Cortex-A55);Unisoc SC9863A (28 nm);IMG8322;Android 13 (Go edition);N/A;N/A;8 MP;Yes;N/A;Yes;N/A;Yes
38;Nokia;Nokia 5.4;https://www.gsmarena.com/nokia_5_4-10624.php;N/A;N/A;10W wired;N/A;N/A;N/A;Li-Po 4000 mAh;N/A;N/A;161 x 76 x 8.7 mm (6.34 x 2.99 x 0.34 in);N/A;Nano-SIMNano-SIM + Nano-SIM;181 g (6.38 oz);N/A;4.2, A2DP, aptX Adaptive;N/A;Yes (market/region dependent);GPS, GLONASS, GALILEO, BDS;FM radio;USB Type-C 2.0, OTG;Wi-Fi 802.11 b/g/n;N/A;N/A;720 x 1560 pixels, 19.5:9 ratio (~269 ppi density);6.39 inches, 100.2 cm2 (~81.9% screen-to-body ratio);IPS LCD, 400 nits (typ);N/A;N/A;N/A;N/A;N/A;Fingerprint (rear-mounted), accelerometer, gyro, proximity;2020, December 15;Available. Released 2020, December 25;N/A;LED flash, HDR, panorama;N/A;"48 MP, f/1.8, (wide), PDAF
5 MP, 13mm (ultrawide)
2 MP, (macro)
2 MP, (depth)";N/A;N/A;1080p@30fps;N/A;N/A;microSDXC (dedicated slot);64GB 4GB RAM, 64GB 6GB RAM, 128GB 4GB RAM;N/A;Polar Night, Dusk;TA-1333, TA-1340, TA-1337, TA-1328, TA-1325;About 90 EUR;0.68 W/kg (head)     1.02 W/kg (body);0.99 W/kg (head)     0.96 W/kg (body);1, 2, 3, 4, 5, 7, 8, 12, 13, 17, 28, 66 - NA, LATAM;GSM 850 / 900 / 1800 / 1900;HSDPA 850 / 900 / 1900 / 2100 - International;1, 3, 5, 7, 8, 20, 28, 38, 40, 41 - International;N/A;N/A;N/A;HSPA 42.2/5.76 Mbps, LTE Cat4 150/50 Mbps;GSM / HSPA / LTE;N/A;N/A;N/A;N/A;N/A;N/A;Octa-core (4x2.0 GHz Kryo 260 Gold & 4x1.8 GHz Kryo 260 Silver);Qualcomm SM6115 Snapdragon 662 (11 nm);Adreno 610;Android 10, upgradable to Android 12;N/A;N/A;16 MP, f/2.0, (wide);1080p@30fps;N/A;Yes;N/A;Yes
39;Nokia;Nokia Lumia 520;https://www.gsmarena.com/nokia_lumia_520-5322.php;N/A;N/A;N/A;Up to 61 h;Up to 360 h (3G);Up to 14 h 40 min (2G) / Up to 9 h 40 min (3G);Li-Ion 1430 mAh, removable (BL-5J);N/A;Glass front, plastic back, plastic frame;119.9 x 64 x 9.9 mm, 75.7 cc (4.72 x 2.52 x 0.39 in);N/A;Micro-SIM;124 g (4.37 oz);N/A;4.0, A2DP, LE/ aptX after WP8 Denim update;N/A;No;GPS, GLONASS;FM Radio;microUSB 2.0;Wi-Fi 802.11 b/g/n, hotspot;N/A;Scratch-resistant glass;480 x 800 pixels, 5:3 ratio (~233 ppi density);4.0 inches, 45.5 cm2 (~59.3% screen-to-body ratio);IPS LCD;N/A;N/A;N/A;N/A;N/A;Accelerometer, proximity;2013, February. Released 2013, April;Discontinued;N/A;N/A;N/A;N/A;"5 MP, f/2.4, 28mm (wide), 1/4.0"", AF";N/A;720p@30fps;N/A;N/A;microSDXC (dedicated slot);8GB 512MB RAM;N/A;Yellow, red, cyan, white/black;N/A;About 70 EUR;0.77 W/kg (head);1.09 W/kg (head);HSDPA 850 / 1700 / 1900 / 2100 - RM-917;GSM 850 / 900 / 1800 / 1900 - all versions;HSDPA 900 / 2100 - RM-914;N/A;N/A;N/A;N/A;HSPA 21.1/5.76 Mbps;GSM / HSPA;Noise -82.3dB / Crosstalk -81.8dB;Endurance rating 49h;Photo / Video;Contrast ratio: 834:1 (nominal) / 1.161:1 (sunlight);Voice 68dB / Noise 69dB / Ring 66dB;N/A;Dual-core 1.0 GHz;Qualcomm MSM8227;Adreno 305;Microsoft Windows Phone 8, upgradable to 8.1;No;N/A;N/A;N/A;N/A;Yes;N/A;Yes
40;Nokia;Nokia Lumia 1020;https://www.gsmarena.com/nokia_lumia_1020-5506.php;N/A;N/A;N/A;Up to 63 h;Up to 384 h (3G);Up to 19 h (2G) / Up to 13 h 20 min (3G);Li-Ion 2000 mAh, non-removable (BV-5XW);N/A;Glass front (Gorilla Glass 3), plastic back, plastic frame;130.4 x 71.4 x 10.4 mm, 96.9 cc (5.13 x 2.81 x 0.41 in);N/A;Micro-SIM;158 g (5.57 oz);N/A;4.0, A2DP, EDR, LE/ aptX after WP8 Denim update;N/A;Yes;GPS, GLONASS;Stereo FM radio, RDS;microUSB 2.0;Wi-Fi 802.11 a/b/g/n, dual-band, DLNA, hotspot;PureMotion HD+ ClearBlack display;Corning Gorilla Glass 3;768 x 1280 pixels, 5:3 ratio (~332 ppi density);4.5 inches, 57.6 cm2 (~61.9% screen-to-body ratio);AMOLED;N/A;N/A;N/A;N/A;N/A;Accelerometer, gyro, proximity, compass, barometer;2013, July 11. Released 2013, July 22;Discontinued;N/A;Carl Zeiss optics, Xenon & LED flash, panorama;N/A;N/A;"41 MP, f/2.2, 26mm (wide), 1/1.5"", 1.12µm, AF, OIS";N/A;1080p@30fps, 4x lossless digital zoom;N/A;N/A;No;32GB 2GB RAM, 64GB 2GB RAM (Telefonica exclusive);N/A;Yellow, white, black, red (AT&T exclusive);N/A;About 400 EUR;1.23 W/kg (head)     0.97 W/kg (body);0.76 W/kg (head)     0.67 W/kg (body);2, 4, 5, 17 - RM-877;GSM 850 / 900 / 1800 / 1900 - all versions;HSDPA 850 / 900 / 1900 / 2100 - RM-875, RM-877;1, 3, 7, 8, 20 - RM-875;N/A;N/A;N/A;HSPA 42.2/5.76 Mbps, LTE Cat3 100/50 Mbps;GSM / HSPA / LTE;N/A;Endurance rating 61h;Photo / Video;Contrast ratio: Infinite (nominal), 2.103 (sunlight);Voice 69dB / Noise 66dB / Ring 72dB;N/A;Dual-core 1.5 GHz Krait;Qualcomm MSM8960 Snapdragon S4 Plus;Adreno 225;Microsoft Windows Phone 8, upgradable to 8.1;N/A;N/A;1.2 MP;720p@30fps;N/A;Yes;N/A;Yes
41;Nokia;Nokia 5710 XpressAudio;https://www.gsmarena.com/nokia_5710_xpressaudio-11667.php;N/A;N/A;N/A;N/A;N/A;N/A;Li-Ion 1450 mAh, removable;"Built-in wireless earbuds housed beneath a slider; charging from the phone";N/A;138.9 x 57.7 x 16.2 mm (5.47 x 2.27 x 0.64 in);N/A;Nano-SIMNano-SIM + Nano-SIM;129.1 g (4.55 oz);N/A;5.0, A2DP, LE;N/A;No;No;Wireless FM radio;microUSB 2.0;No;N/A;N/A;240 x 320 pixels, 4:3 ratio (~167 ppi density);2.4 inches, 17.8 cm2 (~22.3% screen-to-body ratio);TFT LCD;N/A;N/A;Yes;No;SMS, MMS;;2022, July 12;Available. Released 2022, July 28;N/A;LED flash;N/A;N/A;0.3 MP;N/A;Unspecified;N/A;Yes;microSDHC;128MB 48MB RAM;Yes;Black/White, Red/White;TA-1504, TA-1498, TA-1496, TA-1488;About 70 EUR;0.88 W/kg (head)     0.64 W/kg (body);1.28 W/kg (head)     1.41 W/kg (body);1, 2, 3, 4, 5, 7, 8, 28, 40 - LATAM;GSM 850 / 900 / 1800 / 1900;HSDPA 850 / 900 / 2100 - International;1, 3, 5, 7, 8, 20 - APAC, EU, RUCIS;N/A;N/A;N/A;HSPA, LTE;GSM / HSPA / LTE;N/A;N/A;N/A;N/A;N/A;N/A;1.0 GHz Cortex-A7;Unisoc T107 (22 nm);N/A;N/A;No;N/A;N/A;N/A;N/A;No;N/A;Yes, with dual speakers
42;Nokia;Nokia 150 (2023);https://www.gsmarena.com/nokia_150_(2023)-12465.php;N/A;N/A;N/A;N/A;N/A;N/A;Li-Ion 1450 mAh, removable;"Flashlight
Splash & dust resistant";N/A;131 x 50.6 x 15.2 mm (5.16 x 1.99 x 0.60 in);N/A;Dual SIM (Mini-SIM, dual stand-by);106.3 g (3.63 oz);N/A;No;N/A;No;No;"FM radio; built-in antenna";microUSB 1.1;No;N/A;N/A;240 x 320 pixels, 4:3 ratio (~167 ppi density);2.4 inches, 17.8 cm2 (~26.9% screen-to-body ratio);TFT LCD, 65K colors;MP3 player;N/A;Yes;No;SMS;No;2023, August 10;Available. Released 2023, September;N/A;LED flash;N/A;N/A;VGA;N/A;;N/A;Yes;microSDHC;4MB;2000 entries;Black, Cyan, Red;N/A;About 60 EUR;N/A;N/A;N/A;GSM 900 / 1800;N/A;N/A;N/A;No;No;N/A;GSM;N/A;N/A;N/A;N/A;N/A;N/A;N/A;N/A;N/A;N/A;No;N/A;N/A;N/A;N/A;Yes;N/A;Yes
43;Nokia;Nokia 5.3;https://www.gsmarena.com/nokia_5_3-10117.php;N/A;N/A;10W wired;N/A;N/A;N/A;Li-Po 4000 mAh;N/A;Glass front (Gorilla Glass 3), plastic back, plastic frame;164.3 x 76.6 x 8.5 mm (6.47 x 3.02 x 0.33 in);N/A;Nano-SIMNano-SIM + Nano-SIM;185 g (6.53 oz);N/A;4.2, A2DP, LE, aptX;N/A;Yes;GPS, GLONASS, BDS;FM radio;USB Type-C 2.0, OTG;Wi-Fi 802.11 b/g/n/ac, Wi-Fi Direct;N/A;Corning Gorilla Glass 3;720 x 1600 pixels, 20:9 ratio (~268 ppi density);6.55 inches, 103.6 cm2 (~82.3% screen-to-body ratio);IPS LCD, 450 nits (typ);N/A;N/A;N/A;N/A;N/A;Fingerprint (rear-mounted), accelerometer, proximity;2020, March 19;Available. Released 2020, April 02;N/A;LED flash, HDR, panorama;N/A;"13 MP, f/1.8, (wide), PDAF
5 MP, 13mm (ultrawide)
2 MP, (macro)
2 MP, (depth)";N/A;N/A;4K@30fps, 1080p@30fps;eMMC 5.1;N/A;microSDXC (dedicated slot);64GB 3GB RAM, 64GB 4GB RAM, 64GB 6GB RAM, 128GB 4GB RAM;N/A;Cyan, Sand, Charcoal;TA-1234, TA-1223, TA-1227, TA-1229;About 290 EUR;1.03 W/kg (head)     0.95 W/kg (body);0.70 W/kg (head)     1.39 W/kg (body);1, 3, 5, 8, 40, 41 - India;GSM 850 / 900 / 1800 / 1900;HSDPA 850 / 900 / 1900 / 2100 - Global;1, 3, 5, 7, 8, 20, 28, 38, 40, 41 - Global;N/A;N/A;N/A;HSPA 42.2/5.76 Mbps, LTE Cat4 150/50 Mbps;GSM / HSPA / LTE;N/A;N/A;N/A;N/A;N/A;N/A;Octa-core (4x2.0 GHz Kryo 260 Gold & 4x1.8 GHz Kryo 260 Silver);Qualcomm SM6125 Snapdragon 665 (11 nm);Adreno 610;Android 10, upgradable to Android 11, Android One;N/A;N/A;8 MP, f/2.0, (wide);1080p@30fps;N/A;Yes;N/A;Yes
44;Nokia;Nokia 808 PureView;https://www.gsmarena.com/nokia_808_pureview-4577.php;N/A;N/A;N/A;N/A;Up to 465 h (2G) / Up to 540 h (3G);Up to 11 h (2G) / Up to 6 h 50 min (3G);Removable Li-Ion 1400 mAh battery (BV-4D);N/A;N/A;123.9 x 60.2 x 13.9 mm, 95.5 cc (4.88 x 2.37 x 0.55 in);N/A;Micro-SIM;169 g (5.96 oz);N/A;3.0, A2DP;N/A;Yes;GPS, A-GPS;"Stereo FM radio, RDS; FM transmitter";microUSB 2.0, OTG;Wi-Fi 802.11 b/g/n, DLNA, UPnP technology;Nokia ClearBlack display;Corning Gorilla Glass;360 x 640 pixels, 16:9 ratio (~184 ppi density);4.0 inches, 44.1 cm2 (~59.1% screen-to-body ratio);AMOLED;HDMI port;N/A;N/A;N/A;N/A;Accelerometer, proximity, compass;2012, February. Released 2012, June;Discontinued;N/A;Carl Zeiss optics, Xenon flash;N/A;N/A;"41 MP (38 MP effective), f/2.4, 1/1.2"", AF";N/A;1080p@30fps, 4x lossless digital zoom;N/A;N/A;microSDHC (dedicated slot);16GB 512MB RAM;N/A;Black, White, Red;N/A;About 280 EUR;1.21 W/kg (head)     1.46 W/kg (body);1.23 W/kg (head);N/A;GSM 850 / 900 / 1800 / 1900;HSDPA 850 / 900 / 1700 / 1900 / 2100;N/A;N/A;N/A;N/A;HSPA 14.4/5.76 Mbps;GSM / HSPA;Noise -89.7dB / Crosstalk -89.0dB;Endurance rating 34h;Photo / Video;Contrast ratio: Infinite (nominal) / 4.698:1 (sunlight);Voice 71dB / Noise 64dB / Ring 78dB;N/A;1.3 GHz ARM 11;N/A;Broadcom BCM2763;Nokia Belle OS;N/A;N/A;VGA;VGA@30fps;N/A;Yes;N/A;Yes
45;Nokia;Nokia 2.4;https://www.gsmarena.com/nokia_2_4-10460.php;N/A;N/A;10W wired;N/A;N/A;N/A;Li-Po 4500 mAh;N/A;N/A;165.9 x 76.3 x 8.7 mm (6.53 x 3.00 x 0.34 in);N/A;Nano-SIM + Nano-SIM;195 g (6.88 oz);N/A;5.0, A2DP, LE;N/A;No;GPS, GLONASS, BDS;FM radio;microUSB 2.0, OTG;Wi-Fi 802.11 b/g/n;N/A;N/A;720 x 1600 pixels, 20:9 ratio (~270 ppi density);6.5 inches, 102.0 cm2 (~80.6% screen-to-body ratio);IPS LCD;N/A;N/A;N/A;N/A;N/A;Fingerprint (rear-mounted), accelerometer, proximity;2020, September 22;Available. Released 2020, September 30;"13 MP, AF
2 MP, (depth)";LED flash, HDR, panorama;N/A;N/A;N/A;N/A;1080p@30fps;eMMC 5.1;N/A;microSDXC (dedicated slot);32GB 2GB RAM, 64GB 3GB RAM;N/A;Fjord, Dusk, Charcoal;TA-1277, TA-1275, TA-1274, TA-1270;About 240 EUR;0.77 W/kg (head)     1.32 W/kg (body);0.27 W/kg (head)     1.54 W/kg (body);N/A;GSM 850 / 900 / 1800 / 1900;HSDPA 850 / 900 / 1900 / 2100;LTE;N/A;N/A;N/A;HSPA 42.2/5.76 Mbps, LTE Cat4 150/50 Mbps;GSM / HSPA / LTE;N/A;N/A;N/A;N/A;N/A;N/A;Octa-core 2.0 GHz Cortex-A53;Mediatek MT6762 Helio P22 (12 nm);PowerVR GE8320;Android 10, upgradable to Android 11;N/A;N/A;5 MP, f/2.4;;N/A;Yes;N/A;Yes
46;Nokia;Nokia 105 (2023);https://www.gsmarena.com/nokia_105_(2023)-12281.php;N/A;N/A;N/A;N/A;N/A;N/A;Li-Ion 1000 mAh;"Flashlight
Splash resistant";N/A;115.1 x 49.4 x 14.5 mm (4.53 x 1.94 x 0.57 in);N/A;Single SIM (Mini-SIM) or Dual SIM (Mini-SIM, dual stand-by);78.7 g (2.75 oz);No;No;N/A;No;No;Wireless FM radio;microUSB 1.1;No;N/A;N/A;120 x 160 pixels, 4:3 ratio (~111 ppi density);1.8 inches, 10.0 cm2 (~17.6% screen-to-body ratio);TFT LCD, 65K colors;N/A;N/A;Yes;No;SMS;;2023, May 18;Available. Released 2023, May 18;N/A;N/A;N/A;N/A;N/A;N/A;N/A;N/A;Yes;No;Unspecified;Yes;Red Terracotta, Cyan, Charcoal;N/A;About 50 EUR;N/A;N/A;N/A;GSM 900 / 1800;N/A;N/A;N/A;Yes;Yes;N/A;GSM;N/A;N/A;N/A;N/A;N/A;N/A;N/A;N/A;N/A;N/A;N/A;N/A;N/A;N/A;N/A;Yes;N/A;Yes
47;Nokia;Nokia N70;https://www.gsmarena.com/nokia_n70-1153.php;N/A;N/A;N/A;N/A;Up to 265 h;Up to 3 h 30 min;Removable Li-Ion 970 mAh battery (BL-5C);N/A;N/A;108.8 x 53 x 21.8 mm, 95.9 cc (4.28 x 2.09 x 0.86 in);N/A;Mini-SIM;126 g (4.44 oz);N/A;2.0;N/A;N/A;No;FM radio;Pop-Port;No;"Five-way scroll key
Downloadable themes";N/A;176 x 208 pixels (~130 ppi density);2.1 inches, 35 x 41 mm, 14.0 cm2 (~24.3% screen-to-body ratio);TFT, 256K colors;"Predictive text input
SyncML
Organizer
Stopwatch
Photo editor
Xpress-on covers
Profiles";WAP 2.0/xHTML, HTML;N/A;N/A;N/A;;2005, Q2;Discontinued;N/A;LED flash;N/A;N/A;2 MP;N/A;Yes;N/A;N/A;RS-DV-MMC, 64 MB included;22MB;N/A;Silver, Ivory/Pearl, Black (Music Edition);N/A;About 110 EUR;0.51 W/kg (head)     0.65 W/kg (body);0.93 W/kg (head);N/A;GSM 900 / 1800 / 1900;UMTS 2100;N/A;N/A;N/A;N/A;Yes, 384 kbps;GSM / UMTS;N/A;N/A;N/A;N/A;N/A;N/A;220 MHz;TI OMAP 1710;N/A;Symbian OS 8.1a , Series 60 UI;N/A;N/A;VGA videocall camera;;N/A;No;"Vibration; Downloadable polyphonic, monophonic, MP3 ringtones";Yes
48;Nokia;Nokia N8;https://www.gsmarena.com/nokia_n8-3252.php;N/A;N/A;N/A;Up to 50 h;Up to 390 h (2G) / Up to 400 h (3G);Up to 12 h (2G) / Up to 5 h 50 min (3G);Non-removable Li-Ion 1200 mAh battery (BL-4D);N/A;N/A;113.5 x 59.1 x 12.9 mm, 86 cc (4.47 x 2.33 x 0.51 in);N/A;Mini-SIM;135 g (4.76 oz);N/A;3.0, A2DP;N/A;N/A;"GPS, A-GPS; Ovi Maps 3.0";"Stereo FM radio, RDS; FM transmitter";microUSB 2.0, OTG;Wi-Fi 802.11 b/g/n, UPnP technology;N/A;Corning Gorilla Glass;360 x 640 pixels, 16:9 ratio (~210 ppi density);3.5 inches, 33.8 cm2 (~50.3% screen-to-body ratio);AMOLED;"TV-out (720p video) via HDMI with Dolby Digital Plus sound
Anodized aluminum casing";WAP 2.0/xHTML, HTML, Adobe Flash Lite;N/A;N/A;N/A;Accelerometer, proximity, compass;2010, April. Released 2010, October;Discontinued;N/A;Carl Zeiss optics, Xenon flash, ND filter;N/A;N/A;"12 MP, 1/1.83"", AF";N/A;720p@25fps, 720p@30fps (via SW update);N/A;N/A;microSDHC (dedicated slot);16GB 256MB RAM;N/A;Dark Grey, Silver White, Green, Blue, Orange, Pink, Bronze;N/A;About 140 EUR;1.09 W/kg (head)     0.85 W/kg (body);1.02 W/kg (head);N/A;GSM 850 / 900 / 1800 / 1900;HSDPA 850 / 900 / 1700 / 1900 / 2100;N/A;N/A;N/A;N/A;HSPA 10.2/2 Mbps;GSM / HSPA;Noise -89.9dB / Crosstalk -90.9dB;N/A;Photo / Video;Contrast ratio: 2.144:1 (sunlight);Voice 75dB / Noise 66dB / Ring 82dB;N/A;680 MHz ARM 11;N/A;Broadcom BCM2727;Symbian^3, upgradable to Nokia Belle Refresh;N/A;N/A;VGA videocall camera;;N/A;Yes;N/A;Yes
49;Nokia;Nokia 2660 Flip;https://www.gsmarena.com/nokia_2660_flip-11668.php;N/A;N/A;Compatible with a charging cradle;N/A;N/A;N/A;Li-Ion 1450 mAh, removable;N/A;N/A;-;N/A;Nano-SIMNano-SIM + Nano-SIM;123 g (4.34 oz);N/A;4.2, A2DP;N/A;No;No;Wireless FM radio;microUSB 2.0;No;"Secondary external 1.77"" display";N/A;240 x 320 pixels, 4:3 ratio (~143 ppi density);2.8 inches, 24.3 cm2;TFT LCD;N/A;N/A;Yes;No;SMS, MMS;;2022, July 12;Available. Released 2022, July 28;N/A;LED flash;N/A;N/A;0.3 MP;N/A;Yes;N/A;Yes;microSDHC;128MB 48MB RAM;Yes;Gray, Blue, Red, Lush Green, Pop Pink;TA-1480, TA-1474, TA-1469;$ 190.00 / € 66.30 / £ 54.00 / ₹ 4,499;0.47 W/kg (head)     1.16 W/kg (body);0.36 W/kg (head)     1.48 W/kg (body);1, 2, 3, 4, 5, 7, 8, 28 - LATAM, BR;GSM 850 / 900 / 1800 / 1900;HSDPA 850 / 900 / 2100 - International;1, 3, 5, 7, 8, 20 - EU, RUCIS;N/A;N/A;N/A;HSPA, LTE;GSM / HSPA / LTE;N/A;N/A;N/A;N/A;N/A;N/A;1.0 GHz Cortex-A7;Unisoc T107 (22 nm);N/A;N/A;No;N/A;N/A;N/A;N/A;Yes;N/A;Yes
50;Nokia;Nokia C12;https://www.gsmarena.com/nokia_c12-12085.php;N/A;N/A;N/A;N/A;N/A;N/A;Li-Ion 3000 mAh, removable;Splash resistant;Glass front, plastic back, plastic frame;160.6 x 74.3 x 8.8 mm (6.32 x 2.93 x 0.35 in);N/A;Nano-SIM + Nano-SIM;177.4 g (6.24 oz);N/A;5.2, A2DP;N/A;No;GPS;FM radio;microUSB 2.0;Wi-Fi 802.11 b/g/n;N/A;Scratch-resistant glass;720 x 1600 pixels, 20:9 ratio (~278 ppi density);6.3 inches, 95.8 cm2 (~80.3% screen-to-body ratio);IPS LCD;N/A;N/A;N/A;N/A;N/A;Accelerometer, proximity;2023, January 18;Available. Released 2023, February 02;N/A;LED flash, HDR;N/A;N/A;8 MP, AF;N/A;Yes;eMMC 5.1;N/A;Unspecified;64GB 2GB RAM, 64GB 3GB RAM;N/A;Dark Cyan, Charcoal, Light Mint;N/A;About 100 EUR;N/A;N/A;N/A;GSM 850 / 900 / 1800 / 1900;HSDPA 850 / 900 / 1900 / 2100;LTE;N/A;N/A;N/A;HSPA, LTE;GSM / HSPA / LTE;N/A;N/A;N/A;N/A;N/A;N/A;Octa-core (4x1.6 GHz Cortex-A55 & 4x1.2 GHz Cortex-A55);Unisoc SC9863A1 (22 nm);IMG8322;Android 12 (Go edition);N/A;N/A;5 MP;720p;N/A;Yes;N/A;Yes
51;Nokia;Nokia 130 Music;https://www.gsmarena.com/nokia_130_music-13686.php;N/A;N/A;N/A;N/A;N/A;N/A;2500 mAh, removable;IP54 dust protected and water resistant (water splashes) - EU only;N/A;130.5 x 52.9 x 14.8 mm (5.14 x 2.08 x 0.58 in);N/A;Dual SIM (Mini-SIM, dual stand-by);83.1 g (2.93 oz);No;5.0, A2DP;N/A;No;No;Unspecified;USB Type-C 1.1;No;N/A;N/A;240 x 320 pixels, 4:3 ratio (~167 ppi density);2.4 inches, 17.8 cm2 (~25.8% screen-to-body ratio);TN TFT;MP3 player;N/A;Yes;No;SMS;No;2025, March 02;Available. Released 2025, March;N/A;N/A;N/A;N/A;N/A;N/A;N/A;N/A;Yes;microSDHC;8MB 8MB RAM;Yes;Dark Blue, Purple, Gray;N/A;N/A;N/A;N/A;N/A;GSM 900 / 1800;N/A;N/A;N/A;No;No;N/A;GSM;N/A;N/A;N/A;N/A;N/A;N/A;N/A;Unisoc 6531F;N/A;N/A;N/A;N/A;N/A;N/A;N/A;Yes;N/A;Yes
52;Nokia;Nokia 220 4G (2024);https://www.gsmarena.com/nokia_220_4g_(2024)-13167.php;N/A;N/A;N/A;N/A;N/A;N/A;Li-Ion 1450 mAh, removable;Flashlight;N/A;127.3 x 54.2 x 11.6 mm (5.01 x 2.13 x 0.46 in);N/A;Nano-SIM + Nano-SIM;-;;5.0, A2DP, LE;N/A;No;No;Wireless FM radio;USB Type-C;No;N/A;N/A;240 x 320 pixels, 4:3 ratio (~143 ppi density);2.8 inches, 24.3 cm2 (~35.2% screen-to-body ratio);TFT LCD;"MP3 player
Cloud Apps portal";N/A;Yes;No;SMS;No;2024, June 25;Available. Released 2024, June 25;N/A;N/A;N/A;N/A;N/A;N/A;N/A;N/A;Yes;microSDHC;128MB 64MB RAM;Yes;Black, Peach;N/A;About 40 EUR;N/A;N/A;1, 3, 5, 8 - VN;GSM 850 / 900 / 1800 / 1900;HSDPA 850 / 900 / 2100;1, 3, 5, 8, 28, 38, 39, 40, 41 - IN, CN;N/A;N/A;N/A;HSPA, LTE;GSM / HSPA / LTE;N/A;N/A;N/A;N/A;N/A;N/A;1.0 GHz Cortex-A7;Unisoc T107 (22 nm);N/A;N/A;N/A;N/A;N/A;N/A;N/A;Yes;N/A;Yes
53;Nokia;Nokia X20;https://www.gsmarena.com/nokia_x20-10838.php;N/A;N/A;18W wired;N/A;N/A;N/A;Li-Po 4470 mAh;N/A;N/A;168.9 x 79.7 x 9.1 mm (6.65 x 3.14 x 0.36 in);N/A;Nano-SIMNano-SIM + Nano-SIM;220 g (7.76 oz);N/A;5.0, A2DP, LE, aptX HD;N/A;Yes;GPS, GLONASS, GALILEO;FM radio;USB Type-C 2.0, OTG;Wi-Fi 802.11 a/b/g/n/ac, dual-band, Wi-Fi Direct;N/A;Corning Gorilla Glass 5;1080 x 2400 pixels, 20:9 ratio (~395 ppi density);6.67 inches, 107.4 cm2 (~79.8% screen-to-body ratio);IPS LCD, 450 nits (typ);N/A;N/A;N/A;N/A;N/A;Fingerprint (side-mounted), accelerometer, gyro, proximity;2021, April 08;Available. Released 2021, May 12;N/A;Zeiss optics, LED flash, HDR, panorama;N/A;"64 MP, (wide), PDAF
5 MP, (ultrawide)
2 MP, (macro)
2 MP, (depth)";N/A;N/A;1080p@30/60fps;N/A;N/A;microSDXC (uses shared SIM slot);128GB 6GB RAM, 128GB 8GB RAM;N/A;Midnight Sun, Nordic Blue;TA-1341, TA-1344;About 130 EUR;1.04 W/kg (head)     0.62 W/kg (body);0.51 W/kg (head)     1.29 W/kg (body);N/A;GSM 850 / 900 / 1800 / 1900;HSDPA 850 / 900 / 1700(AWS) / 1900 / 2100;1, 2, 3, 4, 5, 7, 8, 12, 20, 28, 66, 38, 39, 40, 41;1, 2, 3, 5, 7, 28, 38, 41, 66, 78 SA/NSA/Sub6;N/A;N/A;HSPA, LTE, 5G;GSM / HSPA / LTE / 5G;N/A;N/A;N/A;N/A;N/A;N/A;Octa-core (2x2.0 GHz Kryo 460 & 6x1.8 GHz Kryo 460);Qualcomm SM4350 Snapdragon 480 5G (8 nm);Adreno 619;Android 11, upgradable to Android 14;N/A;N/A;32 MP, (wide);1080p@30fps;N/A;Yes;N/A;Yes
54;Nokia;Nokia 108 4G (2024);https://www.gsmarena.com/nokia_108_4g_(2024)-13482.php;N/A;N/A;N/A;N/A;N/A;N/A;Li-Ion 1450 mAh, removable;Flashlight;N/A;126.1 x 50.5 x X.X mm;N/A;Nano-SIM + Nano-SIM;93 g (3.28 oz);No;Yes;N/A;No;No;Wireless FM radio;USB Type-C;No;N/A;N/A;240 x 320 pixels, 4:3 ratio (~200 ppi density);2.0 inches, 12.4 cm2 (~19.5% screen-to-body ratio);TFT LCD, 65K colors;MP3 player;N/A;Yes;No;SMS;;2024, October 27;Available. Released 2024, November;N/A;N/A;N/A;N/A;N/A;N/A;N/A;N/A;Yes;microSDHC;N/A;Yes;Blue, Cyan, Pink;N/A;N/A;N/A;N/A;N/A;GSM 900 / 1800;HSDPA 850 / 900 / 2100;LTE;N/A;N/A;N/A;HSPA, LTE;GSM / HSPA / LTE;N/A;N/A;N/A;N/A;N/A;N/A;N/A;N/A;N/A;N/A;N/A;N/A;N/A;N/A;N/A;Yes;N/A;Yes
55;Nokia;Nokia 9 PureView;https://www.gsmarena.com/nokia_9_pureview-8867.php;N/A;N/A;"18W wired, PD, QC3
10W wireless (Qi)
5W wireless";N/A;N/A;N/A;Li-Po 3320 mAh, non-removable;IP67 dust/water resistant (up to 1m for 30 min);Glass front (Gorilla Glass 5), glass back, aluminum frame;155 x 75 x 8 mm (6.10 x 2.95 x 0.31 in);N/A;Nano-SIMNano-SIM + Nano-SIM;172 g (6.07 oz);N/A;5.0, A2DP, LE, aptX;N/A;Yes;GPS, GLONASS, BDS;No;USB Type-C 3.1;Wi-Fi 802.11 a/b/g/n/ac, dual-band, Wi-Fi Direct;N/A;Corning Gorilla Glass 5;1440 x 2880 pixels, 18:9 ratio (~538 ppi density);5.99 inches, 92.6 cm2 (~79.7% screen-to-body ratio);P-OLED, HDR10;ANT+;N/A;N/A;N/A;N/A;Fingerprint (under display, optical), accelerometer, gyro, proximity, compass, barometer;2019, February 24. Released 2019, March 15;Discontinued;N/A;Zeiss optics, dual-LED dual-tone flash, HDR, panorama;"5x 12 MP, f/1.8, 28mm (wide), 1/2.9"", 1.25µm
(2x RGB & 3x B/W cameras, working simultaneously)
TOF 3D, (depth)";N/A;N/A;N/A;4K@30fps, 1080p@30fps, HDR;UFS 2.1;N/A;No;128GB 6GB RAM;N/A;Midnight Blue;TA-1094, A-1087, TA-1082;About 210 EUR;1.31 W/kg (head);0.88 W/kg (head)     0.86 W/kg (body);N/A;GSM 850 / 900 / 1800 / 1900 - SIM 1 & SIM 2 (dual-SIM model only);HSDPA 850 / 900 / 1700(AWS) / 1900 / 2100;1, 2, 3, 4, 5, 7, 8, 12, 13, 17, 20, 28, 32, 38, 39, 40, 41, 66 - TA-1082;N/A;N/A;N/A;HSPA 42.2/5.76 Mbps, LTE (5CA) Cat16 1024/150 Mbps;GSM / HSPA / LTE;Noise -94.0dB / Crosstalk -93.2dB;Endurance rating 79h;Photo / Video;Contrast ratio: Infinite (nominal), 5.981 (sunlight);Voice 68dB / Noise 71dB / Ring 81dB;"AnTuTu: 288473 (v7)
GeekBench: 8986 (v4.4)
GFXBench: 19fps (ES 3.1 onscreen)";Octa-core (4x2.8 GHz Kryo 385 Gold & 4x1.7 GHz Kryo 385 Silver);Qualcomm SDM845 Snapdragon 845 (10 nm);Adreno 630;Android 9.0 (Pie), upgradable to Android 10, Android One;N/A;HDR;"20 MP, f/2.0, (wide), 1/2.8"", 1.0µm";4K@30fps, 1080p@30fps, HDR;24-bit/192kHz Hi-Res audio;No;N/A;Yes
56;Nokia;Nokia 6310 (2024);https://www.gsmarena.com/nokia_6310_(2024)-12926.php;N/A;N/A;N/A;N/A;N/A;N/A;Li-Ion 1450 mAh, removable;N/A;N/A;135.5 x 56 x 14.1 mm, 44.8 cc (5.33 x 2.20 x 0.56 in);N/A;Nano-SIM + Nano-SIM;-;N/A;5.0, A2DP, LE;N/A;No;No;Wireless FM radio;USB Type-C;No;N/A;N/A;240 x 320 pixels, 4:3 ratio (~143 ppi density);2.8 inches, 24.3 cm2 (~32.0% screen-to-body ratio);TFT LCD;N/A;N/A;Yes;No;SMS, MMS;;2024, April 11;Available. Released 2024, April 26;N/A;LED flash;N/A;N/A;VGA;N/A;Unspecified;N/A;Yes;microSDHC;16MB 8MB RAM;Yes;Black, Green;N/A;About 70 EUR;N/A;N/A;N/A;GSM 900 / 1800;N/A;N/A;N/A;Yes;Yes;N/A;GSM;N/A;N/A;N/A;N/A;N/A;N/A;N/A;Unisoc 6531F;N/A;N/A;No;N/A;N/A;N/A;N/A;Yes;N/A;Yes
57;Nokia;Nokia 215 4G (2024);https://www.gsmarena.com/nokia_215_4g_(2024)-12969.php;N/A;N/A;N/A;N/A;N/A;N/A;Li-Ion 1450 mAh, removable;Flashlight;N/A;127.3 x 54.2 x 11.6 mm (5.01 x 2.13 x 0.46 in);N/A;Nano-SIM + Nano-SIM;-;;5.0, A2DP, LE;N/A;No;No;Wireless FM radio;USB Type-C;No;N/A;N/A;240 x 320 pixels, 4:3 ratio (~143 ppi density);2.8 inches, 24.3 cm2 (~35.2% screen-to-body ratio);TFT LCD;"MP3 player
Cloud Apps portal";N/A;Yes;No;SMS;No;2024, April 30;Available. Released 2024, May;N/A;N/A;N/A;N/A;N/A;N/A;N/A;N/A;Yes;microSDHC;128MB 64MB RAM;Yes;Peach, Black, Dark Blue;N/A;N/A;N/A;N/A;1, 3, 5, 8 - VN, MM, NP;GSM 850 / 900 / 1800 / 1900;HSDPA 850 / 900 / 2100;1, 3, 5, 7, 8, 20, 28, 38, 40, 41 - EU, EMEA, APAC;N/A;N/A;N/A;HSPA, LTE;GSM / HSPA / LTE;N/A;N/A;N/A;N/A;N/A;N/A;1.0 GHz Cortex-A7;Unisoc T107 (22 nm);N/A;N/A;N/A;N/A;N/A;N/A;N/A;Yes;N/A;Yes
58;Nokia;Nokia N9;https://www.gsmarena.com/nokia_n9-3398.php;N/A;N/A;N/A;Up to 50 h;Up to 380 h (2G) / Up to 450 h (3G);Up to 11 h (2G) / Up to 7 h (3G);Non-removable Li-Ion 1450 mAh battery (BV-5JW);N/A;N/A;116.5 x 61.2 x 12.1 mm, 76 cc (4.59 x 2.41 x 0.48 in);N/A;Micro-SIM;135 g (4.76 oz);N/A;2.1, A2DP, EDR;N/A;Yes;"GPS, A-GPS; Ovi Maps";FM radio (via third party software);microUSB 2.0;Wi-Fi 802.11 a/b/g/n, dual-band, Wi-Fi Direct;Anti-glare polariser;Corning Gorilla Glass;480 x 854 pixels, 16:9 ratio (~251 ppi density);3.9 inches, 41.9 cm2 (~58.8% screen-to-body ratio);AMOLED;"SNS integration
TV-out 
Dolby Digital Plus";WAP 2.0/xHTML, HTML5, RSS feeds;N/A;N/A;N/A;Accelerometer, proximity, compass;2011, June. Released 2011, September;Discontinued;N/A;Carl Zeiss optics, dual-LED flash;N/A;N/A;8 MP, AF;N/A;720p@30fps;N/A;N/A;No;16GB 1GB RAM, 64GB 1GB RAM;N/A;Black, Cyan, Magenta, Glossy white;N/A;About 140 EUR;1.18 W/kg (head)     1.18 W/kg (body);1.16 W/kg (head);N/A;GSM 850 / 900 / 1800 / 1900;HSDPA 850 / 900 / 1700 / 1900 / 2100;N/A;N/A;N/A;N/A;HSPA 14.4/5.76 Mbps;GSM / HSPA;Noise -90.9dB / Crosstalk -83.6dB;Endurance rating 39h;Photo / Video;Contrast ratio: Infinite (nominal) / 3.069:1 (sunlight);Voice 61dB / Noise 58dB / Ring 66dB;N/A;1.0 GHz Cortex A8;TI OMAP 3630;PowerVR SGX530;MeeGo 1.2 Harmattan;N/A;N/A;VGA;;N/A;Yes;N/A;Yes
59;Nokia;Nokia 105 (2024);https://www.gsmarena.com/nokia_105_(2024)-13188.php;N/A;N/A;N/A;N/A;N/A;N/A;1000 mAh, removable;Splash resistant;N/A;115.5 x 49.5 x 14 mm (4.55 x 1.95 x 0.55 in);N/A;Dual SIM (Mini-SIM, dual stand-by);77.5 g (2.75 oz);;No;N/A;No;No;Wireless FM radio;microUSB;No;N/A;N/A;120 x 160 pixels, 4:3 ratio (~100 ppi density);2.0 inches, 12.4 cm2 (~21.7% screen-to-body ratio);TFT LCD, 65K colors;MP3 player;N/A;N/A;N/A;N/A;;2024, July 03;Available. Released 2024, July;N/A;N/A;N/A;N/A;N/A;N/A;N/A;N/A;N/A;microSDHC;4 MB 4 MB RAM;N/A;Black, Blue, Purple;N/A;N/A;N/A;N/A;N/A;GSM 900 / 1800;N/A;N/A;N/A;Yes;Yes;N/A;GSM;N/A;N/A;N/A;N/A;N/A;N/A;N/A;N/A;N/A;RTOS OS;N/A;N/A;N/A;N/A;N/A;Yes;N/A;Yes
60;Nokia;Nokia C300;https://www.gsmarena.com/nokia_c300-12322.php;N/A;N/A;10W wired;N/A;N/A;N/A;Li-Po 4000 mAh;Splash and dust resistant;Glass front, plastic back, plastic frame;166.7 x 76.6 x 8.6 mm (6.56 x 3.02 x 0.34 in);N/A;Nano-SIM;190 g (6.70 oz);N/A;5.0, A2DP;N/A;No;GPS;FM radio;USB Type-C 2.0;Wi-Fi 802.11 b/g/n/ac, dual-band, hotspot;N/A;Scratch-resistant glass;720 x 1600 pixels, 20:9 ratio (~269 ppi density);6.52 inches, 102.6 cm2 (~80.4% screen-to-body ratio);IPS LCD, 400 nits (typ);N/A;N/A;N/A;N/A;N/A;Fingerprint (side-mounted), accelerometer, proximity, barometer;2023, June 02;Available. Released 2023, June 14;N/A;LED flash, HDR, portrait, night;N/A;N/A;N/A;"13 MP, (wide), AF
2 MP, (macro)
2 MP, (depth)";1080p@30fps;eMMC 5.1;N/A;microSDXC (dedicated slot);32GB 3GB RAM;N/A;Blue;N/A;About 60 EUR;N/A;N/A;N/A;GSM 850 / 1900;HSDPA 850 / 1700 / 1900;LTE;N/A;N/A;N/A;HSPA, LTE;GSM / HSPA / LTE;N/A;N/A;N/A;N/A;N/A;N/A;Octa-core (4x2.0 GHz Kryo 260 Gold & 4x1.8 GHz Kryo 260 Silver);Qualcomm SM6115 Snapdragon 662 (11 nm);Adreno 610;Android 12;N/A;N/A;8 MP;Yes;N/A;Yes;N/A;Yes
61;Nokia;Nokia XR20;https://www.gsmarena.com/nokia_xr20-11013.php;N/A;N/A;"18W wired
15W wireless";N/A;N/A;N/A;Li-Po 4630 mAh;"IP68 dust tight and water resistant (immersible up to 1.5m for 60 min)
Drop resistant up to 1.8m
MIL-STD-810H compliant";N/A;171.6 x 81.5 x 10.6 mm (6.76 x 3.21 x 0.42 in);N/A;Nano-SIMNano-SIM + Nano-SIM;248 g (8.75 oz);N/A;5.1, A2DP, LE, aptX Adaptive;N/A;Yes;GPS (L1+L5), GLONASS, BDS, GALILEO, QZSS, NavIC;Unspecified;USB Type-C 3.0;Wi-Fi 802.11 a/b/g/n/ac/6, dual-band, Wi-Fi Direct;N/A;Corning Gorilla Glass Victus;1080 x 2400 pixels, 20:9 ratio (~395 ppi density);6.67 inches, 107.4 cm2 (~76.8% screen-to-body ratio);IPS LCD, 550 nits;N/A;N/A;N/A;N/A;N/A;Fingerprint (side-mounted), accelerometer, gyro, proximity, compass, barometer;2021, July 27;Available. Released 2021, August 04;"48 MP, f/1.8, (wide), 1/2.25"", 0.8µm, PDAF
13 MP, f/2.4, 123˚ (ultrawide), 1/3.0"", 1.12µm";Zeiss optics, Dual-LED dual-tone flash, second LED flash, HDR, panorama;N/A;N/A;N/A;N/A;1080p@30fps;N/A;N/A;microSDXC (uses shared SIM slot);64GB 4GB RAM, 128GB 6GB RAM;N/A;Ultra Blue, Granite Gray;TA-1368, TA-1362;About 270 EUR;N/A;1.13 W/kg (head)     1.43 W/kg (body);CDMA2000 1xEV-DO;GSM 850 / 900 / 1800 / 1900;HSDPA 850 / 900 / 1700(AWS) / 1900 / 2100;1, 2, 3, 4, 5, 7, 8, 12, 13, 14, 20, 25, 26, 28, 30, 38, 40, 41, 48, 66, 71;2, 5, 25, 38, 41, 48, 66, 77, 78 SA/NSA;N/A;N/A;HSPA, LTE, 5G;GSM / CDMA / HSPA / EVDO / LTE / 5G;N/A;N/A;N/A;N/A;N/A;N/A;Octa-core (2x2.0 GHz Kryo 460 & 6x1.8 GHz Kryo 460);Qualcomm SM4350 Snapdragon 480 5G (8 nm);Adreno 619;Android 11, upgradable to Android 13;N/A;N/A;"8 MP, f/2.0 (wide), 1/4.0"", 1.12µm";1080p@30fps;N/A;Yes;N/A;Yes, with stereo speakers
62;Nokia;Nokia C32;https://www.gsmarena.com/nokia_c32-12139.php;N/A;N/A;10W wired;N/A;N/A;N/A;Li-Po 5000 mAh;Splash and dust resistant;Glass front, glass back, plastic frame;164.6 x 75.9 x 8.6 mm (6.48 x 2.99 x 0.34 in);N/A;Nano-SIMNano-SIM + Nano-SIM;199.4 g (7.02 oz);N/A;5.2, A2DP;N/A;No;GPS;Wireless FM radio;USB Type-C 2.0;Wi-Fi 802.11 b/g/n;N/A;Scratch-resistant glass;720 x 1600 pixels, 20:9 ratio (~270 ppi density);6.5 inches, 102.0 cm2 (~81.6% screen-to-body ratio);IPS LCD;N/A;N/A;N/A;N/A;N/A;Fingerprint (side-mounted), accelerometer, proximity;2023, February 25;Available. Released 2023, February 25;"50 MP, (wide), AF
2 MP, (macro)";LED flash, HDR;N/A;N/A;N/A;N/A;1080p@30fps;eMMC 5.1;N/A;microSDXC (dedicated slot);64GB 3GB RAM, 64GB 4GB RAM, 128GB 4GB RAM, 128GB 6GB RAM;N/A;Charcoal, Autumn Green, Beach Pink;N/A;$ 129.00 / € 109.99 / £ 63.99;N/A;N/A;N/A;GSM 850 / 900 / 1800 / 1900;HSDPA 850 / 900 / 2100;LTE;N/A;N/A;N/A;HSPA, LTE;GSM / HSPA / LTE;N/A;N/A;N/A;N/A;N/A;N/A;Octa-core (4x1.6 GHz Cortex-A55 & 4x1.2 GHz Cortex-A55);Unisoc SC9863A1 (22 nm);IMG8322;Android 13;N/A;N/A;8 MP;Yes;N/A;Yes;N/A;Yes
63;Nokia;Nokia 8210 4G;https://www.gsmarena.com/nokia_8210_4g-11666.php;N/A;N/A;N/A;N/A;N/A;N/A;Li-Ion 1450 mAh, removable;N/A;N/A;131.3 x 56.2 x 13.8 mm (5.17 x 2.21 x 0.54 in);N/A;Nano-SIMNano-SIM + Nano-SIM;107 g (3.77 oz);N/A;5.0, A2DP, LE;N/A;No;No;Wireless FM radio;microUSB 2.0;No;N/A;N/A;240 x 320 pixels, 4:3 ratio (~143 ppi density);2.8 inches, 24.3 cm2 (~32.9% screen-to-body ratio);TFT LCD;N/A;N/A;Yes;No;SMS, MMS;;2022, July 12;Available. Released 2022, July 28;N/A;LED flash;N/A;N/A;0.3 MP;N/A;Unspecified;N/A;Yes;microSDHC;128MB 48MB RAM;Yes;Sand, Blue, Red;TA-1507, TA-1494, TA-1489, TA-1485, TA-1483;About 170 EUR;0.98 W/kg (head)     1.34 W/kg (body);0.98 W/kg (head)     1.43 W/kg (body);1, 2, 3, 4, 5, 7, 8, 28, 40 - LATAM;GSM 850 / 900 / 1800 / 1900;HSDPA 850 / 900 / 2100 - International;1, 3, 5, 7, 8, 20 - APAC, EU, RUCIS;N/A;N/A;N/A;HSPA, LTE;GSM / HSPA / LTE;N/A;N/A;N/A;N/A;N/A;N/A;1.0 GHz Cortex-A7;Unisoc T107 (22 nm);N/A;N/A;No;N/A;N/A;N/A;N/A;Yes;N/A;Yes
64;Nokia;Nokia 6300 4G;https://www.gsmarena.com/nokia_6300_4g-10576.php;N/A;N/A;N/A;N/A;N/A;N/A;Removable Li-Ion 1500 mAh battery;N/A;Plastic frame, plastic back;131.4 x 53 x 13.7 mm (5.17 x 2.09 x 0.54 in);N/A;Nano-SIMNano-SIM + Nano-SIM;104.7 g (3.70 oz);N/A;4.0, A2DP;N/A;N/A;GPS, GLONASS;FM radio;microUSB 2.0;Wi-Fi 802.11 b/g/n, hotspot;N/A;N/A;240 x 320 pixels, 4:3 ratio (~167 ppi density);2.4 inches, 17.8 cm2 (~25.6% screen-to-body ratio);TFT LCD, 16M colors;N/A;N/A;N/A;N/A;N/A;;2020, November 13;Available. Released 2021, January 06;N/A;LED flash;N/A;N/A;VGA;N/A;;N/A;N/A;microSDHC;4GB 512MB RAM;N/A;Light Charcoal, White, Cyan Green;TA-1294, TA-1291, TA-1287, TA-1286;About 80 EUR;N/A;1.09 W/kg (head)     1.77 W/kg (body);2, 3, 4, 5, 7, 12, 17, 28, 66, 71 - Americas;GSM 850 / 900 / 1800 / 1900;HSDPA 850 / 900 / 2100 - International;1, 3, 5, 7, 8, 20, 28, 38, 40 - ROW;N/A;N/A;N/A;HSPA, LTE Cat4 150/50 Mbps;GSM / HSPA / LTE;N/A;N/A;N/A;N/A;N/A;N/A;Quad-core 1.1 GHz Cortex-A7;Qualcomm QC8909 Snapdragon 210 (28 nm);Adreno 304;KaiOS 2.5;No;N/A;N/A;N/A;N/A;Yes;N/A;Yes
65;Nokia;Nokia XR21;https://www.gsmarena.com/nokia_xr21-12244.php;N/A;N/A;33W wired, PD2.0, QC3;N/A;N/A;N/A;Li-Po 4800 mAh;"IP68/IP69K dust tight and water resistant (high pressure water jets; immersible up to 1.5m for 60 min)
Drop resistant up to 1.8m
MIL-STD-810H compliant";Glass front (Gorilla Glass Victus), plastic back, plastic frame;168 x 78.6 x 10.5 mm (6.61 x 3.09 x 0.41 in);N/A;Nano-SIM + Nano-SIM + eSIM (max 2 at a time);231 g (8.15 oz);N/A;5.1, A2DP, LE, aptX Adaptive;N/A;Yes (market/region dependent);GPS (L1+L5), GLONASS (G1), BDS (B1I+B1c+B2a), GALILEO (E1+E5a), QZSS (L1+L5), NavIC (L5);Unspecified;USB Type-C 2.0, OTG;Wi-Fi 802.11 a/b/g/n/ac/6, dual-band;N/A;Corning Gorilla Glass Victus;1080 x 2400 pixels, 20:9 ratio (~406 ppi density);6.49 inches, 101.7 cm2 (~77.0% screen-to-body ratio);IPS LCD, 120Hz, 450 nits (typ), 550 nits (HBM);N/A;N/A;N/A;N/A;N/A;Fingerprint (side-mounted), accelerometer, gyro, proximity, compass, barometer;2023, May 03;Available. Released 2023, June 11;"64 MP, f/1.8, (wide), 1/2.0"", PDAF
8 MP, f/2.2, (ultrawide), 1/4.0"", 1.12µm";Dual-LED dual-tone flash, second LED flash, HDR, panorama;N/A;N/A;N/A;N/A;1080p@30fps;N/A;N/A;Unspecified;128GB 6GB RAM;N/A;Midnight Black, Pine Green;N/A;About 570 EUR;N/A;N/A;N/A;GSM 850 / 900 / 1800 / 1900;HSDPA 850 / 900 / 1700(AWS) / 1900 / 2100;1, 2, 3, 4, 5, 7, 8, 12, 13, 17, 20, 25, 26, 28, 32, 38, 39, 40, 41, 42, 43, 48, 66, 71;1, 2, 3, 5, 7, 20, 25, 28, 40, 41, 66, 71, 77, 78, 79 SA/NSA;N/A;N/A;HSPA, LTE, 5G;GSM / HSPA / LTE / 5G;N/A;N/A;N/A;N/A;N/A;N/A;Octa-core (2x2.2 GHz Kryo 660 Gold & 6x1.7 GHz Kryo 660 Silver);Qualcomm SM6375 Snapdragon 695 5G (6 nm);Adreno 619;Android 12;N/A;N/A;16 MP, f/2.4 (wide);1080p@30fps;N/A;Yes;N/A;Yes, with stereo speakers
66;Nokia;Nokia 6;https://www.gsmarena.com/nokia_6-6885.php;N/A;N/A;10W wired;Up to 22 h;Up to 768 h (3G);Up to 18 h (3G);Li-Ion 3000 mAh, non-removable;N/A;Glass front (Gorilla Glass 3), aluminum back, aluminum frame;154 x 75.8 x 7.9 mm (6.06 x 2.98 x 0.31 in);N/A;Nano-SIM + Nano-SIM;169 g (5.96 oz);N/A;4.1, A2DP, LE;N/A;Yes;GPS, GLONASS;FM radio;microUSB 2.0, OTG;Wi-Fi 802.11 a/b/g/n, Wi-Fi Direct;N/A;Corning Gorilla Glass 3;1080 x 1920 pixels, 16:9 ratio (~403 ppi density);5.5 inches, 82.6 cm2 (~70.7% screen-to-body ratio);IPS LCD;N/A;N/A;N/A;N/A;N/A;Fingerprint (front-mounted), accelerometer, gyro, proximity, compass;2017, January. Released 2017, January 19;Discontinued;N/A;Dual-LED dual-tone flash, panorama, HDR;N/A;N/A;16 MP, f/2.0, 1.0µm, PDAF;N/A;1080p@30fps;eMMC 5.1;N/A;microSDXC (uses shared SIM slot);32GB 3GB RAM, 64GB 4GB RAM;N/A;Arte Black, Matte Black, Tempered Blue, Silver, Copper;TA-1021, TA-1033, TA-1000, TA-1003, TA-1025, TA-1039;About 400 EUR;N/A;0.29 W/kg (head);N/A;GSM 850 / 900 / 1800 / 1900 - SIM 1 & SIM 2;HSDPA 850 / 900 / 1900 / 2100;1, 3, 5, 7, 8, 20, 28, 38, 40;N/A;N/A;N/A;HSPA 42.2/5.76 Mbps, LTE Cat4 150/50 Mbps;GSM / HSPA / LTE;N/A;Endurance rating 62h;Photo / Video;Contrast ratio: 1330 (nominal), 3.238 (sunlight);Voice 63dB / Noise 70dB / Ring 82dB;"GeekBench: 2841 (v4.4)
GFXBench: 2.5fps (ES 3.1 onscreen)";Octa-core 1.4 GHz Cortex-A53;Qualcomm MSM8937 Snapdragon 430 (28 nm);Adreno 505;Android 7.1.1 (Nougat), upgradable to Android 9.0 (Pie);N/A;N/A;"8 MP, f/2.0, 1/4.0"", 1.12µm, AF";1080p@30fps;N/A;Yes;N/A;Yes, with stereo speakers
67;Nokia;Nokia 5800 XpressMusic;https://www.gsmarena.com/nokia_5800_xpressmusic-2537.php;N/A;N/A;N/A;Up to 35 h;Up to 406 h (2G) / Up to 406 h (3G);Up to 8 h 45 min (2G) / Up to 5 h (3G);Removable Li-Ion 1320 mAh battery (BL-5J);N/A;N/A;111 x 51.7 x 15.5 mm, 83 cc (4.37 x 2.04 x 0.61 in);N/A;Mini-SIM;109 g (3.84 oz);N/A;2.0, A2DP;N/A;N/A;"GPS, A-GPS; Nokia Maps 2.0 Touch";Stereo FM radio, RDS;microUSB 2.0;Wi-Fi 802.11 b/g, UPnP technology;Handwriting recognition;N/A;360 x 640 pixels, 16:9 ratio (~229 ppi density);3.2 inches, 28.2 cm2 (~49.2% screen-to-body ratio);TFT resistive touchscreen, 16M colors;"MP4/H.264/WMV player
MP3/WAV/еAAC+/WMA player
Photo editor
Organizer
Voice command/dial
TV-out
Predictive text input";WAP 2.0/xHTML, HTML, Adobe Flash Lite;N/A;N/A;N/A;Accelerometer, proximity;2008, October. Released 2008, November;Discontinued;N/A;Carl Zeiss optics, dual-LED flash;N/A;N/A;3.15 MP, AF;N/A;480p@30fps;N/A;N/A;microSDHC (dedicated slot), 8 GB included;81MB 128MB RAM;N/A;Black, Red, Blue;N/A;About 130 EUR;1.11 W/kg (head)     0.90 W/kg (body);0.97 W/kg (head);HSDPA 850 / 1900 - American version;GSM 850 / 900 / 1800 / 1900;HSDPA 900 / 2100;N/A;N/A;N/A;N/A;HSPA 3.6/0.384 Mbps;GSM / HSPA;Noise -92.2dB / Crosstalk -75.0dB;N/A;N/A;N/A;Voice 75dB / Noise 66dB / Ring 68dB;N/A;434 MHz ARM 11;N/A;N/A;Symbian 9.4, Series 60 rel. 5;N/A;N/A;QVGA videocall camera;;N/A;Yes;N/A;Yes, with stereo speakers
68;Nokia;Nokia 150 Music;https://www.gsmarena.com/nokia_150_music-13688.php;N/A;N/A;N/A;N/A;N/A;N/A;2500 mAh, removable;IP54 dust protected and water resistant (water splashes) - EU only;N/A;130.5 x 52.9 x 14.8 mm (5.14 x 2.08 x 0.58 in);N/A;Dual SIM (Mini-SIM, dual stand-by);83.1 g (2.93 oz);N/A;5.0, A2DP;N/A;No;No;Unspecified;USB Type-C 1.1;No;N/A;N/A;240 x 320 pixels, 4:3 ratio (~167 ppi density);2.4 inches, 17.8 cm2 (~25.8% screen-to-body ratio);TN TFT;MP3 player;N/A;Yes;No;SMS;No;2025, March 02;Available. Released 2025, March;N/A;LED flash;N/A;N/A;QVGA;N/A;Yes;N/A;Yes;microSDHC;8MB 8MB RAM;Yes;Blue, Gray, Violet;N/A;N/A;N/A;N/A;N/A;GSM 900 / 1800;N/A;N/A;N/A;No;No;N/A;GSM;N/A;N/A;N/A;N/A;N/A;N/A;N/A;Unisoc 6531F;N/A;N/A;No;N/A;N/A;N/A;N/A;Yes;N/A;Yes
