No;Brand;Device Name;Product URL;Estimated_Price;Popularity_Fans;Battery_Charging;Battery_Type;Body_;Body_Build;Body_Dimensions;Body_SIM;Body_Weight;Comms_Bluetooth;Comms_Infraredport;Comms_NFC;Comms_Positioning;Comms_Radio;Comms_USB;Comms_WLAN;Display_;Display_Protection;Display_Resolution;Display_Size;Display_Type;Features_;Features_Sensors;Launch_Announced;Launch_Status;MainCamera_Dual;MainCamera_Features;MainCamera_Quad;MainCamera_Single;MainCamera_Triple;MainCamera_Video;Memory_;Memory_Cardslot;Memory_Internal;Misc_Colors;Misc_Models;Misc_Price;Network_2Gbands;Network_3Gbands;Network_4Gbands;Network_5Gbands;Network_Speed;Network_Technology;OurTests_Battery;OurTests_Batteryold;OurTests_Camera;OurTests_Display;OurTests_Loudspeaker;OurTests_Performance;Platform_CPU;Platform_Chipset;Platform_GPU;Platform_OS;Selfiecamera_Features;Selfiecamera_Single;Selfiecamera_Video;Sound_;Sound_35mmjack;Sound_Loudspeaker
1;Tecno;Tecno Pop 9;https://www.gsmarena.com/tecno_pop_9-13358.php;N/A;N/A;18W wired;5000 mAh;IP54 dust protected and water resistant (water splashes);Glass front, plastic back, plastic frame;165 x 77 x 8 mm (6.50 x 3.03 x 0.31 in);Nano-SIM + Nano-SIM;189 g (6.67 oz);Yes;Yes;Yes;GPS;Unspecified;USB Type-C;Yes;N/A;N/A;720 x 1612 pixels, 20:9 ratio (~267 ppi density);6.6 inches, 104.6 cm2 (~82.4% screen-to-body ratio);IPS LCD, 120Hz;N/A;"Fingerprint (side-mounted); unspecified sensors";2024, September 24;Available. Released 2024, October 08;N/A;Dual-LED flash, HDR;N/A;"48 MP, (wide), 1/2.0"", 0.8µm, AF
Auxiliary lens";N/A;1080p@30fps;N/A;microSDXC;64GB 4GB RAM, 128GB 4GB RAM;Aurora Cloud, Azure Sky, Midnight Shadow;KL4;₹ 7,799;GSM 850 / 900 / 1800 / 1900;HSDPA 900 / 2100;LTE;SA/NSA;HSPA, LTE, 5G;GSM / HSPA / LTE / 5G;N/A;N/A;N/A;N/A;N/A;N/A;Octa-core (2x2.4 GHz Cortex-A76 & 6x2.0 GHz Cortex-A55);Mediatek Dimensity 6300 (6 nm);Mali-G57 MC2;Android 14;Dual-LED flash;8 MP;Yes;N/A;Yes;Yes, with dual speakers
2;Tecno;Tecno Spark 40C;https://www.gsmarena.com/tecno_spark_40c-14052.php;N/A;N/A;18W wired;6000 mAh;"IP64 dust tight and water resistant (water splashes)
Drop resistant up to 1.5m";Glass front, plastic back, plastic frame;165.6 x 77 x 8.4 mm (6.52 x 3.03 x 0.33 in);Nano-SIM + Nano-SIM;-;Yes;Yes;No;GPS;FM radio;USB Type-C, OTG;Yes;N/A;N/A;720 x 1600 pixels, 20:9 ratio (~263 ppi density);6.67 inches, 107.4 cm2 (~84.2% screen-to-body ratio);IPS LCD, 120Hz;N/A;"Fingerprint (side-mounted); unspecified sensors";2025, July 19;Available. Released 2025, August;N/A;Dual-LED flash, HDR;N/A;13 MP, f/1.8, 27mm (wide), PDAF;N/A;1080p@30fps;N/A;Unspecified;128GB 4GB RAM, 128GB 8GB RAM, 256GB 8GB RAM;Veil White, Ripple Blue, Titanium Grey, Ink Black;KM4k;About 90 EUR;GSM 850 / 900 / 1800 / 1900;HSDPA 900 / 2100;LTE;N/A;HSPA, LTE;GSM / HSPA / LTE;N/A;N/A;N/A;N/A;N/A;N/A;Octa-core (2x2.0 GHz Cortex-A75 & 6x1.8 GHz Cortex-A55);Mediatek Helio G81 (12 nm);Mali-G52 MC2;Android 15, HIOS 15.1;N/A;8 MP;Yes;N/A;Yes;Yes, with dual speakers
3;Tecno;Tecno Pova 4;https://www.gsmarena.com/tecno_pova_4-11926.php;N/A;N/A;18W wired;6000 mAh;N/A;Glass front, plastic frame, plastic back;170.6 x 77.5 x 8.7 mm (6.72 x 3.05 x 0.34 in);Nano-SIM + Nano-SIM;214 g (7.55 oz);Yes;N/A;Yes;GPS;FM radio;USB Type-C 2.0, OTG;Yes;N/A;N/A;720 x 1600 pixels, 20:9 ratio (~257 ppi density);6.82 inches, 112.3 cm2 (~84.9% screen-to-body ratio);IPS LCD, 90Hz;N/A;Fingerprint (side-mounted), accelerometer, gyro, proximity, compass;2022, October 10;Available. Released 2022, October 10;N/A;Dual LED flash;N/A;"50 MP, (wide), PDAF
0.08 MP (auxiliary lens)";N/A;1440p@30fps, 1080p@30fps;N/A;microSDXC (dedicated slot);128GB 8GB RAM;Cryolite Blue, Uranolith Grey;LG7n;N/A;GSM 850 / 900 / 1800 / 1900;HSDPA 850 / 900 / 2100;LTE;N/A;HSPA, LTE;GSM / HSPA / LTE;N/A;N/A;N/A;N/A;N/A;N/A;Octa-core (2x2.2 GHz Cortex-A76 & 6x2.0 GHz Cortex-A55);Mediatek Helio G99 (6 nm);Mali-G57 MC2;Android 12, HIOS 12;LED flash;8 MP;1080p@30fps;N/A;Yes;Yes, with stereo speakers
4;Tecno;Tecno Spark 30;https://www.gsmarena.com/tecno_spark_30-13356.php;N/A;N/A;18W wired;5000 mAh;IP64 dust tight and water resistant (water splashes);Glass front, plastic frame, plastic back or silicone polymer (eco leather) back;168 x 76.4 x 7.7 mm or 7.9 mm;Nano-SIM + Nano-SIM;-;Yes;Yes;Yes;GPS;Unspecified;USB Type-C;Yes;N/A;N/A;1080 x 2460 pixels (~396 ppi density);6.78 inches, 109.2 cm2 (~85.0% screen-to-body ratio);IPS LCD, 90Hz, 800 nits;N/A;"Fingerprint (side-mounted); unspecified sensors";2024, September 21;Available. Released 2024, October;N/A;Quad-LED flash, HDR;N/A;"64 MP, (wide), 1/1.73"", 0.8µm, PDAF
Auxiliary lens";N/A;1440p@30fps, 1080p@30fps;N/A;microSDXC;128GB 8GB RAM, 256GB 8GB RAM;Stellar Shadow, Astral Ice, Magic Skin 3.0, Bumblebee Edition;KL6;N/A;GSM 850 / 900 / 1800 / 1900;HSDPA 900 / 2100;LTE;N/A;HSPA, LTE;GSM / HSPA / LTE;N/A;N/A;N/A;N/A;N/A;N/A;Octa-core (2x2.0 GHz Cortex-A75 & 6x1.8 GHz Cortex-A55);Mediatek Helio G91 (12 nm);Mali-G52 MC2;Android 14, HIOS 14;Dual-LED dual-tone flash;13 MP, (wide);1080p@30fps;N/A;Yes;Yes, with stereo speakers
5;Tecno;Tecno Camon 19;https://www.gsmarena.com/tecno_camon_19-11617.php;N/A;N/A;18W wired;5000 mAh;N/A;N/A;166.6 x 74.4 x 8.3 mm (6.56 x 2.93 x 0.33 in);Nano-SIM + Nano-SIM;198 g (6.98 oz);Yes;N/A;Yes;GPS;FM radio;USB Type-C 2.0, OTG;Yes;N/A;N/A;1080 x 2460 pixels (~395 ppi density);6.8 inches, 109.8 cm2 (~88.6% screen-to-body ratio);IPS LCD;N/A;Fingerprint (side-mounted), accelerometer, proximity;2022, June 15;Available. Released 2022, July 13;N/A;Quad-LED flash, panorama, HDR;N/A;N/A;"64 MP, f/1.7, 26mm (wide), 1/1.7"", 0.8µm, PDAF
2 MP, f/2.4, (depth)
QVGA";1080p@30fps;N/A;Unspecified;128GB 4GB RAM, 128GB 6GB RAM;Eco Black, Sea Salt White, Digital Green;CI6n;N/A;GSM 850 / 900 / 1800 / 1900;HSDPA 850 / 900 / 2100;LTE;N/A;HSPA, LTE;GSM / HSPA / LTE;N/A;N/A;N/A;N/A;N/A;N/A;Octa-core (2x2.0 GHz Cortex-A75 & 6x1.8 GHz Cortex-A55);Mediatek MT6769Z Helio G85 (12 nm);Mali-G52 MC2;Android 12, HIOS 8.6;N/A;16 MP, f/2.0, (wide);1080p@30fps;N/A;Yes;Yes
6;Tecno;Tecno Camon 30S;https://www.gsmarena.com/tecno_camon_30s-13426.php;N/A;N/A;33W wired, 0-100% in 45 min;5000 mAh;"IP53 dust protected and water resistant
(vertical water sprays)";N/A;164.5 x 74.6 x 7.6 mm (6.48 x 2.94 x 0.30 in);Nano-SIM + Nano-SIM;-;Yes;Yes;Yes;GPS;FM radio;USB Type-C 2.0, OTG;Yes;N/A;Corning Gorilla Glass;1080 x 2436 pixels (~393 ppi density);6.78 inches, 109.9 cm2 (~89.5% screen-to-body ratio);AMOLED, 120Hz, 1300 nits (HBM);N/A;Fingerprint (under display, optical), accelerometer, gyro, proximity, compass;2024, October 10;Available. Released 2024, October 10;N/A;Dual-LED flash, HDR, panorama;N/A;N/A;"50 MP, f/1.9, (wide), 1/1.56"", 1.0µm, PDAF, OIS
2 MP, (depth)
Auxiliary lens";Yes;N/A;Unspecified;128GB 6GB RAM, 128GB 8GB RAM, 256GB 8GB RAM;Nebula Violet, Blue, Celestial Black, Dawn Gold;CLA5;About 200 EUR;GSM 850 / 900 / 1800 / 1900;HSDPA 850 / 900 / 2100;LTE;N/A;HSPA, LTE;GSM / HSPA / LTE;N/A;N/A;N/A;N/A;N/A;N/A;Octa-core (2x2.2 GHz Cortex-A76 & 6x2.0 GHz Cortex-A55);Mediatek Helio G100 (6 nm);Mali-G57 MC2;Android 14, up to 2 major Android upgrades, HIOS 14;Dual-LED flash;13 MP;Yes;N/A;No;Yes, with dual speakers
7;Tecno;Tecno Spark 6 Go;https://www.gsmarena.com/tecno_spark_6_go-10636.php;N/A;N/A;N/A;5000 mAh;N/A;N/A;165.6 x 76.3 x 9.1 mm (6.52 x 3.00 x 0.36 in);Nano-SIM + Nano-SIM;-;4.2, A2DP;N/A;No;GPS;FM radio;microUSB 2.0;Wi-Fi 802.11 b/g/n;N/A;Corning Gorilla Glass 3;720 x 1600 pixels, 20:9 ratio (~269 ppi density);6.52 inches, 102.6 cm2 (~81.2% screen-to-body ratio);IPS LCD;N/A;Fingerprint (rear-mounted), accelerometer, proximity;2020, November 22;Available. Released 2020, November 23;"13 MP, f/1.8, AF
QVGA";Dual-LED flash, panorama, HDR;N/A;N/A;N/A;1080p@30fps;eMMC 5.1;microSDXC;32GB 2GB RAM, 32GB 3GB RAM, 64GB 3GB RAM, 64GB 4GB RAM;Ice Jadelite, Mystery White, Aqua Blue;KE5j, KE5k;About 70 EUR;GSM 850 / 900 / 1800 / 1900;HSDPA 850 / 900 / 2100;1, 3, 5, 7, 8, 20, 28, 38, 40, 41;N/A;HSPA 42.2/5.76 Mbps, LTE Cat4 150/50 Mbps;GSM / HSPA / LTE;N/A;N/A;N/A;N/A;N/A;N/A;Octa-core (4x1.8 GHz Cortex-A53 & 4x1.5 GHz Cortex-A53)Quad-core 1.8 GHz Cortex-A53;Mediatek MT6761D Helio A20 (12 nm) - 2GB, 3GB modelMediatek MT6762D Helio A25 (12 nm) - 4GB model;PowerVR GE8320;Android 10 (Go edition), HIOS 6.2;LED flash;8 MP, f/2.0;;N/A;Yes;Yes
8;Tecno;Tecno Camon 40 Pro;https://www.gsmarena.com/tecno_camon_40_pro_5g-13695.php;N/A;N/A;45W wired, 50% in 23 min, 100% in 43 min;5200 mAh;"IP68/IP69 dust tight and water resistant (high pressure water jets; immersible up to 2m for 30 min)";Glass front (Gorilla Glass 7i), plastic back, plastic frame;164.3 x 74.6 x 7.3 mm (6.47 x 2.94 x 0.29 in);Nano-SIM + Nano-SIM;179 g (6.31 oz);Yes;Yes;Yes;GPS;FM radio;USB Type-C 2.0, OTG;Yes;HDR image support;Corning Gorilla Glass 7i;1080 x 2436 pixels (~393 ppi density);6.78 inches, 109.9 cm2 (~89.7% screen-to-body ratio);AMOLED, 144Hz;Circle to Search;Fingerprint (under display, optical), accelerometer, gyro, proximity, compass;2025, March 03;Available. Released 2025, May;"50 MP, f/1.9, 23mm (wide), 1/1.56"", 1.0µm, PDAF, OIS
8 MP, (ultrawide), 1/4.0"", 1.12µm, AF";Dual-LED flash, HDR, panorama;N/A;N/A;N/A;4K@30/60fps (HDR), 1080p@30fps;UFS 2.x;No;256GB 8GB RAM, 256GB 12GB RAM;Emerald Lake Green, Galaxy Black, Glacier White;CM7;N/A;GSM 850 / 900 / 1800 / 1900;HSDPA 850 / 900 / 1700(AWS) / 1900 / 2100;LTE;SA/NSA;HSPA, LTE, 5G;GSM / HSPA / LTE / 5G;Active use score 13:51h;N/A;N/A;1045 nits max brightness (measured);-28.7 LUFS (Average);"AnTuTu: 700909 (v10)
GeekBench: 3218 (v6)
3DMark: 873 (Wild Life Extreme)";Octa-core (4x2.5 GHz Cortex-A78 & 4x2.0 GHz Cortex-A55);Mediatek Dimensity 7300 (4 nm);Mali-G615 MC2;Android 15, up to 3 major Android upgrades, HIOS 15;N/A;"50 MP, f/2.5, 24mm (wide), 1/2.8"", 0.64µm, PDAF";4K@30fps, 1080p@30/60fps;24-bit/192kHz Hi-Res audio;No;Yes, with stereo speakers
9;Tecno;Tecno Pova 6 Pro;https://www.gsmarena.com/tecno_pova_6_pro-12830.php;N/A;N/A;"70W wired, 50% in 20 min, 100% in 50 min
10W reverse wired";6000 mAh;"IP53 dust protected and water resistant
(vertical water sprays)";Glass front, plastic frame, plastic back;165.5 x 76.1 x 7.9 mm (6.52 x 3.00 x 0.31 in);Nano-SIM + Nano-SIM;198 g (6.98 oz);5.3, A2DP, LE;Yes;Yes;GPS, GLONASS, GALILEO, BDS;FM radio;USB Type-C 2.0;Wi-Fi 802.11 a/b/g/n/ac, dual-band;N/A;N/A;1080 x 2436 pixels (~393 ppi density);6.78 inches, 109.9 cm2 (~87.2% screen-to-body ratio);AMOLED, 120Hz, 1300 nits (peak);N/A;Fingerprint (under display, optical), accelerometer, gyro, proximity, compass;2024, February 26;Available. Released 2024, April 4;"108 MP, f/1.9, 24mm (wide), 1/1.52"", 0.7µm, PDAF
2 MP, (depth)
0.08 MP (auxiliary lens)";Dual-LED flash;N/A;N/A;N/A;1440p@30fps, 1080p@30/60fps;N/A;microSDXC (dedicated slot);256GB 8GB RAM, 256GB 12GB RAM;Comet Green, Meteorite Grey;LI9;About 410 EUR;GSM 850 / 900 / 1800 / 1900;HSDPA 850 / 900 / 2100;LTE;SA/NSA;HSPA, LTE, 5G;GSM / HSPA / LTE / 5G;Active use score 14:22h;N/A;N/A;1070 nits max brightness (measured);-25.2 LUFS (Very good);"AnTuTu: 390556 (v9), 433321 (v10)

GeekBench: 1890 (v5), 2035 (v6)
3DMark: 373 (Wild Life Extreme)";Octa-core (2x2.4 GHz Cortex-A76 & 6x2.0 GHz Cortex-A55);Mediatek Dimensity 6080 (6 nm);Mali-G57 MC2;Android 14, HIOS 14;Dual-LED dual-tone flash;"32 MP, f/2.2, 22mm (wide), 1/3.1"", 0.7µm";1440p@30fps, 1080p@30/60fps;24-bit/192kHz Hi-Res & Hi-Res wireless audio;Yes;Yes, with stereo speakers
10;Tecno;Tecno Pova 6 Neo;https://www.gsmarena.com/tecno_pova_6_neo-12911.php;N/A;N/A;33W wired;7000 mAh;"IP53 dust protected and water resistant
(vertical water sprays)";Glass front;168.6 x 76.6 x 9.2 mm (6.64 x 3.02 x 0.36 in);Nano-SIM + Nano-SIM;-;Yes;N/A;Yes;GPS, GLONASS, GALILEO, BDS;FM radio;USB Type-C 2.0;Yes;N/A;N/A;1080 x 2460 pixels (~396 ppi density);6.78 inches, 109.2 cm2 (~84.5% screen-to-body ratio);IPS LCD, 1B colors, 120Hz, 580 nits (typ);N/A;Fingerprint (side-mounted), accelerometer, gyro, proximity, compass;2024, April 04;Available. Released 2024, May;N/A;Quad-LED flash;N/A;50 MP, (wide), PDAF;N/A;1440p@30fps, 1080p@30/60fps;N/A;No;128GB 8GB RAM, 256GB 8GB RAM;Starry Silver, Speed Black, Comet Green;N/A;N/A;GSM 850 / 900 / 1800 / 1900;HSDPA 850 / 900 / 2100;LTE;N/A;HSPA, LTE;GSM / HSPA / LTE;N/A;N/A;N/A;N/A;N/A;N/A;Octa-core (2x2.2 GHz Cortex-A76 & 6x2.0 GHz Cortex-A55);Mediatek Helio G99 Ultimate (6 nm);Mali-G57 MC2;Android 14, HIOS 14;Dual-LED dual-tone flash;8 MP, (wide);1440p@30fps, 1080p@30/60fps;24-bit/192kHz Hi-Res & Hi-Res wireless audio;Yes;Yes, with stereo speakers
11;Tecno;Tecno Pova Curve;https://www.gsmarena.com/tecno_pova_curve_5g-13915.php;N/A;N/A;45W wired, 50% in 15 min, 100% in 45 min;Li-Po 5500 mAh;IP64 dust tight and water resistant (water splashes);Glass front (Gorilla Glass 7i), plastic frame, plastic back;164.3 x 74.6 x 7.5 mm (6.47 x 2.94 x 0.30 in);Nano-SIM + Nano-SIM;188.5 g (6.67 oz);5.4, A2DP, LE;Yes;Yes;GPS;FM radio;USB Type-C 2.0, OTG;Wi-Fi 802.11 a/b/g/n/ac/6, dual-band;N/A;Corning Gorilla Glass 7i;1080 x 2436 pixels (~393 ppi density);6.78 inches, 109.9 cm2 (~89.7% screen-to-body ratio);AMOLED, 144Hz, 2304Hz PWM, 1300 nits (peak);Circle to Search;Fingerprint (under display, optical), accelerometer, proximity, compass;2025, May 29;Available. Released 2025, June 05;"64 MP, f/1.8, (wide), 1/1.73"", 0.8µm, PDAF
2 MP, f/2.4, (depth)";LED flash, HDR, panorama;N/A;N/A;N/A;4K@30fps, 1080p@30fps;UFS 2.2;No;128GB 6GB RAM, 128GB 8GB RAM;Neon Cyan, Magic Silver, Geek Black;LJ8k;About 170 EUR;GSM 850 / 900 / 1800 / 1900;HSDPA 850 / 900 / 1700(AWS) / 1900 / 2100;LTE;SA/NSA;HSPA, LTE, 5G;GSM / HSPA / LTE / 5G;N/A;N/A;N/A;N/A;N/A;N/A;Octa-core (4x2.5 GHz Cortex-A78 & 4x2.0 GHz Cortex-A55);Mediatek Dimensity 7300 Ultimate (4 nm);Mali-G615 MC2;Android 15, planned upgrade to Android 16, HIOS 15;N/A;13 MP;4K@30fps, 1080p@30fps;N/A;No;Yes, with stereo speakers (with Dolby Atmos)
12;Tecno;Tecno Spark 30C;https://www.gsmarena.com/tecno_spark_30c-13310.php;N/A;N/A;18W wired;5000 mAh;IP54 dust protected and water resistant (water splashes);Glass front, plastic back, plastic frame;-;Nano-SIM + Nano-SIM;-;Yes;Yes;No;GPS;Unspecified;USB Type-C, OTG;Yes;N/A;N/A;720 x 1600 pixels, 20:9 ratio (~263 ppi density);6.67 inches, 107.4 cm2;IPS LCD, 120Hz;N/A;Fingerprint (side-mounted), accelerometer, compass;2024, September 09;Available. Released 2024, October;N/A;LED flash, HDR;N/A;"50 MP, (wide), 1/2.8"", PDAF
Auxiliary lens";N/A;1080p@30fps;N/A;microSDXC;128GB 4GB RAM, 128GB 6GB RAM, 256GB 4GB RAM, 256GB 8GB RAM;Orbit Black, Orbit White, Magic Skin 3.0;kl5, kl5n;€ 132.20;GSM 850 / 900 / 1800 / 1900;HSDPA 900 / 2100;LTE;N/A;HSPA, LTE;GSM / HSPA / LTE;N/A;N/A;N/A;N/A;N/A;N/A;Octa-core (2x2.0 GHz Cortex-A75 & 6x1.8 GHz Cortex-A55);Mediatek Helio G81;Mali-G52 MC2;Android 14;N/A;8 MP;Yes;N/A;Yes;Yes, with stereo speakers
13;Tecno;Tecno Spark 20 Pro 5G;https://www.gsmarena.com/tecno_spark_20_pro_5g-13124.php;N/A;N/A;33W wired;5000 mAh;"IP53 dust protected and water resistant
(vertical water sprays)";N/A;168.5 x 76.2 x 8.3 mm or 8.5 mm;Nano-SIM + Nano-SIM;200 g or 201.5 g (7.05 oz);5.3, A2DP, LE;N/A;Yes;GPS, GLONASS;FM radio;USB Type-C;Wi-Fi 802.11 a/b/g/n/ac, dual-band;N/A;N/A;1080 x 2460 pixels (~396 ppi density);6.78 inches, 109.2 cm2 (~85.0% screen-to-body ratio);IPS LCD, 120Hz;N/A;Fingerprint (side-mounted), accelerometer, proximity, compass;2024, June 17;Available. Released 2024, June 20;"108 MP, f/1.8, (wide), 1/1.67"", 0.64µm, PDAF
2 MP, f/2.4, (macro)";Quad-LED flash;N/A;N/A;N/A;1440p@30fps, 1080p@30fps;N/A;microSDXC (dedicated slot);128GB 8GB RAM, 256GB 8GB RAM;Startrail Black, Glossy White, Neon Green;KJ8;About 180 EUR;GSM 850 / 900 / 1800 / 1900;HSDPA 850 / 900 / 1700(AWS) / 1900 / 2100;LTE;SA/NSA;HSPA, LTE, 5G;GSM / HSPA / LTE / 5G;N/A;N/A;N/A;N/A;N/A;N/A;Octa-core (2x2.4 GHz Cortex-A76 & 6x2.0 GHz Cortex-A55);Mediatek Dimensity 6080 (6 nm);Mali-G57 MC2;Android 14;Dual-LED dual-tone flash;8 MP, (wide);1440p@30fps, 1080p@30fps;24-bit/192kHz Hi-Res & Hi-Res wireless audio;No;Yes, with stereo speakers
14;Tecno;Tecno Spark 20C;https://www.gsmarena.com/tecno_spark_20c-12710.php;N/A;N/A;18W wired;5000 mAh;N/A;Glass front, plastic back, plastic frame;163.7 x 75.6 x 8.6 mm (6.44 x 2.98 x 0.34 in);Nano-SIM + Nano-SIM;-;Yes;N/A;No;GPS;FM radio;USB Type-C, OTG;Yes;N/A;N/A;720 x 1612 pixels, 20:9 ratio (~267 ppi density);6.6 inches, 104.6 cm2 (~84.6% screen-to-body ratio);IPS LCD, 90Hz;N/A;Fingerprint (side-mounted), accelerometer, compass;2023, November 27;Available. Released 2023, December;N/A;Dual-LED flash, HDR;N/A;"50 MP, (wide), 1/2.8"", PDAF
0.08 MP (auxiliary lens)";N/A;1080p@30fps;N/A;microSDXC;128GB 4GB RAM, 128GB 8GB RAM, 256GB 4GB RAM;Mystery White, Alpenglow Gold, Magic Skin, Gravity Black;BG7n, BG7;About 140 EUR;GSM 850 / 900 / 1800 / 1900;HSDPA 900 / 2100;LTE;N/A;HSPA, LTE;GSM / HSPA / LTE;N/A;N/A;N/A;N/A;N/A;N/A;Octa-core 2.2 GHz Cortex-A53;Mediatek;N/A;Android 13;Dual-LED flash;8 MP;Yes;N/A;Yes;Yes, with stereo speakers
15;Tecno;Tecno Camon 30 Premier;https://www.gsmarena.com/tecno_camon_30_premier-12845.php;N/A;N/A;70W wired, 100% in 45 min;5000 mAh;IP54 dust protected and water resistant (water splashes);Glass front (Gorilla Glass 5), aluminum frame, aluminum back with silicone polymer finish (eco leather);162.7 x 76.2 x 7.9 mm (6.41 x 3.00 x 0.31 in);Nano-SIM + Nano-SIM;210 g (7.41 oz);5.3, A2DP, LE;Yes;Yes;GPS;FM radio;USB Type-C 2.0, OTG;Wi-Fi 802.11 a/b/g/n/ac, dual-band;N/A;Corning Gorilla Glass 5;1264 x 2780 pixels (~451 ppi density);6.77 inches, 111.4 cm2 (~89.9% screen-to-body ratio);LTPO AMOLED, 1B colors, 120Hz, HDR, 1400 nits (HBM);N/A;Fingerprint (under display, optical), accelerometer, gyro, proximity, compass;2024, February 27;Available. Released 2024, May;N/A;Quad-LED flash, HDR, panorama;N/A;N/A;"50 MP, f/1.9, 23mm (wide), 1/1.56"", 1.0µm, PDAF, OIS
50 MP, f/2.2, 70mm (periscope telephoto), 1/2.76"", 0.64µm, PDAF, 3x optical zoom
50 MP, f/2.2, 14mm, 114˚ (ultrawide), 1/2.76"", 0.64µm, PDAF";4K@30/60fps (HDR), 1080p@30fps;N/A;No;512GB 12GB RAM;Alps Snowy Silver, Hawaii Lava Black;CL9;₹ 26,999;GSM 850 / 900 / 1800 / 1900;HSDPA 850 / 900 / 1700(AWS) / 1900 / 2100;LTE;SA/NSA;HSPA, LTE, 5G;GSM / HSPA / LTE / 5G;Active use score 13:29h;N/A;N/A;854 nits max brightness (measured);-21.9 LUFS (Excellent);"AnTuTu: 949550 (v10)
GeekBench: 3930 (v6)
3DMark: 1740 (Wild Life Extreme)";Octa-core (1x3.1 GHz Cortex-A78 & 3x3.0 GHz Cortex-A78 & 4x2.0 GHz Cortex-A55);Mediatek Dimensity 8200 Ultimate (4 nm);Mali-G610 MC6;Android 14, up to 2 major Android upgrades, HIOS 14;N/A;"50 MP, f/2.5, 24mm (wide), 1/2.8"", 0.64µm, PDAF";4K@30fps, 1080p;24-bit/192kHz Hi-Res audio;No;Yes, with dual speakers
16;Tecno;Tecno Spark Go 2023;https://www.gsmarena.com/tecno_spark_go_2023-12086.php;N/A;N/A;10W wired;5000 mAh;N/A;N/A;163.9 x 75.5 x 8.9 mm (6.45 x 2.97 x 0.35 in);Nano-SIM + Nano-SIM;-;5.0, A2DP, LE;N/A;Unspecified;GPS;FM radio;USB Type-C 2.0, OTG;Wi-Fi 802.11 b/g/n;N/A;N/A;720 x 1600 pixels, 20:9 ratio (~267 ppi density);6.6 inches, 104.4 cm2 (~84.4% screen-to-body ratio);IPS LCD;N/A;Fingerprint (rear-mounted), accelerometer, proximity;2023, January 19;Available. Released 2023, January 24;"13 MP, f/1.9, (wide), AF
QVGA";Dual-LED flash, panorama, HDR;N/A;N/A;N/A;1080p@30fps;eMMC 5.1;microSDXC (dedicated slot);32GB 3GB RAM, 64GB 3GB RAM, 64GB 4GB RAM;Endless Black, Nebula Purple, Uyuni Blue, Skin Orange;BF7n;About 90 EUR;GSM 850 / 900 / 1800 / 1900;HSDPA 900 / 2100;LTE;N/A;HSPA, LTE;GSM / HSPA / LTE;N/A;N/A;N/A;N/A;N/A;N/A;Quad-core 2.0 GHz Cortex-A53;Mediatek MT6761 Helio A22 (12 nm);PowerVR GE8320;Android 12, HIOS 12;N/A;5 MP;Yes;N/A;Yes;Yes
17;Tecno;Tecno Pova 6 Neo 5G;https://www.gsmarena.com/tecno_pova_6_neo_5g-13326.php;N/A;N/A;18W wired;5000 mAh;IP54 dust protected and water resistant (water splashes);N/A;165.4 x 76.8 x 7.8 mm (6.51 x 3.02 x 0.31 in);Nano-SIM + Nano-SIM;192.3 (6.77 oz);5.3, A2DP, LE;N/A;Yes;GPS, GLONASS, GALILEO, BDS;Unspecified;USB Type-C 2.0;Wi-Fi 802.11 a/b/g/n/ac, dual-band;N/A;N/A;720 x 1600 pixels, 20:9 ratio (~263 ppi density);6.67 inches, 107.4 cm2 (~84.6% screen-to-body ratio);IPS LCD, 120Hz;N/A;Fingerprint (side-mounted), accelerometer, proximity, compass;2024, September 11;Available. Released 2024, September 14;"108 MP, f/1.9, (wide), PDAF
Unspecified camera";Dual-LED flash;N/A;N/A;N/A;Yes;UFS 2.2;microSDXC (dedicated slot);128GB 6GB RAM, 256GB 8GB RAM;Azure Sky, Midnight Shadow, Aurora Cloud;N/A;₹ 9,999;GSM 850 / 900 / 1800 / 1900;HSDPA 850 / 900 / 2100;LTE;SA/NSA;HSPA, LTE, 5G;GSM / HSPA / LTE / 5G;N/A;N/A;N/A;N/A;N/A;N/A;Octa-core (2x2.4 GHz Cortex-A76 & 6x2.0 GHz Cortex-A55);Mediatek Dimensity 6300 (6 nm);Mali-G57 MC2;Android 14, HIOS 14.5;N/A;8 MP, f/2.0;Yes;N/A;Yes;Yes, with stereo speakers
18;Tecno;Tecno Pova 5;https://www.gsmarena.com/tecno_pova_5-12393.php;N/A;N/A;"45W wired, 50% in 21 min, 100% in 60 min
10W reverse wired";6000 mAh;N/A;Glass front, plastic frame, plastic back;168.6 x 76.6 x 9 mm (6.64 x 3.02 x 0.35 in);Nano-SIM + Nano-SIM;219.4 g (7.76 oz);Yes;N/A;Yes;GPS, GLONASS, GALILEO, BDS;FM radio;USB Type-C 2.0, OTG;Wi-Fi 802.11 a/b/g/n/ac, dual-band;N/A;N/A;1080 x 2460 pixels (~396 ppi density);6.78 inches, 109.2 cm2 (~84.5% screen-to-body ratio);IPS LCD, 120Hz, 580 nits (typ);N/A;Fingerprint (side-mounted), accelerometer, gyro, proximity, compass;2023, June 29;Available. Released 2023, July;N/A;Dual LED flash;N/A;"50 MP, f/1.6, (wide), 1/2.76"", PDAF
0.08 MP (auxiliary lens)";N/A;1440p@30fps, 1080p@30fps;UFS 2.2;microSDXC;128GB 8GB RAM, 256GB 8GB RAM;Mecha Black, Amber Gold, Hurricane Blue, Free Fire Edition;LH7n;About 130 EUR;GSM 850 / 900 / 1800 / 1900;HSDPA 850 / 900 / 2100;LTE;N/A;HSPA, LTE;GSM / HSPA / LTE;N/A;N/A;N/A;N/A;N/A;N/A;Octa-core (2x2.2 GHz Cortex-A76 & 6x2.0 GHz Cortex-A55);Mediatek Helio G99 (6 nm);Mali-G57 MC2;Android 13, HIOS 13;LED flash;8 MP;1080p@30fps;24-bit/192kHz Hi-Res & Hi-Res Wireless audio;Yes;Yes, with stereo speakers
19;Tecno;Tecno Spark 40 Pro+;https://www.gsmarena.com/tecno_spark_40_pro+-13986.php;N/A;N/A;"45W wired, 100% in 55 min
30W wireless
5W reverse wireless
10W reverse wired
Bypass charging";5200 mAh;"IP64 dust tight and water resistant (water splashes)
Drop resistant up to 1.5m";Glass front (Gorilla Glass 7i), plastic back, plastic frame;163.9 x 75.8 x 6.5 mm (6.45 x 2.98 x 0.26 in);Nano-SIM + Nano-SIM;160.4 g (5.64 oz);5.3, A2DP, LE;Yes;Yes (market/region dependent);GPS;FM radio;USB Type-C 2.0, OTG;Wi-Fi 802.11 a/b/g/n/ac, dual-band;N/A;Corning Gorilla Glass 7i;1224 x 2720 pixels, 20:9 ratio (~440 ppi density);6.78 inches, 111.0 cm2 (~89.3% screen-to-body ratio);AMOLED, 1B colors, 144Hz, 1600 nits (HBM), 4500 nits (peak);Circle to Search;Fingerprint (under display, optical), accelerometer, gyro, proximity, compass;2025, July 02;Available. Released 2025, July 07;N/A;Dual-LED flash, HDR;N/A;"50 MP, f/1.6, (wide), 1/2.8"", 0.64µm, PDAF
Auxiliary lens";N/A;1440p@30fps, 1080p@30fps, gyro-EIS;N/A;No;128GB 8GB RAM, 256GB 8GB RAM;Nebula Black, Aurora White, Moon Titanium, Tundra Green;KM7;About 180 EUR;GSM 850 / 900 / 1800 / 1900;HSDPA 850 / 900 / 1700(AWS) / 1900 / 2100;1, 2, 3, 4, 5, 7, 8, 12, 20, 28, 38, 40, 41, 66;N/A;HSPA, LTE;GSM / HSPA / LTE;Active use score 10:48h;N/A;N/A;1601 nits max brightness (measured);-28.7 LUFS (Average);"AnTuTu: 455013 (v10)
GeekBench: 1903 (v6)
3DMark: 378 (Wild Life Extreme)";Octa-core (2x2.2 GHz Cortex-A76 & 6x2.0 GHz Cortex-A55);Mediatek Helio G200 (6 nm);Mali-G57 MC2 (1.1GHz);Android 15, up to 3 major Android upgrades, HIOS 15;Dual-LED flash;"13 MP, f/2.2, (wide), 1/3.1"", 1.12µm";1080p@30fps;24-bit/192kHz Hi-Res & Hi-Res Wireless audio;No;Yes, with stereo speakers
20;Tecno;Tecno Camon 30;https://www.gsmarena.com/tecno_camon_30-12848.php;N/A;N/A;70W wired, 0-100% in 45 min;5000 mAh;N/A;Glass front, glass back or silicone polymer back (eco leather);165.3 x 75.3 x 7.7 mm (6.51 x 2.96 x 0.30 in);Nano-SIM + Nano-SIM;-;5.3, A2DP, LE;Yes;Yes;GPS;FM radio;USB Type-C 2.0, OTG;Wi-Fi 802.11 a/b/g/n/ac, dual-band;N/A;N/A;1080 x 2436 pixels (~393 ppi density);6.78 inches, 109.9 cm2 (~88.3% screen-to-body ratio);AMOLED, 120Hz;N/A;Fingerprint (under display, optical), accelerometer, gyro, proximity, compass;2024, February 27;Available. Released 2024, April 02;"50 MP, f/1.9, (wide), 1/1.57"", PDAF, OIS
2 MP, (depth)";Dual-LED flash, HDR, panorama;N/A;N/A;N/A;1440p@30fps, 1080p@30/60fps;N/A;microSDXC (dedicated slot);256GB 8GB, 256GB 12GB;Iceland Basaltic Dark, Uyuni Salt White, Sahara Sand Brown;CL6, CL6k;N/A;GSM 850 / 900 / 1800 / 1900;HSDPA 850 / 900 / 1700(AWS) / 1900 / 2100;LTE;N/A;HSPA, LTE;GSM / HSPA / LTE;N/A;N/A;N/A;N/A;N/A;N/A;Octa-core (2x2.2 GHz Cortex-A76 & 6x2.0 GHz Cortex-A55);Mediatek Helio G99 Ultimate;Mali-G57 MC2;Android 14, up to 2 major Android upgrades, HIOS 14;Dual-LED dual-tone;50 MP, (wide), AF;1440p@30fps, 1080p@30/60fps;N/A;Yes;Yes, with dual speakers
21;Tecno;Tecno Pop 7;https://www.gsmarena.com/tecno_pop_7-12202.php;N/A;N/A;10W wired;5000 mAh;N/A;Glass front, plastic back, plastic frame;163.9 x 75.5 x 8.9 mm (6.45 x 2.97 x 0.35 in);Nano-SIM + Nano-SIM;-;Yes;N/A;No;GPS;FM radio;Yes;Yes;N/A;N/A;720 x 1612 pixels, 20:9 ratio (~267 ppi density);6.6 inches, 104.6 cm2 (~84.6% screen-to-body ratio);IPS LCD;N/A;Fingerprint (rear-mounted), accelerometer, proximity;2023, March 28;Available. Released 2023, April;N/A;Dual-LED flas;N/A;"8 MP, f/2.0, (wide), AF
0.08 MP (auxiliary lens)";N/A;1080p@30fps;eMMC 5.1;microSDXC;64GB 2GB RAM;Endless Black, Capri Blue;BF6;N/A;GSM 850 / 900 / 1800 / 1900;HSDPA 900 / 2100;LTE;N/A;HSPA, LTE;GSM / HSPA / LTE;N/A;N/A;N/A;N/A;N/A;N/A;N/A;N/A;N/A;Android 12 (Go edition);Dual-LED flash;5 MP;Yes;N/A;Yes;Yes
22;Tecno;Tecno Spark 40;https://www.gsmarena.com/tecno_spark_40_4g-13984.php;N/A;N/A;45W wired, 55 min to 100%;5200 mAh;"IP64 dust tight and water resistant (water splashes)
Drop resistant up to 1.5m";N/A;165.6 x 77 x 7.7 mm (6.52 x 3.03 x 0.30 in);Nano-SIM + Nano-SIM;-;Yes;Yes;Yes (market/region dependent);GPS;FM radio;USB Type-C;Yes;N/A;N/A;720 x 1600 pixels, 20:9 ratio (~263 ppi density);6.67 inches, 107.4 cm2 (~84.2% screen-to-body ratio);IPS LCD, 120Hz;N/A;"Fingerprint (side-mounted); unspecified sensors";2025, July 02;Available. Released 2025, July;N/A;Dual-LED flash;N/A;"50 MP, (wide), PDAF
Auxiliary lens";N/A;1440p@30fps, 1080p@30fps;N/A;microSDXC;128GB 4GB RAM, 128GB 6GB RAM, 256GB 4GB RAM, 256GB 8GB RAM;Ink Black, Titanium Grey, Veil White, Mirage Blue;KM5;About 110 EUR;GSM 850 / 900 / 1800 / 1900;HSDPA 900 / 2100;LTE;N/A;HSPA, LTE;GSM / HSPA / LTE;N/A;N/A;N/A;N/A;N/A;N/A;Octa-core (2x2.0 GHz Cortex-A75 & 6x1.8 GHz Cortex-A55);Mediatek Helio G81 (12 nm)Mediatek Helio G91 (12 nm) - NFC model;Mali-G52 MC2;Android 15, HIOS 15;Dual-LED flash;8 MP, (wide);1080p@30fps;N/A;Yes;Yes, with stereo speakers
23;Tecno;Tecno Camon 20 Pro 5G;https://www.gsmarena.com/tecno_camon_20_pro_5g-12255.php;N/A;N/A;33W wired;5000 mAh;N/A;N/A;162.7 x 75.9 x 7.8 mm (6.41 x 2.99 x 0.31 in);Nano-SIM + Nano-SIM;-;5.2, A2DP, LE;N/A;Yes;GPS;FM radio;USB Type-C 2.0, OTG;Wi-Fi 802.11 a/b/g/n/ac, dual-band;N/A;N/A;1080 x 2400 pixels, 20:9 ratio (~395 ppi density);6.67 inches, 107.4 cm2 (~87.0% screen-to-body ratio);AMOLED, 120Hz;N/A;Fingerprint (under display, optical), accelerometer, gyro, proximity, compass;2023, May 09;Available. Released 2023, May 09;N/A;Ring-LED flash, panorama, HDR;N/A;N/A;"64 MP, f/1.7, (wide), 1/1.7"", 0.8µm, PDAF, OIS
2 MP, f/2.4, (macro)
2 MP, f/2.4, (depth)";4K@30fps, 1080p@30fps, HDR;N/A;microSDXC (dedicated slot);256GB 8GB RAM;Dark Welkin, Serenity Blue;CK8n;About 270 EUR;GSM 850 / 900 / 1800 / 1900;HSDPA 850 / 900 / 1700(AWS) / 1900 / 2100;LTE;SA/NSA;HSPA, LTE, 5G;GSM / HSPA / LTE / 5G;N/A;N/A;N/A;N/A;N/A;N/A;Octa-core (1x3.0 GHz Cortex-A78 & 3x2.6 GHz Cortex-A78 & 4x2.0 GHz Cortex-A55);Mediatek Dimensity 8050 (6 nm);Mali-G77 MC9;Android 13, HIOS 13;Dual-LED flash;"32 MP, f/2.5, 24mm (wide), 1/2.8"", 0.8µm";1080p@30fps;24-bit/192kHz Hi-Res audio;Yes;Yes, with stereo speakers
24;Tecno;Tecno Phantom X2 Pro;https://www.gsmarena.com/tecno_phantom_x2_pro-12010.php;N/A;N/A;45W wired, 54% in 20 min, 100% in 60 min;5160 mAh;N/A;Glass front (Gorilla Glass Victus), aluminum frame, plastic back;164.6 x 72.7 x 9 mm (6.48 x 2.86 x 0.35 in);Nano-SIM + Nano-SIM;201 g (7.09 oz);5.3, A2DP, LE;N/A;Yes;GPS;FM radio, recording;USB Type-C 2.0, OTG;Wi-Fi 802.11 a/b/g/n/ac, dual-band;N/A;Corning Gorilla Glass Victus;1080 x 2400 pixels, 20:9 ratio (~387 ppi density);6.8 inches, 111.6 cm2 (~93.3% screen-to-body ratio);AMOLED, 120Hz, 500 nits;N/A;Fingerprint (under display, optical), accelerometer, gyro, proximity, compass;2022, December 07;Available. Released 2023, January 17;N/A;LED flash, panorama, HDR;N/A;N/A;"50 MP, f/1.9, (wide), 1/1.3"", 1.2µm, PDAF
50 MP, f/1.5, 65mm (telephoto), 1/2.7"", 0.64µm, PDAF, 2.5x optical zoom, retractable lens
13 MP, f/2.2, (ultrawide), 1/1.3"", 1.12µm, AF";4K@30/60fps, 1080p@30fps;UFS 3.1;No;256GB 12GB RAM;Stardust Gray, Mars Orange;AD9;N/A;GSM 850 / 900 / 1800 / 1900;HSDPA 850 / 900 / 1700(AWS) / 1900 / 2100;1, 2, 3, 4, 5, 7, 8, 20, 28, 38, 40, 41, 66;1, 3, 8, 28, 38, 40, 41, 71, 77, 78, 79 SA/NSA/Sub6;HSPA, LTE, 5G;GSM / HSPA / LTE / 5G;N/A;Endurance rating 109h;Photo / Video;505 nits max brightness (measured);-29.3 LUFS (Average);"AnTuTu: 961576 (v9)
GeekBench: 3984 (v5.1)
GFXBench: 71fps (ES 3.1 onscreen)";Octa-core (1x3.05 GHz Cortex-X2 & 3x2.85 GHz Cortex-A710 & 4x1.80 GHz Cortex-A510);Mediatek Dimensity 9000 (4 nm);Mali-G710 MC10;Android 12, HIOS 12;LED flash;"32 MP, f/2.5, (wide), 1/2.8"", 0.8µm";1080p@30fps;N/A;No;Yes
25;Tecno;Tecno Spark 4;https://www.gsmarena.com/tecno_spark_4-10695.php;N/A;N/A;N/A;Li-Ion 4000 mAh;N/A;Glass front, plastic back, plastic frame;165.3 x 75.9 x 8.2 mm (6.51 x 2.99 x 0.32 in);Nano-SIM + Nano-SIM;-;4.2, A2DP, LE;N/A;No;GPS;FM radio;microUSB 2.0, OTG;Wi-Fi 802.11 b/g/n;N/A;N/A;720 x 1600 pixels, 20:9 ratio (~269 ppi density);6.52 inches, 102.6 cm2 (~81.8% screen-to-body ratio);IPS LCD;N/A;Fingerprint (rear-mounted), accelerometer, proximity;2019, September 25. Released 2019, September 25;Discontinued;N/A;Dual LED flash, HDR, panorama;N/A;N/A;"13 MP, AF
QVGA
QVGA";1080p@30fps;eMMC 5.1;microSDXC (dedicated slot);32GB 2GB RAM, 32GB 3GB RAM;Royal Purple, Vacation Blue;KC8;N/A;GSM 850 / 900 / 1800 / 1900;HSDPA 850 / 900 / 2100;1, 3, 5, 8, 38, 40, 41;N/A;HSPA 42.2/5.76 Mbps, LTE Cat4 150/50 Mbps;GSM / HSPA / LTE;N/A;N/A;N/A;N/A;N/A;N/A;Quad-core 2.0 GHz;N/A;N/A;Android 9.0 (Pie), HIOS 5.5;LED flash;8 MP;1080p@30fps;N/A;Yes;Yes
26;Tecno;Tecno Spark Go;https://www.gsmarena.com/tecno_spark_go_5g-14074.php;N/A;N/A;18W wired;Li-Po 6000 mAh;IP64 dust tight and water resistant (water splashes);Glass front, plastic back, plastic frame;167.7 x 77.7 x 8 mm (6.60 x 3.06 x 0.31 in);Nano-SIM + Nano-SIM;194 g (6.84 oz);5.3;Yes;No;GPS;Unspecified;USB Type-C, OTG;Wi-Fi 802.11 a/b/g/n/ac, dual-band;N/A;N/A;720 x 1600 pixels, 20:9 ratio (~260 ppi density);6.74 inches, 109.7 cm2 (~84.2% screen-to-body ratio);IPS LCD, 120Hz;Circle to Search;"Fingerprint (side-mounted); unspecified sensors";2025, August 14;Available. Released 2025, August 21;N/A;Dual-LED flash;N/A;50 MP;N/A;1440p@30fps, 1080p@30fps;N/A;microSDXC (dedicated slot);128GB 4GB RAM;Sky Blue, Ink Black, Turquoise Green;KM8;About 100 EUR;GSM 850 / 900 / 1800 / 1900;HSDPA 900 / 2100;LTE;SA/NSA;HSPA, LTE, 5G;GSM / HSPA / LTE / 5G;N/A;N/A;N/A;N/A;N/A;N/A;Octa-core (2x2.5 GHz Cortex-A76 & 6x2.0 GHz Cortex-A55);Mediatek Dimensity 6400 (6 nm);Mali-G57 MC2;Android 15, HIOS 15;N/A;5 MP;Yes;N/A;Yes;Yes
27;Tecno;Tecno Camon 40 Premier;https://www.gsmarena.com/tecno_camon_40_premier-13694.php;N/A;N/A;70W wired;Si/C Li-Ion 5100 mAh;"IP68/IP69 dust tight and water resistant (high pressure water jets; immersible up to 2m for 30 min)";Glass front (Gorilla Glass 7i), plastic back, plastic frame;161 x 75 x 7.7 mm (6.34 x 2.95 x 0.30 in);Nano-SIM + Nano-SIM;193 g (7.41 oz);Yes;Yes;Yes;GPS;FM radio;USB Type-C 2.0, OTG;Yes;HDR image support;Corning Gorilla Glass 7i;1260 x 2800 pixels, 20:9 ratio (~460 ppi density);6.67 inches, 107.4 cm2 (~89.0% screen-to-body ratio);LTPO AMOLED, 1B colors, 144Hz, 2160Hz PWM, HDR, 1600 nits (HBM);Circle to Search;Fingerprint (under display, optical), accelerometer, gyro, proximity, compass;2025, March 03;Available. Released 2025, May;N/A;Dual-LED flash, HDR, panorama;N/A;N/A;"50 MP, f/1.9, 23mm (wide), 1/1.56"", 1.0µm, PDAF, OIS
50 MP, f/2.2, 70mm (periscope telephoto), 1/2.76"", 0.64µm, PDAF (15cm - ∞), 3x optical zoom
50 MP, f/2.2, 14mm, 114˚ (ultrawide), 1/2.76"", 0.64µm, PDAF";4K@30/60fps (HDR), 1080p@30fps;UFS 4.x;No;256GB 12GB RAM;Emerald Lake Green, Galaxy Black;CM8;N/A;GSM 850 / 900 / 1800 / 1900;HSDPA 850 / 900 / 1700(AWS) / 1900 / 2100;LTE;SA/NSA;HSPA, LTE, 5G;GSM / HSPA / LTE / 5G;Active use score 11:36h;N/A;N/A;658 nits max brightness (measured);-28.0 LUFS (Good);"AnTuTu: 1418376 (v10)
GeekBench: 4224 (v6)
3DMark: 2911 (Wild Life Extreme)";Octa-core (1x3.35 GHz Cortex-A715 & 3x3.20 GHz Cortex-A715 & 4x2.20 GHz Cortex-A510);Mediatek Dimensity 8350 (4 nm);Mali G615-MC6;Android 15, up to 3 major Android upgrades, HIOS 15;N/A;"50 MP, f/2.5, 24mm (wide), 1/2.8"", 0.64µm, PDAF";4K@30fps, 1080p;24-bit/192kHz Hi-Res audio;No;Yes, with stereo speakers
28;Tecno;Tecno Pova 5 Pro;https://www.gsmarena.com/tecno_pova_5_pro-12448.php;N/A;N/A;68W wired, 50% in 15 min;5000 mAh;Multiple LED lights on the back (notifications, low battery, game actions);Glass front, plastic frame, plastic back;168.5 x 76.5 x 9 mm (6.63 x 3.01 x 0.35 in);Nano-SIM + Nano-SIM;212 g (7.48 oz);Yes;N/A;Yes;GPS, GLONASS, GALILEO, BDS;FM radio;USB Type-C 2.0;Wi-Fi 802.11 a/b/g/n/ac, dual-band;N/A;N/A;1080 x 2460 pixels (~396 ppi density);6.78 inches, 109.2 cm2 (~84.7% screen-to-body ratio);IPS LCD, 120Hz, 580 nits (peak);N/A;Fingerprint (side-mounted), accelerometer, gyro, proximity, compass;2023, August 01;Available. Released 2023, August 22;N/A;Dual LED flash;N/A;"50 MP, f/1.6, (wide), PDAF
0.08 MP (auxiliary lens)";N/A;1440p@30fps, 1080p@30fps;N/A;microSDXC (dedicated slot);128GB 8GB RAM, 256GB 8GB RAM;Dark Illusion, Silver Fantasy, Free Fire Edition;LH8n;€ 229.99;GSM 850 / 900 / 1800 / 1900;HSDPA 850 / 900 / 2100;LTE;SA/NSA;HSPA, LTE, 5G;GSM / HSPA / LTE / 5G;N/A;Endurance rating 90h;Photo / Video;1354:1 contrast ratio, 509 nits max brightness (measured);-25.6 LUFS (Very good);"AnTuTu: 389037 (v9), 423437 (v10)
GeekBench: 1884 (v5), 2102 (v6)
GFXBench: 13fps (ES 3.1 onscreen)";Octa-core (2x2.4 GHz Cortex-A76 & 6x2.0 GHz Cortex-A55);Mediatek Dimensity 6080 (6 nm);Mali-G57 MC2;Android 13, upgradable to Android 14, HIOS 14;LED flash;16 MP, f/2.0, (wide);1080p@30fps;24-bit/192kHz Hi-Res audio;Yes;Yes, with stereo speakers
29;Tecno;Tecno Spark Slim;https://www.gsmarena.com/tecno_spark_slim-14112.php;N/A;N/A;"45W wired, 100% in 57 min
10W reverse wired
Bypass charging";5160 mAh;"IP64 dust tight and water resistant (water splashes)
Status light LED (on the back)
MIL-STD-810H compliant*
* does not guarantee ruggedness or use in extreme conditions";Glass front (Gorilla Glass 7i), fiberglass back;164.2 x 75.9 x 5.9 mm (6.46 x 2.99 x 0.23 in);Nano-SIM;156 g (5.50 oz);Yes;Yes;Yes;GPS, GLONASS, GALILEO, BDS;FM radio;USB Type-C, OTG;Yes;N/A;Corning Gorilla Glass 7i;1224 x 2720 pixels, 20:9 ratio (~440 ppi density);6.78 inches, 111.0 cm2 (~89.1% screen-to-body ratio);AMOLED, 144Hz, 1600 nits (HBM), 4500 nits (peak);N/A;Accelerometer, gyro;2025, September 02;Coming soon. Exp. release 2025, September;N/A;Dual-LED flash;N/A;50 MP, (wide), PDAF;N/A;1440p@30fps, 1080p@30fps;N/A;No;256GB 8GB RAM;Slim White, Cool Black;N/A;N/A;GSM 850 / 900 / 1800 / 1900;HSDPA 850 / 900 / 2100;LTE;N/A;HSPA, LTE;GSM / HSPA / LTE;N/A;N/A;N/A;N/A;N/A;N/A;Octa-core (2x2.2 GHz Cortex-A76 & 6x2.0 GHz Cortex-A55);Mediatek Helio G200 (6 nm);Mali-G57 MC2 (1.1GHz);Android 15, HIOS 15;N/A;13 MP, (wide);Yes;N/A;No;Yes, with dual speakers (with Dolby Atmos)
30;Tecno;Tecno Pop 8;https://www.gsmarena.com/tecno_pop_8-12644.php;N/A;N/A;10W wired;5000 mAh;N/A;Glass front, plastic back, plastic frame;163.7 x 75.6 x 8.6 mm (6.44 x 2.98 x 0.34 in);Nano-SIM + Nano-SIM;-;Yes;N/A;No;GPS;FM radio;USB Type-C, OTG;Yes;N/A;N/A;720 x 1612 pixels, 20:9 ratio (~267 ppi density);6.6 inches, 104.6 cm2 (~84.6% screen-to-body ratio);IPS LCD, 90Hz;N/A;Fingerprint (side-mounted), accelerometer;2023, October 30;Available. Released 2023, November;N/A;Dual-LED flash, HDR;N/A;"13 MP, f/1.8, (wide), 1.12µm, AF
0.08 MP (auxiliary lens)";N/A;1080p@30fps;eMMC 5.1;microSDXC;64GB 2GB RAM, 64GB 3GB RAM, 64GB 4GB RAM, 128GB 4GB RAM;Mystery White, Alpenglow Gold, Magic Skin, Gravity Black;BG6h, BG6i;N/A;GSM 850 / 900 / 1800 / 1900;HSDPA 900 / 2100;LTE;N/A;HSPA, LTE;GSM / HSPA / LTE;N/A;N/A;N/A;N/A;N/A;N/A;Octa-core (2x1.6 GHz Cortex-A75 & 6x1.6 GHz Cortex-A55);Unisoc T606 (12 nm);Mali-G57 MP1;Android 13 (Go edition);Dual-LED flash;8 MP;Yes;N/A;Yes;Yes, with dual speakers
31;Tecno;Tecno Spark 30 Pro;https://www.gsmarena.com/tecno_spark_30_pro-13357.php;N/A;N/A;33W wired;5000 mAh;IP54 dust protected and water resistant (water splashes);N/A;166.6 x 77 x 7.4 mm (6.56 x 3.03 x 0.29 in);Nano-SIM + Nano-SIM;-;5.3, A2DP, LE;Yes;Yes;GPS;FM radio;USB Type-C 2.0, OTG;Wi-Fi 802.11 a/b/g/n/ac, dual-band;N/A;N/A;1080 x 2436 pixels (~393 ppi density);6.78 inches, 109.9 cm2 (~85.7% screen-to-body ratio);AMOLED, 1B colors, 120Hz, 2160Hz PWM, 1700 nits (peak);N/A;Fingerprint (under display, optical), accelerometer, gyro, proximity, compass;2024, September 23;Available. Released 2024, October;N/A;Quad-LED flash, HDR;N/A;"108 MP, f/1.9, (wide), 1/1.52"", PDAF
Auxiliary lens";N/A;1440p@30fps, 1080p@30fps;N/A;microSDXC;128GB 8GB RAM, 256GB 8GB RAM;Obsidian Edge, Arctic Glow, Magic Skin 3.0, Optimus Prime Edition;KL7;N/A;GSM 850 / 900 / 1800 / 1900;HSDPA 900 / 2100;LTE;N/A;HSPA, LTE;GSM / HSPA / LTE;N/A;N/A;N/A;N/A;N/A;N/A;Octa-core (2x2.2 GHz Cortex-A76 & 6x2.0 GHz Cortex-A55);Mediatek Helio G100 (6 nm);Mali-G57 MC2;Android 14, HIOS 14;Dual-LED dual-tone flash;13 MP, (wide);1080p@30fps;24-bit/192kHz Hi-Res & Hi-Res Wireless audio;Yes;Yes, with stereo speakers
32;Tecno;Tecno Camon 40;https://www.gsmarena.com/tecno_camon_40-13697.php;N/A;N/A;45W wired, 50% in 23 min, 100% in 43 min;5200 mAh;IP66 dust tight and water resistant (high pressure water jets);N/A;164.1 x 74.6 x 7.3 mm (6.46 x 2.94 x 0.29 in);Nano-SIM + Nano-SIM;177.2 g (6.24 oz);Yes;Yes;Yes;GPS;FM radio;USB Type-C 2.0, OTG;Yes;HDR image support;Panda King Glass;1080 x 2436 pixels (~393 ppi density);6.78 inches, 109.9 cm2 (~89.8% screen-to-body ratio);AMOLED, 120Hz;Circle to Search;Fingerprint (under display, optical), accelerometer, gyro, proximity, compass;2025, March 03;Available. Released 2025, May;"50 MP, f/1.9, 23mm (wide), 1/1.56"", 1.0µm, PDAF, OIS
8 MP, (ultrawide)";Dual-LED flash, HDR, panorama;N/A;N/A;N/A;Yes;N/A;Unspecified;128GB 8GB RAM, 128GB 12GB RAM, 256GB 8GB RAM, 256GB 12GB RAM;Emerald Lake Green, Galaxy Black, Glacier White, Emerald Glow Green;CM5;N/A;GSM 850 / 900 / 1800 / 1900;HSDPA 850 / 900 / 1700(AWS) / 1900 / 2100;LTE;N/A;HSPA, LTE;GSM / HSPA / LTE;N/A;N/A;N/A;N/A;N/A;N/A;Octa-core (2x2.2 GHz Cortex-A76 & 6x2.0 GHz Cortex-A55);Mediatek Helio G100 Ultimate (6 nm);Mali-G57 MC2;Android 15, up to 3 major Android upgrades, HIOS 15;N/A;32 MP, (wide);Yes;N/A;No;Yes, with stereo speakers
33;Tecno;Tecno Pova Neo;https://www.gsmarena.com/tecno_pova_neo-11260.php;N/A;N/A;18W wired;6000 mAh;Splash resistant;Glass front, plastic frame, plastic back;171.4 x 77.3 x 9.1 mm (6.75 x 3.04 x 0.36 in);Nano-SIM + Nano-SIM;-;5.0, A2DP, LE;N/A;No;GPS;FM radio;microUSB 2.0, OTG;Wi-Fi 802.11 a/b/g/n/ac, dual-band, Wi-Fi Direct;N/A;N/A;720 x 1640 pixels (~263 ppi density);6.8 inches, 109.8 cm2 (~82.9% screen-to-body ratio);IPS LCD, 480 nits;N/A;Fingerprint (rear-mounted), accelerometer, proximity;2021, December 09;Available. Released 2021, December 09;"13 MP, f/1.8, (wide), AF
Secondary unknown camera";Quad-LED flash, HDR, panorama;N/A;N/A;N/A;1080p@30fps;eMMC 5.1;microSDXC (dedicated slot);64GB 4GB RAM, 128GB 6GB RAM;Obsidian, Geek blue, Powehi;LE6, LE6h;About 160 EUR;GSM 850 / 900 / 1800 / 1900;HSDPA 850 / 900 / 2100;LTE;N/A;HSPA 42.2/5.76 Mbps, LTE Cat4 150/50 Mbps;GSM / HSPA / LTE;N/A;N/A;N/A;N/A;N/A;N/A;Octa-core (4x2.0 GHz Cortex-A53 & 4x1.5 GHz Cortex-A53);Mediatek MT6762G Helio G25 (12 nm);PowerVR GE8320;Android 11, HIOS 7.6;Dual-LED flash, HDR;8 MP, f/2.0;1080p@30fps;N/A;Yes;Yes
34;Tecno;Tecno Spark 10;https://www.gsmarena.com/tecno_spark_10-12178.php;N/A;N/A;18W wired;5000 mAh;N/A;Glass front, plastic frame, plastic back;163.9 x 75.4 x 8.4 mm (6.45 x 2.97 x 0.33 in);Nano-SIM + Nano-SIM;-;Yes;N/A;Yes;GPS;FM radio;USB Type-C 2.0;Wi-Fi 802.11 a/b/g/n/ac, dual-band;N/A;N/A;720 x 1612 pixels, 20:9 ratio (~267 ppi density);6.6 inches, 104.6 cm2 (~84.7% screen-to-body ratio);IPS LCD, 90Hz;N/A;Fingerprint (side-mounted), accelerometer, proximity, compass;2023, March 23;Available. Released 2023, April;N/A;Dual-LED flash, HDR, panorama;N/A;"50 MP, (wide), 0.7µm, PDAF
0.08 MP (auxiliary lens)";N/A;1080p@30fps;N/A;microSDXC;128GB 4GB RAM, 128GB 8GB RAM;Black, Blue, White, Skin Orange;KI5q;$ 136.25 / € 149.76;GSM 850 / 900 / 1800 / 1900;HSDPA 850 / 900 / 2100;LTE;N/A;HSPA, LTE;GSM / HSPA / LTE;N/A;N/A;N/A;N/A;N/A;N/A;Octa-core (4x2.3 GHz Cortex-A53 & 4x1.7 GHz Cortex-A53);Mediatek MT6765 Helio G37 (12 nm);PowerVR GE8320;Android 13, HIOS 12;Dual-LED flash;8 MP, (wide);1080p@30fps;N/A;Yes;Yes
35;Tecno;Tecno Spark 20;https://www.gsmarena.com/tecno_spark_20-12722.php;N/A;N/A;18W wired;5000 mAh;"IP53 dust protected and water resistant
(vertical water sprays)";Glass front, plastic back, plastic frame;163.7 x 75.6 x 8.5 mm (6.44 x 2.98 x 0.33 in);Nano-SIM + Nano-SIM;-;5.2, A2DP, LE;N/A;No;GPS;FM radio;USB Type-C, OTG;Wi-Fi 802.11 a/b/g/n/ac, dual-band;N/A;N/A;720 x 1612 pixels, 20:9 ratio (~267 ppi density);6.6 inches, 104.6 cm2 (~84.6% screen-to-body ratio);IPS LCD, 90Hz;N/A;Fingerprint (side-mounted), accelerometer, proximity, compass;2023, December 01;Available. Released 2023, December;N/A;Dual-LED flash, HDR;N/A;"50 MP, f/1.6, (wide), 0.64µm, PDAF
0.08 MP (auxiliary lens)";N/A;1440p@30fps, 1080p@30fps;N/A;microSDXC;128GB 4GB RAM, 128GB 8GB RAM, 256GB 8GB RAM;Gravity Black, Cyber White, Neon Gold, Magic Skin 2.0 (Blue);KJ5, KJ5n;N/A;GSM 850 / 900 / 1800 / 1900;HSDPA 900 / 2100;LTE;N/A;HSPA, LTE;GSM / HSPA / LTE;N/A;N/A;N/A;N/A;N/A;N/A;Octa-core (2x2.0 GHz Cortex-A75 & 6x1.8 GHz Cortex-A55);Mediatek MT6769Z Helio G85 (12 nm);Mali-G52 MC2;Android 13, HIOS 13;Dual-LED flash;32 MP, f/2.2, (wide);1080p@30fps;N/A;Yes;Yes, with stereo speakers
36;Tecno;Tecno Spark Go 1;https://www.gsmarena.com/tecno_spark_go_1-13274.php;N/A;N/A;15W wired;5000 mAh;IP54 dust protected and water resistant (water splashes);Glass front, plastic back, plastic frame;165.6 x 77 x 8.4 mm (6.52 x 3.03 x 0.33 in);Nano-SIM + Nano-SIM;-;Yes;Yes;No;GPS;Unspecified;USB Type-C, OTG;Yes;N/A;N/A;720 x 1600 pixels, 20:9 ratio (~263 ppi density);6.67 inches, 107.4 cm2 (~84.2% screen-to-body ratio);IPS LCD, 120Hz;N/A;"Fingerprint (side-mounted); unspecified sensors";2024, August 19;Available. Released 2024, August;N/A;Dual-LED flash, HDR;N/A;13 MP, f/1.8, 27mm (wide), PDAF;N/A;1080p@30fps;eMMC 5.1;microSDXC;64GB 3GB RAM, 64GB 4GB RAM, 128GB 3GB RAM, 128GB 4GB RAM;Startrail Black, Glittery White;N/A;$ 173.05 / ₹ 5,899;GSM 850 / 900 / 1800 / 1900;HSDPA 900 / 2100;LTE;N/A;HSPA, LTE;GSM / HSPA / LTE;N/A;N/A;N/A;N/A;N/A;N/A;Octa-core (2x1.8 GHz Cortex-A75 & 6x1.6 GHz Cortex-A55);Unisoc T615 (12 nm);Mali-G57 MP1;Android 14 (Go edition), HIOS 14;Dual-LED flash;8 MP;Yes;N/A;Yes;Yes, with dual speakers
37;Tecno;Tecno Pova 7 Pro;https://www.gsmarena.com/tecno_pova_7_pro_5g-13990.php;N/A;N/A;"45W wired, 50% in 26 min, 100% in 61 min
30W wireless (magnetic)
10W reverse wired";Li-Po 6000 mAh;"IP64 dust tight and water resistant (water splashes)
Status light LED (on the back)";N/A;163.5 x 75.9 x 8.2 mm (6.44 x 2.99 x 0.32 in);Nano-SIM + Nano-SIM;195 g (6.88 oz);Yes;Yes;Yes;GPS, GLONASS, GALILEO, BDS;No;USB Type-C 2.0, OTG;Wi-Fi 802.11 a/b/g/n/ac/6, dual-band;N/A;Corning Gorilla Glass 7i;1224 x 2720 pixels, 20:9 ratio (~440 ppi density);6.78 inches, 111.0 cm2 (~89.4% screen-to-body ratio);AMOLED, 144Hz, 2304Hz PWM, 4500 nits (peak);Circle to Search;Fingerprint (under display, optical), accelerometer, gyro, proximity, compass;2025, July 04;Available. Released 2025, July 10;"64 MP, (wide), 1/1.73"", PDAF
8 MP, (ultrawide)";Dual-LED flash;N/A;N/A;N/A;4K@30fps, 1080p@30fps;UFS 2.2;No;128GB 8GB RAM, 256GB 8GB RAM, 256GB 12GB RAM;Geek Black, Dynamic Grey, Neon Cyan;LJ8;About 190 EUR;GSM 850 / 900 / 1800 / 1900;HSDPA 850 / 900 / 2100;LTE;SA/NSA;HSPA, LTE, 5G;GSM / HSPA / LTE / 5G;N/A;N/A;N/A;N/A;N/A;N/A;Octa-core (4x2.5 GHz Cortex-A78 & 4x2.0 GHz Cortex-A55);Mediatek Dimensity 7300 Ultimate (4 nm);Mali-G615 MC2;Android 15, HIOS 15;N/A;13 MP, (wide);Yes;24-bit/192kHz Hi-Res & Hi-Res wireless audio;Yes;Yes, with stereo speakers
38;Tecno;Tecno Pova 7;https://www.gsmarena.com/tecno_pova_7_5g-13991.php;N/A;N/A;"45W wired, 50% in 29 min, 100% in 69 min
30W wireless (magnetic)
10W reverse wired";Li-Po 6000 mAh;"IP64 dust tight and water resistant (water splashes)
Status light LED (on the back)";N/A;167.3 x 75.6 x 8.9 mm (6.59 x 2.98 x 0.35 in);Nano-SIM + Nano-SIM;207 g (7.30 oz);Yes;Yes;Yes;GPS, GLONASS, GALILEO, BDS;FM radio, recording;USB Type-C 2.0, OTG;Wi-Fi 802.11 a/b/g/n/ac/6, dual-band;N/A;N/A;1080 x 2460 pixels (~396 ppi density);6.78 inches, 109.2 cm2 (~86.3% screen-to-body ratio);IPS LCD, 144Hz;Circle to Search;Accelerometer, gyro, proximity, compass;2025, July 04;Available. Released 2025, July 10;N/A;Dual-LED flash;N/A;50 MP, (wide), PDAF;N/A;4K@30fps, 1080p@30fps;N/A;microSDXC (uses shared SIM slot);128GB 8GB RAM, 256GB 8GB RAM;Geek Black, Magic Silver, Oasis Green;LJ7;₹ 16,999;GSM 850 / 900 / 1800 / 1900;HSDPA 850 / 900 / 2100;LTE;SA/NSA;HSPA, LTE, 5G;GSM / HSPA / LTE / 5G;N/A;N/A;N/A;N/A;N/A;N/A;Octa-core (4x2.5 GHz Cortex-A78 & 4x2.0 GHz Cortex-A55);Mediatek Dimensity 7300 Ultimate (4 nm);Mali-G615 MC2;Android 15, HIOS 15;N/A;13 MP, (wide);Yes;24-bit/192kHz Hi-Res & Hi-Res wireless audio;Yes;Yes, with stereo speakers
39;Tecno;Tecno Phantom V Flip;https://www.gsmarena.com/tecno_phantom_v_flip-12580.php;N/A;N/A;45W wired, 50% in 15 min;4000 mAh;N/A;Eco leather back, aluminum frame, steel hinge;Unfolded: 171.7 x 74.1 x 7 mmFolded: 88.8 x 74.1 x 15 mm;Nano-SIM;194 g (6.84 oz);5.1, A2DP, LE;N/A;Yes;GPS;Unspecified;USB Type-C;Wi-Fi 802.11 a/b/g/n/ac/6, dual-band;"Cover display:
AMOLED
1.32 inches, 466 x 466 pixels, 352 ppi, 800 nits (peak)";N/A;1080 x 2640 pixels (~413 ppi density);6.9 inches, 107.6 cm2 (~84.6% screen-to-body ratio);Foldable LTPO AMOLED, 120Hz, 1000 nits (peak);N/A;Fingerprint (side-mounted), accelerometer, gyro, proximity (incl. for accessories), compass;2023, September 22;Available. Released 2023, October 01;"64 MP, f/1.7, 25mm (wide), 1/1.73"", 0.8µm, PDAF
13 MP, f/2.2, (ultrawide), 1/3.0"", 1.12µm";LED flash, HDR, panorama;N/A;N/A;N/A;4K@30fps, 1080p@30/60fps;UFS 3.1;No;256GB 8GB RAM;Iconic Black, Mystic Dawn;AD11;About 560 EUR;GSM 850 / 900 / 1800 / 1900;HSDPA 850 / 900 / 1900 / 2100;LTE;SA/NSA;HSPA, LTE, 5G;GSM / HSPA / LTE / 5G;N/A;Endurance rating 88h;Photo / Video;818 nits max brightness (measured);-22.7 LUFS (Excellent);"AnTuTu: 565851 (v9), 734846 (v10)
GeekBench: 2805 (v5.5), 3333 (v6.0)
GFXBench: 35fps (ES 3.1 onscreen)";Octa-core (1x3.0 GHz Cortex-A78 & 3x2.6 GHz Cortex-A78 & 4x2.0 GHz Cortex-A55);Mediatek Dimensity 8050 (6 nm);Mali-G77 MC9;Android 13, HIOS 13.5;LED flash;"32 MP, f/2.5, 24mm (wide), 1/2.8"", 0.8µm, AF";1440p@30fps, 1080p@30/60fps;N/A;No;Yes, with stereo speakers
40;Tecno;Tecno Camon 18;https://www.gsmarena.com/tecno_camon_18-11140.php;N/A;N/A;18W wired;5000 mAh;N/A;N/A;168.9 x 76.7 x 8.8 mm (6.65 x 3.02 x 0.35 in);Nano-SIM + Nano-SIM;-;Yes;N/A;Yes;GPS;FM radio;USB Type-C 2.0, OTG;Yes;N/A;N/A;1080 x 2460 pixels (~395 ppi density);6.8 inches, 109.8 cm2 (~84.8% screen-to-body ratio);IPS LCD, 90Hz, 550 nits (typ);N/A;Fingerprint (side-mounted), accelerometer, proximity;2021, October 04;Available. Released 2021, November 23;N/A;Dual-LED flash, panorama, HDR;N/A;N/A;"48 MP, f/1.8, 26mm (wide), PDAF
2 MP, f/2.4, (macro)
2 MP, f/2.4, (depth)";1080p@30fps;N/A;Unspecified;128GB 4GB RAM, 128GB 6GB RAM;Dusk Gray, Ceramic White, Iris purple;CH6, CH6n;About 170 EUR;GSM 850 / 900 / 1800 / 1900;HSDPA 850 / 900 / 2100;LTE;N/A;HSPA, LTE;GSM / HSPA / LTE;N/A;N/A;N/A;N/A;N/A;N/A;Octa-core (2x2.0 GHz Cortex-A75 & 6x1.8 GHz Cortex-A55);Mediatek MT6769H Helio G88 (12 nm);Mali-G52 MC2;Android 11, HIOS 8.0;Dual-LED flash;16 MP, (wide);1080p@30fps;N/A;Yes;Yes
41;Tecno;Tecno Spark Go 1S;https://www.gsmarena.com/tecno_spark_go_1s-13648.php;N/A;N/A;15W wired;5000 mAh;IP54 dust protected and water resistant (water splashes);Glass front, plastic back, plastic frame;165.6 x 77 x 8.4 mm (6.52 x 3.03 x 0.33 in);Nano-SIM + Nano-SIM;-;Yes;Yes;No;GPS;Unspecified;USB Type-C, OTG;Yes;N/A;N/A;720 x 1600 pixels, 20:9 ratio (~263 ppi density);6.67 inches, 107.4 cm2 (~84.2% screen-to-body ratio);IPS LCD, 90Hz;N/A;"Fingerprint (side-mounted); unspecified sensors";2025, January 06;Available. Released 2025, January;N/A;Dual-LED flash, HDR;N/A;13 MP, f/1.8, 27mm (wide), PDAF;N/A;1080p@30fps;eMMC 5.1;microSDXC;64GB 3GB RAM;Startrail Black, Glittery White;KL4h;About 70 EUR;GSM 850 / 900 / 1800 / 1900;HSDPA 900 / 2100;LTE;N/A;HSPA, LTE;GSM / HSPA / LTE;N/A;N/A;N/A;N/A;N/A;N/A;Octa-core 2.2 GHz Cortex-A53;Mediatek Helio G50;PowerVR GE8320;Android 14 (Go edition), HIOS 14;N/A;8 MP;Yes;N/A;Yes;Yes, with dual speakers
42;Tecno;Tecno Spark 40 Pro;https://www.gsmarena.com/tecno_spark_40_pro-13985.php;N/A;N/A;"45W wired
10W reverse wired";5200 mAh;"IP64 dust tight and water resistant (water splashes)
Drop resistant up to 1.5m";Glass front (Gorilla Glass 7i), plastic back, plastic frame;163.7 x 75.9 x 6.7 mm (6.44 x 2.99 x 0.26 in);Nano-SIM + Nano-SIM;-;5.3, A2DP, LE;Yes;Yes (market/region dependent);GPS;FM radio;USB Type-C 2.0, OTG;Wi-Fi 802.11 a/b/g/n/ac, dual-band;N/A;Corning Gorilla Glass 7i;1224 x 2720 pixels, 20:9 ratio (~440 ppi density);6.78 inches, 111.0 cm2 (~89.3% screen-to-body ratio);AMOLED, 1B colors, 144Hz, 1600 nits (HBM), 4500 nits (peak);Circle to Search;Fingerprint (under display, optical), accelerometer, proximity, compass;2025, July 02;Available. Released 2025, July 07;N/A;Dual-LED flash, HDR;N/A;"50 MP, f/1.6, (wide), 1/2.8"", 0.64µm, PDAF
Auxiliary lens";N/A;1440p@30fps, 1080p@30fps;N/A;microSDXC;128GB 8GB RAM, 256GB 8GB RAM;Ink Black, Moon Titanium, Lake Blue, Bamboo Green;KM6;About 160 EUR;GSM 850 / 900 / 1800 / 1900;HSDPA 850 / 900 / 1700(AWS) / 1900 / 2100;1, 2, 3, 4, 5, 7, 8, 12, 20, 28, 38, 40, 41, 66;N/A;HSPA, LTE;GSM / HSPA / LTE;N/A;N/A;N/A;N/A;N/A;N/A;Octa-core (2x2.2 GHz Cortex-A76 & 6x2.0 GHz Cortex-A55);Mediatek Helio G100 Ultimate (6 nm);Mali-G57 MC2;Android 15, HIOS 15.1;Dual-LED flash;"13 MP, f/2.2, (wide), 1/3.1"", 1.12µm";1080p@30fps;24-bit/192kHz Hi-Res & Hi-Res Wireless audio;Yes;Yes, with stereo speakers
43;Tecno;Tecno Pova 6;https://www.gsmarena.com/tecno_pova_6-12910.php;N/A;N/A;"70W wired, 50% in 20 min, 100% in 50 min
10W reverse wired";6000 mAh;"IP53 dust protected and water resistant
(vertical water sprays)";N/A;166.2 x 76.8 x 7.9 mm (6.54 x 3.02 x 0.31 in);Nano-SIM + Nano-SIM;195 g (6.88 oz);Yes;Yes;Yes;GPS, GLONASS, GALILEO, BDS;FM radio;USB Type-C 2.0;Yes;N/A;N/A;1080 x 2460 pixels (~396 ppi density);6.78 inches, 109.2 cm2 (~85.5% screen-to-body ratio);AMOLED, 1B colors, 120Hz, 1300 nits (peak);N/A;Fingerprint (under display, optical), accelerometer, gyro, proximity, compass;2024, April 04;Available. Released 2024, May;N/A;Quad-LED flash;N/A;108 MP, (wide), 0.7µm, PDAF;N/A;1440p@30fps, 1080p@30/60fps;N/A;No;256GB 8GB RAM, 256GB 12GB RAM;Interstellar Blue, Comet Green, Meteorite Grey;N/A;About 490 EUR;GSM 850 / 900 / 1800 / 1900;HSDPA 850 / 900 / 2100;LTE;N/A;HSPA, LTE;GSM / HSPA / LTE;N/A;N/A;N/A;N/A;N/A;N/A;Octa-core (2x2.2 GHz Cortex-A76 & 6x2.0 GHz Cortex-A55);Mediatek Helio G99 Ultimate (6 nm);Mali-G57 MC2;Android 14, HIOS 14;Dual-LED dual-tone flash;32 MP, (wide);1440p@30fps, 1080p@30/60fps;24-bit/192kHz Hi-Res & Hi-Res wireless audio;Yes;Yes, with stereo speakers
44;Tecno;Tecno Camon 40 Pro 4G;https://www.gsmarena.com/tecno_camon_40_pro-13696.php;N/A;N/A;45W wired, 50% in 23 min, 100% in 43 min;5200 mAh;"IP68/IP69 dust tight and water resistant (high pressure water jets; immersible up to 2m for 30 min)";N/A;164.4 x 74.3 x 7.3 mm (6.47 x 2.93 x 0.29 in);Nano-SIM + Nano-SIM;178 g (6.28 oz);Yes;Yes;Yes;GPS;FM radio;USB Type-C 2.0, OTG;Yes;HDR image support;Corning Gorilla Glass 7i;1080 x 2436 pixels (~393 ppi density);6.78 inches, 109.9 cm2 (~90.0% screen-to-body ratio);AMOLED, 120Hz;Circle to Search;Fingerprint (under display, optical), accelerometer, gyro, proximity, compass;2025, March 03;Available. Released 2025, May;"50 MP, f/1.9, 23mm (wide), 1/1.56"", 1.0µm, PDAF, OIS
8 MP, (ultrawide)";Dual-LED flash, HDR, panorama;N/A;N/A;N/A;4K@30/60fps (HDR), 1080p@30fps;N/A;Unspecified;256GB 8GB RAM;Emerald Lake Green, Galaxy Black, Glacier White;CM6;N/A;GSM 850 / 900 / 1800 / 1900;HSDPA 850 / 900 / 1700(AWS) / 1900 / 2100;LTE;N/A;HSPA, LTE;GSM / HSPA / LTE;N/A;N/A;N/A;N/A;N/A;N/A;Octa-core (2x2.2 GHz Cortex-A76 & 6x2.0 GHz Cortex-A55);Mediatek Helio G100 Ultimate (6 nm);Mali-G57 MC2;Android 15, up to 3 major Android upgrades, HIOS 15;N/A;"50 MP, f/2.5, 24mm (wide), 1/2.8"", 0.64µm, PDAF";Yes;24-bit/192kHz Hi-Res audio;No;Yes, with stereo speakers
45;Tecno;Tecno Spark 10C;https://www.gsmarena.com/tecno_spark_10c-12199.php;N/A;N/A;18W wired;5000 mAh;N/A;Glass front, plastic frame, plastic back;163.9 x 75.5 x 8.5 mm (6.45 x 2.97 x 0.33 in);Nano-SIM + Nano-SIM;-;Yes;N/A;No;GPS;FM radio;USB Type-C 2.0;Wi-Fi 802.11 a/b/g/n/ac, dual-band;N/A;N/A;720 x 1612 pixels, 20:9 ratio (~267 ppi density);6.6 inches, 104.6 cm2 (~84.6% screen-to-body ratio);IPS LCD, 90Hz;N/A;Fingerprint (side-mounted), accelerometer, proximity, compass;2023, March 23;Available. Released 2023, March 29;N/A;Dual-LED flash, HDR, panorama;N/A;"16 MP, (wide), PDAF
0.08 MP (auxiliary lens)";N/A;1080p@30fps;N/A;microSDXC (dedicated slot);64GB 4GB RAM, 128GB 4GB RAM, 128GB 8GB RAM;Black, Blue, Green;KI5k, KI5m;₹ 9,990;GSM 850 / 900 / 1800 / 1900;HSDPA 850 / 900 / 2100;LTE;N/A;HSPA, LTE;GSM / HSPA / LTE;N/A;N/A;N/A;N/A;N/A;N/A;Octa-core (2x1.6 GHz Cortex-A75 & 6x1.6 GHz Cortex-A55);Unisoc T606 (12 nm);Mali-G57 MP1;Android 12, HIOS 8.6;Dual-LED flash;8 MP, (wide);1080p@30fps;N/A;Yes;Yes
46;Tecno;Tecno Phantom X2;https://www.gsmarena.com/tecno_phantom_x2-12009.php;N/A;N/A;45W wired, 54% in 20 min, 100% in 60 min;5160 mAh;N/A;Glass front (Gorilla Glass Victus), aluminum frame, plastic back;164.6 x 72.7 x 8.9 mm (6.48 x 2.86 x 0.35 in);Nano-SIM + Nano-SIM;203 g (7.16 oz);5.3, A2DP, LE;N/A;Yes;GPS;FM radio, recording;USB Type-C 2.0, OTG;Wi-Fi 802.11 a/b/g/n/ac, dual-band;N/A;Corning Gorilla Glass Victus;1080 x 2400 pixels, 20:9 ratio (~387 ppi density);6.8 inches, 111.6 cm2 (~93.3% screen-to-body ratio);AMOLED, 120Hz;N/A;Fingerprint (under display, optical), accelerometer, gyro, proximity, compass;2022, December 07;Available. Released 2023, January 09;N/A;LED flash, panorama, HDR;N/A;N/A;"64 MP, f/1.7, (wide), PDAF, OIS
13 MP, f/2.2, (ultrawide), 1/1.3"", 1.12µm, AF
2 MP";4K@30/60fps, 1080p@30fps;UFS 3.1;No;256GB 8GB RAM;Stardust Gray, Moonlight Silver;AD8;About 460 EUR;GSM 850 / 900 / 1800 / 1900;HSDPA 850 / 900 / 1700(AWS) / 1900 / 2100;1, 2, 3, 4, 5, 7, 8, 20, 28, 38, 40, 41, 66;1, 3, 8, 28, 38, 40, 41, 71, 77, 78, 79 SA/NSA/Sub6;HSPA, LTE, 5G;GSM / HSPA / LTE / 5G;N/A;Endurance rating 110h;Photo / Video;710 nits max brightness (measured);-26.8 LUFS (Good);"AnTuTu: 973623 (v9)
GeekBench: 4027 (v5.1)
GFXBench: 71fps (ES 3.1 onscreen)";Octa-core (1x3.05 GHz Cortex-X2 & 3x2.85 GHz Cortex-A710 & 4x1.80 GHz Cortex-A510);Mediatek Dimensity 9000 (4 nm);Mali-G710 MC10;Android 12, HIOS 12;LED flash;32 MP, f/2.5, (wide);1080p@30fps;N/A;No;Yes
47;Tecno;Tecno Pova;https://www.gsmarena.com/tecno_pova-10549.php;N/A;N/A;18W wired;6000 mAh;N/A;N/A;171.2 x 77.6 x 9.4 mm (6.74 x 3.06 x 0.37 in);Nano-SIM + Nano-SIM;-;5.0, A2DP, LE;N/A;No;GPS, GALILEO, BDS;FM radio;microUSB 2.0, OTG;Wi-Fi 802.11 a/b/g/n/ac, dual-band;N/A;N/A;720 x 1640 pixels (~263 ppi density);6.8 inches, 109.8 cm2 (~82.7% screen-to-body ratio);IPS LCD, 480 nits (peak);N/A;Fingerprint (rear-mounted), accelerometer, proximity, compass;2020, October 03;Available. Released 2020, October 16;N/A;Quad-LED flash;"13 MP or 16 MP, f/1.9, (wide), PDAF
2 MP, (macro)
2 MP, (depth)
4th unknown camera";N/A;N/A;1440p@30fps, 1080p@30fps;N/A;microSDXC (dedicated slot);64GB 4GB RAM, 128GB 6GB RAM;Magic Blue, Speed Purple, Dazzle Black;LD7, LD7j, MZ-TECNO LD7;About 110 EUR;GSM 850 / 900 / 1800 / 1900;HSDPA 850 / 900 / 2100;1, 3, 5, 8, 38, 40, 41;N/A;HSPA, LTE;GSM / HSPA / LTE;N/A;N/A;N/A;N/A;N/A;N/A;Octa-core (2x2.0 GHz Cortex-A75 & 6x1.8 GHz Cortex-A55);Mediatek MT6769V/CU Helio G80 (12 nm);Mali-G52 MC2;Android 10, HIOS 7.0;Dual-LED flash;8 MP, f/2.0;1080p@30fps;N/A;Yes;Yes
48;Tecno;Tecno Spark 8C;https://www.gsmarena.com/tecno_spark_8c-11340.php;N/A;N/A;N/A;5000 mAh;N/A;Glass front, plastic frame, plastic back;164.6 x 76 x 9 mm (6.48 x 2.99 x 0.35 in);Nano-SIM + Nano-SIM;-;Yes;N/A;Yes (market/region dependent);GPS;FM radio;microUSB 2.0, OTG;Yes;N/A;N/A;720 x 1612 pixels, 20:9 ratio (~267 ppi density);6.6 inches, 104.6 cm2 (~83.7% screen-to-body ratio);IPS LCD, 90Hz;N/A;Fingerprint (rear-mounted), accelerometer, proximity;2022, January 31;Available. Released 2022, February;"13 MP, f/1.8, 27mm (wide)
QVGA";Dual-LED lash, HDR;N/A;N/A;N/A;1080p@30fps;eMMC 5.1;microSDXC;64GB 2GB RAM, 64GB 3GB RAM, 64GB 4GB RAM;Turquoise, Magnet Black, Iris Purple, Diamond Gray;KG5k, KG5j, KG5n, MZ-TECNO KG5k;N/A;GSM 850 / 900 / 1800 / 1900;HSDPA 850 / 900 / 2100;LTE;N/A;HSPA 21.1/5.76 Mbps, LTE;GSM / HSPA / LTE;N/A;N/A;N/A;N/A;N/A;N/A;Octa-core (2x1.6 GHz Cortex-A75 & 6x1.6 GHz Cortex-A55);Unisoc T606 (12 nm);Mali-G57 MP1;Android 11 (Go edition), HiOS 7.6;LED flash;8 MP;;N/A;Yes;Yes
49;Tecno;Tecno Camon 30 Pro;https://www.gsmarena.com/tecno_camon_30_pro-12846.php;N/A;N/A;70W wired, 0-100% in 47 min;5000 mAh;N/A;Glass front, glass back or silicone polymer back (eco leather);164 x 74.5 x 7.7 mm (6.46 x 2.93 x 0.30 in);Nano-SIM + Nano-SIM;188.6 g (6.67 oz);5.3, A2DP, LE;Yes;Yes;GPS;FM radio;USB Type-C 2.0, OTG;Wi-Fi 802.11 a/b/g/n/ac, dual-band;N/A;N/A;1080 x 2436 pixels (~393 ppi density);6.78 inches, 109.9 cm2 (~89.9% screen-to-body ratio);AMOLED, 144Hz;N/A;Fingerprint (under display, optical), accelerometer, gyro, compass;2024, February 27;Available. Released 2024, April 02;N/A;Dual-LED flash, HDR, panorama;N/A;N/A;"50 MP, f/1.9, 23mm (wide), 1/1.56"", 1.0µm, PDAF, OIS
50 MP, f/2.2, 14mm, 114˚ (ultrawide), 1/2.76"", 0.64µm, PDAF
2 MP, (depth)";4K@30/60fps (HDR), 1080p@30fps;N/A;No;256GB 12GB RAM, 512GB 12GB RAM;Iceland Basaltic Dark, Alps Snowy Silver;CL8;N/A;GSM 850 / 900 / 1800 / 1900;HSDPA 850 / 900 / 1700(AWS) / 1900 / 2100;LTE;SA/NSA;HSPA, LTE, 5G;GSM / HSPA / LTE / 5G;Active use score 14:29h;N/A;N/A;998 nits max brightness (measured);-25.5 LUFS (Very good);"AnTuTu: 949357 (v10)
GeekBench: 3931 (v6)
3DMark: 1727 (Wild Life Extreme)";Octa-core (1x3.1 GHz Cortex-A78 & 3x3.0 GHz Cortex-A78 & 4x2.0 GHz Cortex-A55);Mediatek Dimensity 8200 Ultimate (4 nm);Mali-G610 MC6;Android 14, up to 2 major Android upgrades, HIOS 14;N/A;"50 MP, f/2.5, 24mm (wide), 1/2.8"", 0.64µm, PDAF";Yes;24-bit/192kHz Hi-Res audio;No;Yes, with dual speakers
50;Tecno;Tecno Spark 20 Pro+;https://www.gsmarena.com/tecno_spark_20_pro+-12770.php;N/A;N/A;33W wired;5000 mAh;"IP53 dust protected and water resistant
(vertical water sprays)";Glass front (Gorilla Glass 5), plastic back, plastic frame;164.7 x 75 x 7.6 mm (6.48 x 2.95 x 0.30 in);Nano-SIM + Nano-SIM;179 g (6.31 oz);5.2, A2DP, LE;N/A;Yes;GPS, GLONASS;FM radio;USB Type-C;Wi-Fi 802.11 a/b/g/n/ac, dual-band;N/A;Corning Gorilla Glass 5;1080 x 2436 pixels (~393 ppi density);6.78 inches, 109.9 cm2 (~89.0% screen-to-body ratio);AMOLED, 1B colors, 120Hz, 1000 nits (peak);N/A;Fingerprint (under display, optical), accelerometer, gyro, proximity, compass;2023, December 29;Available. Released 2024, February 09;"108 MP, f/1.8, (wide), 1/1.67"", 0.64µm, PDAF
2 MP, f/2.4 (macro)";Quad-LED flash, HDR;N/A;N/A;N/A;1440p@30fps, 1080p@30fps;N/A;No;256GB 8GB RAM;Temporal Orbits, Lunar Frost, Radiant Starstream, Magic Skin 2.0 Green;KJ7;N/A;GSM 850 / 900 / 1800 / 1900;HSDPA 900 / 2100;LTE;N/A;HSPA, LTE (CA);GSM / HSPA / LTE;Active use score 11:56h;N/A;N/A;549 nits max brightness (measured);-25.2 LUFS (Very good);"AnTuTu: 386262 (v9), 433988 (v10)

GeekBench: 1787 (v5), 1953 (v6)
3DMark: 347 (Wild Life Extreme)";Octa-core (2x2.2 GHz Cortex-A76 & 6x2.0 GHz Cortex-A55);Mediatek Helio G99 Ultimate;Mali-G57 MC2;Android 14;Dual-LED flash;"32 MP, f/2.2, (wide), 1/3.1"", 0.7µm";1440p@30fps, 1080p@30/60fps;24-bit/192kHz Hi-Res & Hi-Res wireless audio;No;Yes, with stereo speakers
51;Tecno;Tecno Spark 7;https://www.gsmarena.com/tecno_spark_7-10845.php;N/A;N/A;N/A;6000 mAh (Global)5000 mAh (Africa only);N/A;N/A;164.8 x 76.1 x 9.5 mm (6.49 x 3.00 x 0.37 in);Nano-SIM + Nano-SIM;-;Yes;N/A;No;GPS;FM radio;microUSB 2.0, OTG;Wi-Fi 802.11 b/g/n;N/A;N/A;720 x 1600 pixels, 20:9 ratio (~270 ppi density);6.5 inches, 102.0 cm2 (~81.3% screen-to-body ratio);IPS LCD;N/A;Fingerprint (rear-mounted), accelerometer, proximity;2021, April 09;Available. Released 2021, April 16;"16 MP, AF
Secondary unknown camera";Quad-LED flash;N/A;N/A;N/A;1080p@30fps;eMMC 5.1;microSDXC (dedicated slot);32GB 2GB RAM, 64GB 3GB RAM, 64GB 4GB RAM;Morpheus Blue, Spruce Green, Magnet Black;KF6, KF6j, KF6i, KF6k, PR651h, PR651, PR651E, KF6m, KF6h, KF6n;About 90 EUR;GSM 850 / 900 / 1800 / 1900;HSDPA 850 / 900 / 2100;LTE;N/A;HSPA 42.2/5.76 Mbps, LTE Cat4 150/50 Mbps;GSM / HSPA / LTE;N/A;N/A;N/A;N/A;N/A;N/A;Octa-core (4x1.8 GHz Cortex-A53 & 4x1.5 GHz Cortex-A53);Mediatek MT6762D Helio A25 (12 nm);PowerVR GE8320;Android 11, HIOS 7.5;Dual-LED flash;8 MP;1080p@30fps;N/A;Yes;Yes
52;Tecno;Tecno Spark 10 Pro;https://www.gsmarena.com/tecno_spark_10_pro-12156.php;N/A;N/A;18W wired;5000 mAh;N/A;Glass front, plastic frame, glass back;168.4 x 76.2 x 8.4 mm (6.63 x 3.00 x 0.33 in);Nano-SIM + Nano-SIM;208 g (7.34 oz);5.3, A2DP, LE;N/A;Yes;GPS;FM radio;USB Type-C 2.0, OTG;Wi-Fi 802.11 b/g/n;N/A;N/A;1080 x 2460 pixels (~396 ppi density);6.8 inches, 109.3 cm2 (~85.1% screen-to-body ratio);IPS LCD, 90Hz;N/A;Fingerprint (side-mounted), accelerometer, proximity, compass;2023, March 06;Available. Released 2023, March 22;N/A;Dual-LED flash, HDR, panorama;N/A;"50 MP, f/1.6, (wide), PDAF
0.08 MP (auxiliary lens)";N/A;1440p@30fps, 1080p@30fps;N/A;microSDXC (dedicated slot);128GB 4GB RAM, 128GB 8GB RAM, 256GB 8GB RAM;Starry Black, Pearl White;KI7;€ 151.34 / £ 232.45;GSM 850 / 900 / 1800 / 1900;HSDPA 850 / 900 / 2100;LTE;N/A;HSPA, LTE;GSM / HSPA / LTE;N/A;Endurance rating 131h;Photo / Video;1991:1 contrast ratio, 521 nits max brightness (measured);-29.2 LUFS (Average);"AnTuTu: 249938 (v9)
GeekBench: 1358 (v5.1), 1376 (v6)
GFXBench: 8.1fps (ES 3.1 onscreen)";Octa-core (2x2.0 GHz Cortex-A75 & 6x1.8 GHz Cortex-A55);Mediatek MT6769H Helio G88 (12 nm);Mali-G52 MC2;Android 13, HIOS 12.6;Dual-LED flash;32 MP, (wide);1440p@30fps, 1080p@30fps;N/A;Yes;Yes
53;Tecno;Tecno Spark 30 5G;https://www.gsmarena.com/tecno_spark_30_5g-13384.php;N/A;N/A;18W wired;5000 mAh;IP54 dust protected and water resistant (water splashes);N/A;165.4 x 76.8 x 7.8 mm (6.51 x 3.02 x 0.31 in);Nano-SIM + Nano-SIM;-;5.3, A2DP, LE;N/A;Yes;GPS, GLONASS, GALILEO, BDS;Unspecified;USB Type-C 2.0;Wi-Fi 802.11 a/b/g/n/ac, dual-band;N/A;N/A;720 x 1600 pixels, 20:9 ratio (~263 ppi density);6.67 inches, 107.4 cm2 (~84.6% screen-to-body ratio);IPS LCD, 120Hz;N/A;Fingerprint (side-mounted), accelerometer, proximity, compass;2024, October 02;Available. Released 2024, October;N/A;Tripple-LED flash;N/A;N/A;"108 MP, f/1.9, (wide), PDAF
Unspecified cameras";Yes;N/A;microSDXC (dedicated slot);128GB 6GB RAM, 256GB 8GB RAM;Azure Sky, Midnight Shadow, Aurora Cloud;KL8;N/A;GSM 850 / 900 / 1800 / 1900;HSDPA 850 / 900 / 2100;LTE;SA/NSA;HSPA, LTE, 5G;GSM / HSPA / LTE / 5G;N/A;N/A;N/A;N/A;N/A;N/A;Octa-core (2x2.4 GHz Cortex-A76 & 6x2.0 GHz Cortex-A55);Mediatek Dimensity 6300 (6 nm);Mali-G57 MC2;Android 14, HIOS 14.5;Dual-LED dual-tone flash;8 MP;Yes;24-bit/192kHz Hi-Res audio;Yes;Yes, with stereo speakers
54;Tecno;Tecno Spark 30C 5G;https://www.gsmarena.com/tecno_spark_30c_5g-13385.php;N/A;N/A;18W wired;5000 mAh;IP54 dust protected and water resistant (water splashes);Glass front, plastic back, plastic frame;165 x 77 x 8 mm (6.50 x 3.03 x 0.31 in);Nano-SIM + Nano-SIM;-;Yes;Yes;Yes;GPS;Unspecified;USB Type-C;Yes;N/A;N/A;720 x 1600 pixels, 20:9 ratio (~263 ppi density);6.67 inches, 107.4 cm2 (~84.5% screen-to-body ratio);IPS LCD, 120Hz;N/A;"Fingerprint (side-mounted); unspecified sensors";2024, October 02;Available. Released 2024, October;N/A;Tripple-LED flash;N/A;"48 MP, (wide), 1/2.0"", 0.8µm, AF
Auxiliary lens";N/A;1080p@30fps;N/A;microSDXC;64GB 4GB RAM, 128GB 4GB RAM, 128GB 8GB RAM, 256GB 4GB RAM;Aurora Cloud, Azure Sky, Midnight Shadow;KL8H;N/A;GSM 850 / 900 / 1800 / 1900;HSDPA 900 / 2100;LTE;SA/NSA;HSPA, LTE, 5G;GSM / HSPA / LTE / 5G;N/A;N/A;N/A;N/A;N/A;N/A;Octa-core (2x2.4 GHz Cortex-A76 & 6x2.0 GHz Cortex-A55);Mediatek Dimensity 6300 (6 nm);Mali-G57 MC2;Android 14;Dual-LED flash;8 MP;Yes;24-bit/192kHz Hi-Res audio;Yes;Yes, with stereo speakers
55;Tecno;Tecno Spark Go 2;https://www.gsmarena.com/tecno_spark_go_2-13975.php;N/A;N/A;15W wired;5000 mAh;"IP64 dust tight and water resistant (water splashes)
Drop resistant up to 1.5m";Glass front, plastic back, plastic frame;165.6 x 77 x 8.3 mm (6.52 x 3.03 x 0.33 in);Nano-SIM + Nano-SIM;-;Yes;Yes;No;GPS;FM radio;USB Type-C, OTG;Yes;N/A;N/A;720 x 1600 pixels, 20:9 ratio (~263 ppi density);6.67 inches, 107.4 cm2 (~84.2% screen-to-body ratio);IPS LCD, 120Hz;N/A;"Fingerprint (side-mounted); unspecified sensors";2025, June 24;Available. Released 2025, June;N/A;Dual-LED flash, HDR;N/A;13 MP, f/1.8, 27mm (wide), PDAF;N/A;1080p@30fps;eMMC 5.1;microSDXC;64GB 3GB RAM, 64GB 4GB RAM, 128GB 3GB RAM, 128GB 4GB RAM, 256GB 4GB RAM;Ink Black, Titanium Grey, Veil White, Turquoise Green;KM4;About 80 EUR;GSM 850 / 900 / 1800 / 1900;HSDPA 900 / 2100;LTE;N/A;HSPA, LTE;GSM / HSPA / LTE;N/A;N/A;N/A;N/A;N/A;N/A;Octa-core (2x1.8 GHz Cortex-A75 & 6x1.6 GHz Cortex-A55);Unisoc T7250 (12 nm);Mali-G57 MP1;Android 15, HIOS 15;Dual-LED flash;8 MP;Yes;N/A;Yes;Yes, with dual speakers
56;Tecno;Tecno Camon 20 Pro;https://www.gsmarena.com/tecno_camon_20_pro-12254.php;N/A;N/A;33W wired;5000 mAh;N/A;N/A;163.4 x 76.7 x 7.8 mm (6.43 x 3.02 x 0.31 in);Nano-SIM + Nano-SIM;-;Yes;N/A;Yes;GPS;FM radio;USB Type-C 2.0, OTG;Yes;N/A;N/A;1080 x 2400 pixels, 20:9 ratio (~395 ppi density);6.67 inches, 107.4 cm2 (~85.7% screen-to-body ratio);AMOLED, 120Hz;N/A;Fingerprint (under display, optical), accelerometer, proximity, compass;2023, May 09;Available. Released 2023, May 09;N/A;Ring-LED flash, panorama, HDR;N/A;N/A;"64 MP, f/1.7, 25mm (wide), 1/1.7"", 0.8µm, PDAF
2 MP, f/2.4, (depth)
QVGA";1080p@30fps;N/A;Unspecified;256GB 8GB RAM;Predawn Black, Serenity Blue;CK7n;N/A;GSM 850 / 900 / 1800 / 1900;HSDPA 850 / 900 / 2100;LTE;N/A;HSPA, LTE;GSM / HSPA / LTE;N/A;N/A;N/A;N/A;N/A;N/A;Octa-core (2x2.2 GHz Cortex-A76 & 6x2.0 GHz Cortex-A55);Mediatek Helio G99 (6 nm);Mali-G57 MC2;Android 13, HIOS 13;Dual-LED flash;"32 MP, f/2.5, 24mm (wide), 1/2.8"", 0.8µm";1080p@30fps;24-bit/192kHz Hi-Res audio;Yes;Yes, with stereo speakers
57;Tecno;Tecno Spark Go 2024;https://www.gsmarena.com/tecno_spark_go_2024-12702.php;N/A;N/A;10W wired;5000 mAh;N/A;Glass front, plastic back, plastic frame;163.7 x 75.6 x 8.6 mm (6.44 x 2.98 x 0.34 in);Nano-SIM + Nano-SIM;-;Yes;N/A;No;GPS;FM radio;USB Type-C, OTG;Yes;N/A;N/A;720 x 1612 pixels, 20:9 ratio (~267 ppi density);6.6 inches, 104.6 cm2 (~84.6% screen-to-body ratio);IPS LCD, 90Hz;N/A;Fingerprint (side-mounted), accelerometer;2023, November 21;Available. Released 2023, December 07;N/A;Dual-LED flash, HDR;N/A;"13 MP, f/1.9, (wide), 1.12µm, AF
0.08 MP (auxiliary lens)";N/A;1080p@30fps;eMMC 5.1;microSDXC;64GB 2GB RAM, 64GB 3GB RAM, 64GB 4GB RAM, 128GB 4GB RAM;Mystery White, Alpenglow Gold, Magic Skin, Gravity Black;BG6;About 90 EUR;GSM 850 / 900 / 1800 / 1900;HSDPA 900 / 2100;LTE;N/A;HSPA, LTE;GSM / HSPA / LTE;N/A;N/A;N/A;N/A;N/A;N/A;Octa-core (2x1.6 GHz Cortex-A75 & 6x1.6 GHz Cortex-A55);Unisoc T606 (12 nm);Mali-G57 MP1;Android 13 (Go edition), HIOS 13;Dual-LED flash;8 MP;Yes;N/A;Yes;Yes, with dual speakers
58;Tecno;Tecno Pop 9 4G;https://www.gsmarena.com/tecno_pop_9_4g-13509.php;N/A;N/A;15W wired;5000 mAh;IP54 dust protected and water resistant (water splashes);Glass front, plastic back, plastic frame;166 x 77 x 8 mm (6.54 x 3.03 x 0.31 in);Nano-SIM + Nano-SIM;189 g (6.67 oz);Yes;Yes;No;GPS;FM radio;USB Type-C;Yes;N/A;N/A;720 x 1600 pixels, 20:9 ratio (~263 ppi density);6.67 inches, 107.4 cm2 (~84.0% screen-to-body ratio);IPS LCD, 90Hz (India), 120Hz (International);N/A;"Fingerprint (side-mounted); unspecified sensors";2024, November 22;Available. Released 2024, November 26;N/A;Dual-LED flash, HDR;N/A;13 MP, f/1.8, 27mm (wide), 1.12µm, PDAF;N/A;1080p@30fps;eMMC 5.1;microSDXC;64GB 3GB RAM, 64GB 4GB RAM, 128GB 3GB RAM, 128GB 4GB RAM;Glittery White, Lime Green, Startrail Black;KL4h;₹ 5,999;GSM 850 / 900 / 1800 / 1900;HSDPA 900 / 2100;LTE;N/A;HSPA, LTE;GSM / HSPA / LTE;N/A;N/A;N/A;N/A;N/A;N/A;Octa-core (2x1.8 GHz Cortex-A75 & 6x1.6 GHz Cortex-A55) - InternationalOcta-core 2.2 GHz Cortex-A53 - India;Unisoc T615 (12 nm) - InternationalMediatek Helio G50 - India;Mali-G57 MP1 - InternationalPowerVR GE8320 - India;Android 14 (Go edition);Dual-LED flash;8 MP;Yes;N/A;Yes;Yes, with stereo speakers
59;Tecno;Tecno Pova Slim;https://www.gsmarena.com/tecno_pova_slim_5g-14111.php;N/A;N/A;"45W wired, 100% in 57 min
10W reverse wired
Bypass charging";5160 mAh;"IP64 dust tight and water resistant (water splashes)
Status light LED (on the back)
MIL-STD-810H compliant*
* does not guarantee ruggedness or use in extreme conditions";Glass front (Gorilla Glass 7i), fiberglass back;164.2 x 75.9 x 6 mm (6.46 x 2.99 x 0.24 in);Nano-SIM;156 g (5.50 oz);5.4, A2DP, LE;Yes;Yes;GPS, GLONASS, GALILEO, BDS;FM radio;USB Type-C;Wi-Fi 802.11 a/b/g/n/ac, dual-band;N/A;Corning Gorilla Glass 7i;1224 x 2720 pixels, 20:9 ratio (~440 ppi density);6.78 inches, 111.0 cm2 (~89.1% screen-to-body ratio);AMOLED, 144Hz, 1600 nits (HBM), 4500 nits (peak);N/A;Fingerprint (under display, optical), accelerometer, gyro, proximity, compass;2025, September 02;Coming soon. Exp. release 2025, September;"50 MP, (wide), PDAF
2 MP";LED flash;N/A;N/A;N/A;1440p@30fps, 1080p@30fps;N/A;No;128GB 8GB RAM, 256GB 8GB RAM;Sky Blue, Slim White, Cool Black;N/A;N/A;GSM 850 / 900 / 1800 / 1900;HSDPA 850 / 900 / 2100;LTE;SA/NSA;HSPA, LTE, 5G;GSM / HSPA / LTE / 5G;N/A;N/A;N/A;N/A;N/A;N/A;Octa-core (2x2.5 GHz Cortex-A76 & 6x2.0 GHz Cortex-A55);Mediatek Dimensity 6400 (6 nm);Mali-G57 MC2;Android 15, HIOS 15;N/A;13 MP, (wide);Yes;N/A;No;Yes
60;Tecno;Tecno Camon 20 Premier;https://www.gsmarena.com/tecno_camon_20_premier-12256.php;N/A;N/A;45W wired;5000 mAh;N/A;Glass front, leather back;161.9 x 74.3 x 8.2 mm (6.37 x 2.93 x 0.32 in);Nano-SIM + Nano-SIM;202.5 g (7.16 oz);5.2, A2DP, LE;N/A;Yes;GPS;FM radio;USB Type-C 2.0, OTG;Wi-Fi 802.11 a/b/g/n/ac, dual-band;N/A;N/A;1080 x 2400 pixels, 20:9 ratio (~395 ppi density);6.67 inches, 107.4 cm2 (~89.3% screen-to-body ratio);AMOLED, 120Hz;N/A;Fingerprint (under display, optical), accelerometer, gyro, proximity, compass;2023, May 09;Available. Released 2023, May 09;N/A;Laser AF, Ring-LED flash, HDR, panorama;N/A;N/A;"50 MP, f/1.8, 23mm (wide), 1/1.56"", 1.0µm, PDAF, sensor-shift OIS
108 MP, f/2.2, 13mm, 115˚ (ultrawide), PDAF
2 MP, f/2.4, (depth)";4K@30fps, 1080p@30fps, HDR;N/A;No;512GB 8GB RAM;Dark Welkin, Serenity Blue;CK9n;About 410 EUR;GSM 850 / 900 / 1800 / 1900;HSDPA 850 / 900 / 1700(AWS) / 1900 / 2100;LTE;SA/NSA;HSPA, LTE, 5G;GSM / HSPA / LTE / 5G;N/A;Endurance rating 107h;Photo / Video;684 nits max brightness (measured);-27.8 LUFS (Good);"AnTuTu: 673809 (v9), 802232(v10)
GeekBench: 3074 (v5), 3348 (v6)
GFXBench: 39fps (ES 3.1 onscreen)";Octa-core (1x3.0 GHz Cortex-A78 & 3x2.6 GHz Cortex-A78 & 4x2.0 GHz Cortex-A55);Mediatek Dimensity 8050 (6 nm);Mali-G77 MC9;Android 13, HIOS 13;Dual-LED flash;"32 MP, f/2.5, 24mm (wide), 1/2.8"", 0.8µm";1080p@30fps;24-bit/192kHz Hi-Res audio;No;Yes, with stereo speakers
61;Tecno;Tecno Spark 20 Pro;https://www.gsmarena.com/tecno_spark_20_pro-12747.php;N/A;N/A;33W wired;5000 mAh;"IP53 dust protected and water resistant
(vertical water sprays)";Glass front, plastic back, plastic frame;168.6 x 76.6 x 8.4 mm (6.64 x 3.02 x 0.33 in);Nano-SIM + Nano-SIM;-;5.2, A2DP, LE;N/A;Yes;GPS, GLONASS;FM radio;USB Type-C;Wi-Fi 802.11 a/b/g/n/ac, dual-band;N/A;N/A;1080 x 2460 pixels (~396 ppi density);6.78 inches, 109.2 cm2 (~84.5% screen-to-body ratio);IPS LCD, 120Hz;N/A;Fingerprint (side-mounted), accelerometer, proximity, compass;2023, December 15;Available. Released 2023, December;"108 MP, f/1.8, (wide), 1/1.67"", 0.64µm, PDAF
2 MP, (macro)";Quad-LED flash, HDR;N/A;N/A;N/A;1440p@30fps, 1080p@30fps;N/A;microSDXC;256GB 4GB RAM, 256GB 8GB RAM, 256GB 12GB RAM;Moonlit Black, Frosty Ivory, Sunset Blush, Magic Skin 2.0 Green;KJ6;About 230 EUR;GSM 850 / 900 / 1800 / 1900;HSDPA 900 / 2100;LTE;N/A;HSPA, LTE;GSM / HSPA / LTE;N/A;N/A;N/A;N/A;N/A;N/A;Octa-core (2x2.2 GHz Cortex-A76 & 6x2.0 GHz Cortex-A55);Mediatek Helio G99 (6 nm);Mali-G57 MC2;Android 13;Dual-LED flash;32 MP, f/2.2, (wide);1080p@30fps;N/A;Yes;Yes, with stereo speakers
62;Tecno;Tecno Camon 30 5G;https://www.gsmarena.com/tecno_camon_30_5g-12847.php;N/A;N/A;70W wired, 0-100% in 45 min;5000 mAh;IP54 dust protected and water resistant (water splashes);Glass front, glass back or silicone polymer back (eco leather);165.4 x 75.9 x 7.8 mm or 8.0 mm;Nano-SIM + Nano-SIM;199 g (7.05 oz);5.3, A2DP, LE;Yes;Yes;GPS;FM radio;USB Type-C 2.0, OTG;Wi-Fi 802.11 a/b/g/n/ac, dual-band;N/A;N/A;1080 x 2436 pixels (~393 ppi density);6.78 inches, 109.9 cm2 (~87.5% screen-to-body ratio);AMOLED, 120Hz;N/A;Fingerprint (under display, optical), accelerometer, gyro, proximity, compass;2024, February 27;Available. Released 2024, April 02;"50 MP, f/1.9, (wide), 1/1.57"", PDAF, OIS
2 MP, (depth)";Dual-LED flash, HDR, panorama;N/A;N/A;N/A;Yes, 4K@30fps;N/A;Unspecified;256GB 8GB, 512GB 8GB, 512GB 12GB;Iceland Basaltic Dark, Uyuni Salt White, Emerald Lake Green;CL7, CL7k;₹ 19,999;GSM 850 / 900 / 1800 / 1900;HSDPA 850 / 900 / 1700(AWS) / 1900 / 2100;LTE;SA/NSA;HSPA, LTE, 5G;GSM / HSPA / LTE / 5G;N/A;N/A;N/A;N/A;N/A;N/A;Octa-core (2x2.2 GHz Cortex-A78 & 6x2.0 GHz Cortex-A55);Mediatek Dimensity 7020 (6 nm);IMG BXM-8-256;Android 14, up to 2 major Android upgrades, HIOS 14;Dual-LED dual-tone;50 MP, (wide), AF;Yes;N/A;No;Yes, with dual speakers
63;Tecno;Tecno Pop 7 Pro;https://www.gsmarena.com/tecno_pop_7_pro-12108.php;N/A;N/A;10W wired;5000 mAh;N/A;Glass front, plastic back, plastic frame;163.9 x 75.5 x 8.9 mm (6.45 x 2.97 x 0.35 in);Nano-SIM + Nano-SIM;-;5.0, A2DP, LE;N/A;No;GPS;FM radio;USB Type-C 2.0;Wi-Fi 802.11 b/g/n;N/A;N/A;720 x 1612 pixels, 20:9 ratio (~267 ppi density);6.6 inches, 104.6 cm2 (~84.6% screen-to-body ratio);IPS LCD;N/A;Fingerprint (rear-mounted), accelerometer, proximity;2023, January 28;Available. Released 2023, January 28;"13 MP, (wide), AF
QVGA";Dual-LED flash, panorama, HDR;N/A;N/A;N/A;1080p@30fps;eMMC 5.1;microSDXC (dedicated slot);64GB 3GB RAM;Turquoise Cyan, Atlantic Blue;BF7, BF7h;About 130 EUR;GSM 850 / 900 / 1800 / 1900;HSDPA 900 / 2100;LTE;N/A;HSPA, LTE;GSM / HSPA / LTE;N/A;N/A;N/A;N/A;N/A;N/A;Quad-core 2.0 GHz Cortex-A53;Mediatek MT6761 Helio A22 (12 nm);PowerVR GE8320;Android 12, HIOS 12;N/A;5 MP;Yes;N/A;Yes;Yes
64;Tecno;Tecno Pova 7 Ultra;https://www.gsmarena.com/tecno_pova_7_ultra_5g-13976.php;N/A;N/A;"70W wired, 50% in 18 min, 100% in 44 min
30W wireless (magnetic)
10W reverse wired";6000 mAh;"IP64 dust tight and water resistant (water splashes)
Status light LED (on the back)";N/A;160 x 75.2 x 8.9 mm (6.30 x 2.96 x 0.35 in);Nano-SIM + Nano-SIM;-;Yes;Yes;Yes;GPS, GLONASS, GALILEO, BDS;Unspecified;USB Type-C 2.0, OTG;Yes;N/A;Corning Gorilla Glass 7i;1260 x 2800 pixels, 20:9 ratio (~460 ppi density);6.67 inches, 107.4 cm2 (~89.3% screen-to-body ratio);AMOLED, 1B colors, 144Hz, 2592Hz PWM, 4500 nits (peak);Circle to Search;Fingerprint (under display, optical), accelerometer, gyro, proximity, compass;2025, June 20;Available. Released 2025, July;"108 MP, (wide), 0.7µm, PDAF
8 MP, (ultrawide)";Dual-LED flash;N/A;N/A;N/A;Yes;N/A;No;256GB 8GB RAM, 256GB 12GB RAM;Geek White, Geek Black;LJ9;N/A;GSM 850 / 900 / 1800 / 1900;HSDPA 850 / 900 / 2100;LTE;SA/NSA;HSPA, LTE, 5G;GSM / HSPA / LTE / 5G;N/A;N/A;N/A;N/A;N/A;N/A;Octa-core (1x3.35 GHz Cortex-A715 & 3x3.20 GHz Cortex-A715 & 4x2.20 GHz Cortex-A510);Mediatek Dimensity 8350 Ultimate (4 nm);Mali G615-MC6;Android 15, HIOS 15;N/A;13 MP, (wide);Yes;24-bit/192kHz Hi-Res & Hi-Res wireless audio;Yes;Yes, with stereo speakers
65;Tecno;Tecno Camon 20;https://www.gsmarena.com/tecno_camon_20-12253.php;N/A;N/A;33W wired;5000 mAh;"IP53 dust protected and water resistant
(vertical water sprays)";N/A;163.4 x 76.7 x 7.8 mm (6.43 x 3.02 x 0.31 in);Nano-SIM + Nano-SIM;-;Yes;N/A;No;GPS;FM radio;USB Type-C 2.0, OTG;Yes;N/A;N/A;1080 x 2400 pixels, 20:9 ratio (~395 ppi density);6.67 inches, 107.4 cm2 (~85.7% screen-to-body ratio);AMOLED;N/A;Fingerprint (under display, optical), accelerometer, proximity, compass;2023, May 09;Available. Released 2023, May 09;N/A;Ring-LED flash, panorama, HDR;N/A;N/A;"64 MP, f/1.7, 25mm (wide), 1/1.7"", 0.8µm, PDAF
2 MP, f/2.4, (depth)
QVGA";1080p@30fps;N/A;Unspecified;256GB 8GB RAM;Predawn Black, Glacier Glow, Serenity Blue;CK6, CK6n;N/A;GSM 850 / 900 / 1800 / 1900;HSDPA 850 / 900 / 2100;LTE;N/A;HSPA, LTE;GSM / HSPA / LTE;N/A;N/A;N/A;N/A;N/A;N/A;Octa-core (2x2.0 GHz Cortex-A75 & 6x1.8 GHz Cortex-A55);Mediatek MT6769Z Helio G85 (12 nm);Mali-G52 MC2;Android 13, HIOS 13;Dual-LED flash;"32 MP, f/2.5, 24mm (wide), 1/2.8"", 0.8µm";1080p@30fps;N/A;Yes;Yes, with stereo speakers
66;Tecno;Tecno Pova 7 4G;https://www.gsmarena.com/tecno_pova_7-13974.php;N/A;N/A;"45W wired, 50% in 29 min, 100% in 70 min
10W reverse wired";7000 mAh;IP64 dust tight and water resistant (water splashes);N/A;168.6 x 76.6 x 9.3 mm (6.64 x 3.02 x 0.37 in);Nano-SIM + Nano-SIM;-;Yes;Yes;Yes;GPS, GLONASS, GALILEO, BDS;FM radio;USB Type-C 2.0, OTG;Yes;N/A;N/A;1080 x 2460 pixels (~396 ppi density);6.78 inches, 109.2 cm2 (~84.5% screen-to-body ratio);AMOLED, 120Hz;Circle to Search;Accelerometer, gyro, proximity, compass;2025, June 20;Available. Released 2025, June 25;"108 MP, (wide), 0.7µm, PDAF
2 MP, (macro)";Dual-LED flash;N/A;N/A;N/A;Yes;N/A;microSDXC (dedicated slot);128GB 8GB RAM, 256GB 8GB RAM;Hyper Titanium, Magic Silver, Geek Black;LJ6;N/A;GSM 850 / 900 / 1800 / 1900;HSDPA 850 / 900 / 2100;LTE;N/A;HSPA, LTE;GSM / HSPA / LTE;N/A;N/A;N/A;N/A;N/A;N/A;Octa-core (2x2.2 GHz Cortex-A76 & 6x2.0 GHz Cortex-A55);Mediatek Helio G100 Ultimate (6 nm);Mali-G57 MC2;Android 15, HIOS 15;N/A;8 MP, (wide);Yes;24-bit/192kHz Hi-Res & Hi-Res wireless audio;Yes;Yes, with stereo speakers
