year,category,series,model,sku_example,cpu,gpu,display,ram,storage,weight_kg,price_idr,price_usd,refresh_rate_hz,panel_type,npu_ai_tops,source,material,brand,gpu_fixed,image,cpu_score,gpu_score,clean_price,ram_gb,storage_gb
2025,Gaming,Predator,Acer Predator Helios Neo 16,PHN16-72,Intel Core i9-14900HX,NVIDIA GeForce RTX 4070,16 inch,32GB,1TB SSD,2.6,20000000.0,185.0,240,IPS,,Acer Official,Aluminium,Acer,NVIDIA GeForce RTX 4070,assets/images/Acer Predator Helios Neo 16.jpg,30055,22000.0,20000000.0,32,1024
2024,AI Laptop,Aspire,Acer Aspire 7 2024,A715-77G,Ryzen 7 8845HS,NVIDIA GeForce RTX 3050,15.6 inch,16GB,512GB SSD,2.1,10059851.0,89.5,144,IPS,,Acer Official,Plastik,Acer,NVIDIA GeForce RTX 3050,assets/images/Acer Aspire 7 2024.jpg,22000,13000.0,10059851.0,16,512
2025,AI Laptop,Workplus,Advan Workplus AI 2025,Workpl,AMD Ryzen 7 8845HS,AMD Radeon 780M,14 inch,16GB,1TB SSD,1.4,7000000.0,72.8,120,IPS,,Advan Official,Aluminium,Advan,AMD Radeon 780M,assets/images/Advan Workplus Ai 2025.jpg,22000,0.0,7000000.0,16,1024
2025,Mainstream,W Series,Advan W Series Ultra,W14U,Intel Core i5 1335U,Intel Iris Xe Graphics,14 inch,16GB,512GB SSD,1.5,6539333.0,63.3,60,IPS,,Advan Official,Aluminium,Advan,Intel Iris Xe Graphics,assets/images/Advan W Series Ultra.jpg,14000,0.0,6539333.0,16,512
2025,Mainstream,Workplus,Advan Workplus Gen 13,Workpl,Intel Core i5 1340P,Intel Iris Xe Graphics,14 inch,16GB,512GB SSD,1.4,7000000.0,66.4,60,IPS,,Advan Official,Aluminium,Advan,Intel Iris Xe Graphics,assets/images/Advan Workplus Gen 13.jpg,0,0.0,7000000.0,16,512
2025,Mainstream,Workplus,Advan Workplus Pro,Workpl,Intel Core i7 13700H,Intel Iris Xe Graphics,14 inch,16GB,512GB SSD,1.4,7000000.0,82.3,60,IPS,,Advan Official,Aluminium,Advan,Intel Iris Xe Graphics,assets/images/Advan Workplus Pro.jpg,23500,0.0,7000000.0,16,512
2025,Mainstream,Workplus,Advan Workplus R5,Workpl,AMD Ryzen 5 6600H,AMD Radeon 660M,14 inch,16GB,512GB SSD,1.4,7000000.0,57.0,60,IPS,,Advan Official,Aluminium,Advan,AMD Radeon 660M,assets/images/Advan Workplus R5.jpg,15800,0.0,7000000.0,16,512
2025,Mainstream,Workplus,Advan Workplus i5,Workpl,Intel Core i5 1235U,Intel Iris Xe Graphics,14 inch,16GB,512GB SSD,1.4,7000000.0,53.8,60,IPS,,Advan Official,Aluminium,Advan,Intel Iris Xe Graphics,assets/images/Advan Workplus I5.jpg,13000,0.0,7000000.0,16,512
2025,Office,Soulmate,Advan Soulmate N100,Soulma,Intel N100,Intel UHD Graphics,14 inch,8GB,256GB SSD,1.3,2500000.0,31.6,60,IPS,,Advan Official,Plastik,Advan,Intel UHD Graphics,assets/images/Advan Soulmate N100.jpg,0,0.0,2500000.0,8,256
2025,Office,Soulmate,Advan Soulmate N200,Soulma,Intel N200,Intel UHD Graphics,14 inch,8GB,256GB SSD,1.3,2500000.0,33.5,60,IPS,,Advan Official,Plastik,Advan,Intel UHD Graphics,assets/images/Advan Soulmate N200.jpg,0,0.0,2500000.0,8,256
2025,Office,Soulmate,Advan Soulmate N200 Pro,Soulma,Intel N200,Intel UHD Graphics,14 inch,8GB,512GB SSD,1.3,2500000.0,38.0,60,IPS,,Advan Official,Plastik,Advan,Intel UHD Graphics,assets/images/Advan Soulmate N200 Pro.jpg,0,0.0,2500000.0,8,512
2025,Budget,Notebook,Advan Notebook i5 2024,NB14i5,Intel Core i5 1235U,Intel Iris Xe Graphics,14 inch,8GB,512GB SSD,1.45,5003841.0,53.8,60,IPS,,Advan Official,Plastik,Advan,Intel Iris Xe Graphics,assets/images/Advan Notebook I5 2024.jpg,13000,0.0,5003841.0,8,512
2025,2-in-1,TBook,Advan TBook X2,TBX2,Intel N100,Intel UHD Graphics,14 inch,4GB,128GB SSD,1.5,499900.0,31.6,60,IPS,,Advan Official,Plastik,Advan,Intel UHD Graphics,assets/images/Advan Tbook X2.jpg,0,0.0,499900.0,4,128
2024,Gaming,ASUS Gaming,ASUS V16 V3607,V3607VA,Intel Core i7-13620H,NVIDIA GeForce RTX 3050 4GB,16.0 inch,8GB DDR5-4800,512GB PCIe 4.0 SSD,1.9,13476333.0,95.2,60,IPS FHD+,0,ASUS Official,Plastic,Asus,NVIDIA GeForce RTX 3050 4GB,assets/images/Asus V16 V3607.jpg,18000,13000.0,13476333.0,8,512
2024,Gaming,ROG,Asus ROG GL552VW,GL552VW,Intel Core i7-6700HQ,NVIDIA GeForce GTX 960M 4GB,15.6 inch,16GB DDR4-2133,1TB HDD + 128GB SSD,2.6,799900.0,50.8,60,IPS FHD,0,Second Market,Aluminum/Plastic,Asus,NVIDIA GeForce GTX 960M 4GB,assets/images/Asus Rog Gl552vw.jpg,0,0.0,799900.0,16,1024
2024,Gaming,ROG Flow,Asus ROG Flow Z13 2023,GZ301VU,Intel Core i9-13900H,NVIDIA GeForce RTX 4050 6GB,13.4 inch,16GB LPDDR5-6400,1TB PCIe 4.0 SSD,1.2,25000000.0,209.5,165,IPS FHD+,0,ASUS Official,Aluminum,Asus,NVIDIA GeForce RTX 4050 6GB,assets/images/Asus Rog Flow Z13 2023.jpg,0,16000.0,25000000.0,16,1024
2024,Gaming,ROG Strix,Asus ROG Strix G16 2024,G614JI,Intel Core i9-14900HX,NVIDIA GeForce RTX 4070 8GB,16.0 inch,32GB DDR5-5600,1TB PCIe 4.0 SSD,2.5,28000000.0,247.6,240,IPS QHD+,0,ASUS Official,Plastic/Aluminum,Asus,NVIDIA GeForce RTX 4070 8GB,assets/images/Asus Rog Strix G16 2024.jpg,30055,22000.0,28000000.0,32,1024
2024,Gaming,ROG Strix,Asus ROG Strix G16 2024,G614JV,Intel Core i7-13650HX,NVIDIA GeForce RTX 4060 8GB,16.0 inch,16GB DDR5-5600,512GB PCIe 4.0 SSD,2.5,28000000.0,165.0,165,IPS FHD+,0,ASUS Official,Plastic/Aluminum,Asus,NVIDIA GeForce RTX 4060 8GB,assets/images/Asus Rog Strix G16 2024.jpg,0,18000.0,28000000.0,16,512
2025,Gaming,ROG Strix,Asus ROG Strix G16 2025,G614JZ,Intel Core i9-14900HX,NVIDIA GeForce RTX 5080 16GB,16.0 inch,32GB DDR5-5600,2TB PCIe 4.0 SSD,2.5,28000000.0,336.5,240,Mini LED QHD+,0,ASUS Official,Aluminum,Asus,NVIDIA GeForce RTX 5080 16GB,assets/images/Asus Rog Strix G16 2025.jpg,30055,29000.0,28000000.0,32,2048
2025,Gaming,ROG Strix,Asus ROG Strix SCAR 18 2025,G834JZ,Intel Core i9-14900HX,NVIDIA GeForce RTX 5090 16GB,18.0 inch,64GB DDR5-5600,4TB PCIe 4.0 SSD,3.1,65000000.0,571.4,240,Mini LED QHD+,0,ASUS Official,Aluminum,Asus,NVIDIA GeForce RTX 5090 16GB,assets/images/Asus Rog Strix Scar 18 2025.jpg,30055,32000.0,65000000.0,64,4096
2024,Gaming,ROG Zephyrus,Asus ROG Zephyrus Duo 16 2023,GX650PY,AMD Ryzen 9 7945HX,NVIDIA GeForce RTX 4090 16GB,16.0 inch,64GB DDR5-4800,2TB PCIe 4.0 SSD,2.6,8999900.0,571.4,165,Mini LED QHD+,0,ASUS Official,Magnesium Alloy,Asus,NVIDIA GeForce RTX 4090 16GB,assets/images/Asus Rog Zephyrus Duo 16 2023.jpg,35000,28000.0,8999900.0,64,2048
2024,Gaming,ROG Zephyrus,Asus ROG Zephyrus G14 2024,GA403UI,AMD Ryzen 9 8945HS,NVIDIA GeForce RTX 4070 8GB,14.0 inch,32GB LPDDR5X-7500,1TB PCIe 4.0 SSD,1.5,30000000.0,228.5,165,OLED QHD,0,ASUS Official,Aluminum,Asus,NVIDIA GeForce RTX 4070 8GB,assets/images/Asus Rog Zephyrus G14 2024.jpg,24000,22000.0,30000000.0,32,1024
2025,Gaming,ROG Zephyrus,Asus ROG Zephyrus G14 2025,GA403UV,AMD Ryzen AI 9 HX 370,NVIDIA GeForce RTX 5070 8GB,14.0 inch,32GB LPDDR5X-7500,1TB PCIe 4.0 SSD,1.5,30000000.0,247.6,165,OLED 3K,50,ASUS Official,Aluminum,Asus,NVIDIA GeForce RTX 5070 8GB,assets/images/Asus Rog Zephyrus G14 2025.jpg,28000,24000.0,30000000.0,32,1024
2025,Gaming,ROG Zephyrus,Asus ROG Zephyrus G16 2024,GU605MI,Intel Core Ultra 9 185H,NVIDIA GeForce RTX 4070 8GB,16.0 inch,32GB LPDDR5X-7467,1TB PCIe 4.0 SSD,1.9,3899900.0,247.6,240,OLED 2.5K,11,ASUS Official,Aluminum,Asus,NVIDIA GeForce RTX 4070 8GB,assets/images/Asus Rog Zephyrus G16 2024.jpg,22000,22000.0,3899900.0,32,1024
2025,Gaming,ROG Zephyrus,Asus ROG Zephyrus G16 2025,GU605MY,Intel Core Ultra 9 285H,NVIDIA GeForce RTX 5090 16GB,16.0 inch,64GB LPDDR5X-8533,2TB PCIe 4.0 SSD,1.9,7599900.0,482.5,240,OLED 2.5K,47,ASUS Official,Aluminum,Asus,NVIDIA GeForce RTX 5090 16GB,assets/images/Asus Rog Zephyrus G16 2025.jpg,28500,32000.0,7599900.0,64,2048
2024,Gaming,ROG Zephyrus,Asus ROG Zephyrus M16 2023,GU604VI,Intel Core i9-13900H,NVIDIA GeForce RTX 4070 8GB,16.0 inch,32GB DDR5-4800,1TB PCIe 4.0 SSD,2.0,4299900.0,273.0,240,Mini LED QHD+,0,ASUS Official,Aluminum,Asus,NVIDIA GeForce RTX 4070 8GB,assets/images/Asus Rog Zephyrus M16 2023.jpg,0,22000.0,4299900.0,32,1024
2024,Gaming,TUF,Asus TUF A15 (FA507N),FA507NU,Ryzen 9 8945HS,NVIDIA GeForce RTX 4070,15.6 inch,16GB,1TB SSD,2.2,2399900.0,152.0,165,IPS,,ASUS Official,Aluminium,Asus,NVIDIA GeForce RTX 4070,,24000,22000.0,2399900.0,16,1024
2024,Gaming,TUF Gaming,Asus TUF A15,FA506IU,AMD Ryzen 7 4800H,NVIDIA GeForce GTX 1660Ti 6GB,15.6 inch,16GB DDR4-3200,512GB SSD,2.3,6142429.0,76.2,144,IPS FHD,0,Second Market,Plastic,Asus,NVIDIA GeForce GTX 1660Ti 6GB,assets/images/Asus Tuf A15.jpg,17000,0.0,6142429.0,16,512
2024,Gaming,TUF Gaming,Asus TUF Dash F15 FX517ZC,FX517ZC,Intel Core i5-12450H,NVIDIA GeForce RTX 3050 4GB,15.6 inch,8GB DDR5-4800,512GB PCIe 4.0 SSD,2.0,14000000.0,90.8,144,IPS FHD,0,ASUS Official,Plastic,Asus,NVIDIA GeForce RTX 3050 4GB,assets/images/Asus Tuf Dash F15 Fx517zc.jpg,15500,13000.0,14000000.0,8,512
2024,Gaming,TUF Gaming,Asus TUF FX505,FX505DT,AMD Ryzen 5 3550H,NVIDIA GeForce GTX 1650 4GB,15.6 inch,8GB DDR4-2400,512GB SSD,2.2,3954982.0,57.1,120,IPS FHD,0,Second Market,Plastic,Asus,NVIDIA GeForce GTX 1650 4GB,assets/images/Asus Tuf Fx505.jpg,8800,0.0,3954982.0,8,512
2024,Gaming,TUF Gaming,Asus TUF Gaming A15 FA506NF,FA506NF-HN005W,AMD Ryzen 5 7535HS,NVIDIA GeForce RTX 2050 4GB,15.6 inch,8GB DDR5-4800,512GB PCIe 4.0 SSD,2.3,12000000.0,76.2,144,IPS FHD,0,ASUS Official,Plastic,Asus,NVIDIA GeForce RTX 2050 4GB,assets/images/Asus Tuf Gaming A15 Fa506nf.jpg,15500,0.0,12000000.0,8,512
2024,Gaming,TUF Gaming,Asus TUF Gaming A15 FA507XI,FA507XI-LP029W,AMD Ryzen 9 7940HS,NVIDIA GeForce RTX 4070 8GB,15.6 inch,16GB DDR5-4800,1TB PCIe 4.0 SSD,2.3,12000000.0,171.4,144,IPS FHD,0,ASUS Official,Plastic,Asus,NVIDIA GeForce RTX 4070 8GB,assets/images/Asus Tuf Gaming A15 Fa507xi.jpg,23000,22000.0,12000000.0,16,1024
2025,Gaming,TUF Gaming,Asus TUF Gaming A16 2025,FA608WI,AMD Ryzen AI 9 HX 370,NVIDIA GeForce RTX 5070 8GB,16.0 inch,32GB DDR5-5600,1TB PCIe 4.0 SSD,2.2,3299900.0,209.5,165,IPS QHD+,50,ASUS Official,Plastic/Aluminum,Asus,NVIDIA GeForce RTX 5070 8GB,assets/images/Asus Tuf Gaming A16 2025.jpg,28000,24000.0,3299900.0,32,1024
2024,Gaming,TUF Gaming,Asus TUF Gaming F15 FX507VI,FX507VI-LP049W,Intel Core i7-13620H,NVIDIA GeForce RTX 4070 8GB,15.6 inch,16GB DDR5-4800,1TB PCIe 4.0 SSD,2.2,2499900.0,158.7,144,IPS FHD,0,ASUS Official,Plastic,Asus,NVIDIA GeForce RTX 4070 8GB,assets/images/Asus Tuf Gaming F15 Fx507vi.jpg,18000,22000.0,2499900.0,16,1024
2024,Gaming,TUF Gaming,Asus TUF Gaming F15 FX507ZC4,FX507ZC4-HN089W,Intel Core i5-12500H,NVIDIA GeForce RTX 3050 4GB,15.6 inch,8GB DDR4-3200,512GB PCIe 3.0 SSD,2.2,11003000.0,82.5,144,IPS FHD,0,ASUS Official,Plastic,Asus,NVIDIA GeForce RTX 3050 4GB,assets/images/Asus Tuf Gaming F15 Fx507zc4.jpg,16000,13000.0,11003000.0,8,512
2025,Gaming,TUF Gaming,Asus TUF Gaming F16 2025,FX607JV,Intel Core i7-14650HX,NVIDIA GeForce RTX 5060 8GB,16.0 inch,16GB DDR5-5600,1TB PCIe 4.0 SSD,2.3,2499900.0,158.7,165,IPS FHD+,0,ASUS Official,Plastic,Asus,NVIDIA GeForce RTX 5060 8GB,assets/images/Asus Tuf Gaming F16 2025.jpg,23500,19000.0,2499900.0,16,1024
2025,AI Laptop,ProArt,Asus ProArt P16 2025,H7606WI,AMD Ryzen AI 9 HX 370,NVIDIA GeForce RTX 5070 8GB,16.0 inch,64GB DDR5-5600,2TB PCIe 4.0 SSD,1.85,5499900.0,349.2,120,OLED 4K,50,ASUS Official,Aluminum,Asus,NVIDIA GeForce RTX 5070 8GB,assets/images/Asus Proart P16 2025.jpg,28000,24000.0,5499900.0,64,2048
2025,AI Laptop,ProArt,Asus ProArt PX13 2025,HN7306WI,AMD Ryzen AI 9 HX 370,NVIDIA GeForce RTX 4060 6GB,13.3 inch,32GB LPDDR5X-7500,1TB PCIe 4.0 SSD,1.38,3899900.0,247.6,165,OLED 3K Touchscreen,50,ASUS Official,Aluminum,Asus,NVIDIA GeForce RTX 4060 6GB,assets/images/Asus Proart Px13 2025.jpg,28000,18000.0,3899900.0,32,1024
2025,AI Laptop,Vivobook,Asus Vivobook S 15 OLED 2025,S5507QA,Qualcomm Snapdragon X Elite,Qualcomm Adreno,15.6 inch,32GB LPDDR5X-8448,1TB PCIe 4.0 SSD,1.42,2199900.0,139.7,120,OLED 3K,45,ASUS Official,Aluminum,Asus,Qualcomm Adreno,assets/images/Asus Vivobook S 15 Oled 2025.jpg,0,0.0,2199900.0,32,1024
2025,AI Laptop,Vivobook,Asus Vivobook S14 OLED 2025,S5406,Intel Core Ultra 7 155H,Intel Arc Graphics,14 inch,16GB,1TB SSD,1.4,2772747.0,114.0,120,OLED,45,ASUS Official,Aluminium,Asus,Intel Arc Graphics,assets/images/Asus Vivobook S14 Oled 2025.jpg,19000,0.0,2772747.0,16,1024
2024,AI Laptop,Zenbook,Asus Zenbook 14 OLED UX3405,UX3405MA-PP541WS,Intel Core Ultra 7 155H,Intel Arc Graphics,14.0 inch,16GB LPDDR5X-7467,512GB PCIe 4.0 SSD,1.2,2772747.0,127.0,60,OLED 3K,10,ASUS Official,Aluminum,Asus,Intel Arc Graphics,assets/images/Asus Zenbook 14 Oled Ux3405.jpg,19000,0.0,2772747.0,16,512
2024,AI Laptop,Zenbook,Asus Zenbook Duo 2024 UX8406,UX8406MA,Intel Core Ultra 9 185H,Intel Arc Graphics,14.0 inch,32GB LPDDR5X-7467,1TB PCIe 4.0 SSD,1.65,3399900.0,215.8,120,OLED 3K Dual Screen,11,ASUS Official,Aluminum,Asus,Intel Arc Graphics,assets/images/Asus Zenbook Duo 2024 Ux8406.jpg,22000,0.0,3399900.0,32,1024
2025,AI Laptop,Zenbook,Asus Zenbook S 14 2025,UX5406SA,Intel Core Ultra 7 258V,Intel Arc Graphics,14.0 inch,32GB LPDDR5X-8533,1TB PCIe 4.0 SSD,1.2,2499900.0,158.7,120,OLED 3K,47,ASUS Official,Ceramic Aluminum,Asus,Intel Arc Graphics,assets/images/Asus Zenbook S 14 2025.jpg,0,0.0,2499900.0,32,1024
2025,AI Laptop,Zenbook,Asus Zenbook S 16 2025,UM5606WA,AMD Ryzen AI 9 HX 370,AMD Radeon 890M,16.0 inch,32GB LPDDR5X-7500,2TB PCIe 4.0 SSD,1.5,2899900.0,184.1,120,OLED 3K,50,ASUS Official,Ceramic Aluminum,Asus,AMD Radeon 890M,assets/images/Asus Zenbook S 16 2025.jpg,28000,0.0,2899900.0,32,2048
2024,Creator,ProArt,Asus ProArt Studiobook 16 H7604,H7604JI-MY024W,Intel Core i9-13980HX,NVIDIA GeForce RTX 4070 8GB,16.0 inch,32GB DDR5-4800,1TB PCIe 4.0 SSD,2.8,4299900.0,273.0,120,OLED 4K,0,ASUS Official,Aluminum,Asus,NVIDIA GeForce RTX 4070 8GB,assets/images/Asus Proart Studiobook 16 H7604.jpg,30273,22000.0,4299900.0,32,1024
2024,Creator,ProArt,Asus ProArt Studiobook Pro 16 W7604,W7604JI,Intel Xeon W-11955M,NVIDIA RTX A5000 16GB,16.0 inch,64GB DDR4-3200,2TB PCIe 4.0 SSD,2.4,7999900.0,507.9,60,IPS 4K,0,ASUS Official,Aluminum,Asus,NVIDIA GeForce RTX A5000 16GB,assets/images/Asus Proart Studiobook Pro 16 W7604.jpg,0,0.0,7999900.0,64,2048
2024,Creator,Vivobook Pro,Asus Vivobook Pro 15 OLED K6502,K6502ZC,Intel Core i7-12650H,NVIDIA GeForce RTX 3050 4GB,15.6 inch,16GB DDR4-3200,512GB PCIe 4.0 SSD,1.9,15000000.0,107.9,120,OLED 2.8K,0,ASUS Official,Aluminum,Asus,NVIDIA GeForce RTX 3050 4GB,assets/images/Asus Vivobook Pro 15 Oled K6502.jpg,18500,13000.0,15000000.0,16,512
2024,Creator,Vivobook Pro,Asus Vivobook Pro 15X OLED M6501,M6501XV,AMD Ryzen 9 7940HS,NVIDIA GeForce RTX 4060 8GB,15.6 inch,32GB DDR5-4800,1TB PCIe 4.0 SSD,2.0,15000000.0,158.7,120,OLED 2.8K,0,ASUS Official,Aluminum,Asus,NVIDIA GeForce RTX 4060 8GB,assets/images/Asus Vivobook Pro 15x Oled M6501.jpg,23000,18000.0,15000000.0,32,1024
2024,Creator,Vivobook Pro,Asus Vivobook Pro 16X OLED N7601,N7601ZM,Intel Core i7-12650H,NVIDIA GeForce RTX 3060 6GB,16.0 inch,16GB DDR5-4800,1TB PCIe 4.0 SSD,2.1,14174137.0,146.0,120,OLED 4K,0,ASUS Official,Aluminum,Asus,NVIDIA GeForce RTX 3060 6GB,assets/images/Asus Vivobook Pro 16x Oled N7601.jpg,18500,17000.0,14174137.0,16,1024
2024,Ultrabook,Zenbook,Asus Zenbook 14 OLED UX3402,UX3402VA,Intel Core i7-1360P,Intel Iris Xe Graphics,14.0 inch,16GB LPDDR5-5200,512GB PCIe 4.0 SSD,1.4,1779900.0,113.0,60,OLED 2.8K,0,ASUS Official,Aluminum,Asus,Intel Iris Xe Graphics,assets/images/Asus Zenbook 14 Oled Ux3402.jpg,0,0.0,1779900.0,16,512
2024,Ultrabook,Zenbook,Asus Zenbook Flip S UX371,UX371EA,Intel Core i7-1165G7,Intel Iris Xe Graphics,13.3 inch,16GB LPDDR4X-4266,1TB PCIe 3.0 SSD,1.3,2799900.0,177.8,60,OLED 4K,0,ASUS Official,Aluminum,Asus,Intel Iris Xe Graphics,assets/images/Asus Zenbook Flip S Ux371.jpg,12000,0.0,2799900.0,16,1024
2024,Ultrabook,Zenbook,Asus Zenbook Pro 14 Duo OLED UX8402,UX8402ZA,Intel Core i7-12700H,Intel Iris Xe Graphics,14.5 inch,16GB LPDDR5-5200,1TB PCIe 4.0 SSD,1.8,2999900.0,190.4,60,OLED 2.8K Dual Screen,0,ASUS Official,Aluminum,Asus,Intel Iris Xe Graphics,assets/images/Asus Zenbook Pro 14 Duo Oled Ux8402.jpg,21000,0.0,2999900.0,16,1024
2024,Ultrabook,Zenbook,Asus Zenbook S 13 OLED UX5304,UX5304VA,Intel Core i7-1355U,Intel Iris Xe Graphics,13.3 inch,16GB LPDDR5-6400,1TB PCIe 4.0 SSD,1.0,2499900.0,158.7,60,OLED FHD,0,ASUS Official,Ceramic Aluminum,Asus,Intel Iris Xe Graphics,assets/images/Asus Zenbook S 13 Oled Ux5304.jpg,15500,0.0,2499900.0,16,1024
2024,Budget,VivoBook,Asus VivoBook 14 A416,A416JAO,Intel Core i5-1035G1,Intel UHD Graphics,14.0 inch,8GB DDR4-2666,512GB SSD,1.6,8000000.0,39.7,60,IPS FHD,0,ASUS Official,Plastic,Asus,Intel UHD Graphics,assets/images/Asus Vivobook 14 A416.jpg,8000,0.0,8000000.0,8,512
2024,Budget,VivoBook,Asus VivoBook 14 A416,A416MA,Intel Celeron N4020,Intel UHD Graphics,14.0 inch,4GB DDR4-2400,256GB SSD,1.6,8000000.0,31.7,60,TN HD,0,ASUS Official,Plastic,Asus,Intel UHD Graphics,assets/images/Asus Vivobook 14 A416.jpg,4000,0.0,8000000.0,4,256
2024,Budget,Vivobook Go,Asus Vivobook Go 14 E410,E410KA,Intel Celeron N4500,Intel UHD Graphics,14.0 inch,4GB DDR4-2933,256GB SSD,1.3,6407997.0,25.4,60,TN HD,0,ASUS Official,Plastic,Asus,Intel UHD Graphics,assets/images/Asus Vivobook Go 14 E410.jpg,3800,0.0,6407997.0,4,256
2024,Business,ExpertBook,Asus ExpertBook B1 B1402,B1402CVA,Intel Core i5-1335U,Intel Iris Xe Graphics,14.0 inch,8GB DDR4-3200,512GB PCIe 4.0 SSD,1.4,6539333.0,63.5,60,IPS FHD,0,ASUS Official,Plastic,Asus,Intel Iris Xe Graphics,assets/images/Asus Expertbook B1 B1402.jpg,14000,0.0,6539333.0,8,512
2024,Business,ExpertBook,Asus ExpertBook B1 B1502,B1502CVA-BQ2433X,Intel Core i5-1335U,Intel Iris Xe Graphics,15.6 inch,8GB DDR4-3200,512GB PCIe 4.0 SSD,1.7,6539333.0,69.8,60,IPS FHD,0,ASUS Official,Plastic,Asus,Intel Iris Xe Graphics,assets/images/Asus Expertbook B1 B1502.jpg,14000,0.0,6539333.0,8,512
2024,Business,ExpertBook,Asus ExpertBook B9 B9403,B9403CVA,Intel Core i7-1355U,Intel Iris Xe Graphics,14.0 inch,16GB LPDDR5-5200,1TB PCIe 4.0 SSD,0.99,2899900.0,184.1,60,IPS FHD,0,ASUS Official,Magnesium Alloy,Asus,Intel Iris Xe Graphics,assets/images/Asus Expertbook B9 B9403.jpg,15500,0.0,2899900.0,16,1024
2025,Business,Vivobook,Asus Vivobook 14 2025,M1405YA,AMD Ryzen 7 7730U,AMD Radeon Graphics,14.0 inch,16GB DDR4-3200,512GB PCIe 4.0 SSD,1.4,8000000.0,63.5,60,IPS FHD,0,ASUS Official,Plastic,Asus,AMD Radeon Graphics,assets/images/Asus Vivobook 14 2025.jpg,14500,11500.0,8000000.0,16,512
2024,Business,Vivobook,Asus Vivobook 14 A1404,A1404VA-BQ551WS,Intel Core i5-1335U,Intel Iris Xe Graphics,14.0 inch,8GB DDR4-3200,512GB PCIe 4.0 SSD,1.4,8000000.0,45.1,60,IPS FHD,0,ASUS Official,Plastic,Asus,Intel Iris Xe Graphics,assets/images/Asus Vivobook 14 A1404.jpg,14000,0.0,8000000.0,8,512
2024,Business,Vivobook,Asus Vivobook 14X K1403,K1403VA,Intel Core i5-1335U,Intel Iris Xe Graphics,14.0 inch,8GB DDR4-3200,512GB PCIe 4.0 SSD,1.4,8000000.0,56.0,60,IPS FHD,0,ASUS Official,Plastic,Asus,Intel Iris Xe Graphics,assets/images/Asus Vivobook 14x K1403.jpg,14000,0.0,8000000.0,8,512
2024,Business,Vivobook,Asus Vivobook 15 X1505,X1505VA-BQ551WS,Intel Core i5-1335U,Intel Iris Xe Graphics,15.6 inch,8GB DDR4-3200,512GB PCIe 4.0 SSD,1.7,6539333.0,57.1,60,IPS FHD,0,ASUS Official,Plastic,Asus,Intel Iris Xe Graphics,assets/images/Asus Vivobook 15 X1505.jpg,14000,0.0,6539333.0,8,512
2024,Business,Vivobook,Asus Vivobook Go 14 E1404F,E1404FA-NK341W,AMD Ryzen 5 7520U,AMD Radeon Graphics,14.0 inch,8GB DDR5-4800,512GB PCIe 3.0 SSD,1.3,6737115.0,56.0,60,IPS FHD,0,ASUS Official,Plastic,Asus,AMD Radeon Graphics,assets/images/Asus Vivobook Go 14 E1404f.jpg,12000,11500.0,6737115.0,8,512
2024,Business,Vivobook,Asus Vivobook Go 14 E410,E410KA-BV452W,Intel Celeron N4500,Intel UHD Graphics,14.0 inch,4GB DDR4-2933,128GB eMMC,1.3,6407997.0,28.6,60,TN HD,0,ASUS Official,Plastic,Asus,Intel UHD Graphics,assets/images/Asus Vivobook Go 14 E410.jpg,3800,0.0,6407997.0,4,128
2024,Business,Vivobook,Asus Vivobook S14 Flip OLED TP3402,TP3402VA,Intel Core i5-1340P,Intel Iris Xe Graphics,14.0 inch,8GB LPDDR5-4800,512GB PCIe 4.0 SSD,1.5,1499900.0,95.2,60,OLED FHD Touchscreen,0,ASUS Official,Aluminum,Asus,Intel Iris Xe Graphics,assets/images/Asus Vivobook S14 Flip Oled Tp3402.jpg,0,0.0,1499900.0,8,512
2025,Gaming,Pongo,Axioo Pongo 725,Pongo ,Intel Core i7 12650H,NVIDIA GeForce RTX 2050,15.6 inch,16GB,512GB SSD,2.3,2872499.0,60.1,144,IPS,,Axioo Official,Aluminium,Axioo,NVIDIA GeForce RTX 2050,assets/images/Axioo Pongo 725.jpg,18500,0.0,2872499.0,16,512
2025,Gaming,Pongo,Axioo Pongo 735,Pongo ,Intel Core i7 13700HX,NVIDIA GeForce RTX 3050,15.6 inch,16GB,512GB SSD,2.4,5738441.0,82.3,144,IPS,,Axioo Official,Aluminium,Axioo,NVIDIA GeForce RTX 3050,assets/images/Axioo Pongo 735.jpg,24000,13000.0,5738441.0,16,512
2025,Gaming,Pongo,Axioo Pongo 750,Pongo ,Intel Core i9 13900HX,NVIDIA GeForce RTX 4050,15.6 inch,32GB,1TB SSD,2.5,1699900.0,107.6,165,IPS,,Axioo Official,Aluminium,Axioo,NVIDIA GeForce RTX 4050,assets/images/Axioo Pongo 750.jpg,0,16000.0,1699900.0,32,1024
2025,Gaming,Pongo,Axioo Pongo 755,Pongo ,Intel Core i9 13950HX,NVIDIA GeForce RTX 4060,15.6 inch,32GB,1TB SSD,2.5,5056365.0,120.2,165,IPS,,Axioo Official,Aluminium,Axioo,NVIDIA GeForce RTX 4060,assets/images/Axioo Pongo 755.jpg,28681,18000.0,5056365.0,32,1024
2025,Gaming,Pongo,Axioo Pongo 760,Pongo ,Intel Core Ultra 9 185H,NVIDIA GeForce RTX 4070,16.0 inch,32GB,1TB SSD,2.6,2499900.0,158.2,165,IPS,,Axioo Official,Aluminium,Axioo,NVIDIA GeForce RTX 4070,assets/images/Axioo Pongo 760.jpg,22000,22000.0,2499900.0,32,1024
2025,Gaming,Pongo,Axioo Pongo 775,Pongo ,Intel Core Ultra 9 185H,NVIDIA GeForce RTX 4070,16.0 inch,32GB,2TB SSD,2.6,2599900.0,164.6,165,IPS,,Axioo Official,Aluminium,Axioo,NVIDIA GeForce RTX 4070,assets/images/Axioo Pongo 775.jpg,22000,22000.0,2599900.0,32,2048
2025,AI Laptop,Hype,Axioo Hype X 2025,Hype X,Intel Core Ultra 7 155H,Intel Arc Graphics,14 inch,16GB,1TB SSD,1.4,2772747.0,101.3,120,IPS,,Axioo Official,Aluminium,Axioo,Intel Arc Graphics,assets/images/Axioo Hype X 2025.jpg,19000,0.0,2772747.0,16,1024
2025,AI Laptop,MyBook,Axioo MyBook Z14 AI,MyBook,Intel Core Ultra 7 155H,Intel Arc Graphics,14 inch,16GB,1TB SSD,1.4,3000000.0,88.6,120,IPS,,Axioo Official,Plastik,Axioo,Intel Arc Graphics,assets/images/Axioo Mybook Z14 Ai.jpg,19000,0.0,3000000.0,16,1024
2025,Mainstream,Hype,Axioo Hype 3,Hype 3,Intel Core i3 1005G1,Intel UHD Graphics,14 inch,8GB,256GB SSD,1.4,3500000.0,44.3,60,IPS,,Axioo Official,Aluminium,Axioo,Intel UHD Graphics,assets/images/Axioo Hype 3.jpg,5500,0.0,3500000.0,8,256
2025,Mainstream,Hype,Axioo Hype 5 Gen 12,Hype 5,Intel Core i5 1235U,Intel Iris Xe Graphics,14 inch,8GB,256GB SSD,1.5,5000000.0,50.6,60,IPS,,Axioo Official,Aluminium,Axioo,Intel Iris Xe Graphics,assets/images/Axioo Hype 5 Gen 12.jpg,13000,0.0,5000000.0,8,256
2025,Mainstream,Hype,Axioo Hype 7,Hype 7,Intel Core i7 1355U,Intel Iris Xe Graphics,14 inch,16GB,512GB SSD,1.45,4717773.0,66.4,60,IPS,,Axioo Official,Aluminium,Axioo,Intel Iris Xe Graphics,assets/images/Axioo Hype 7.jpg,15500,0.0,4717773.0,16,512
2025,Mainstream,Hype,Axioo Hype 9 Gen 13,Hype 9,Intel Core i9 13900H,Intel Iris Xe Graphics,14 inch,16GB,512GB SSD,1.4,1499900.0,94.9,60,IPS,,Axioo Official,Aluminium,Axioo,Intel Iris Xe Graphics,assets/images/Axioo Hype 9 Gen 13.jpg,0,0.0,1499900.0,16,512
2025,Mainstream,Hype,Axioo Hype R OLED,Hype R,Intel Core i5 1335U,Intel Iris Xe Graphics,14 inch,16GB,512GB SSD,1.3,6539333.0,68.0,60,OLED,,Axioo Official,Aluminium,Axioo,Intel Iris Xe Graphics,assets/images/Axioo Hype R Oled.jpg,14000,0.0,6539333.0,16,512
2025,Mainstream,MyBook,Axioo MyBook 14F,MyBook,AMD Ryzen 5 5500U,AMD Radeon Vega 7,14 inch,16GB,512GB SSD,1.45,3000000.0,53.8,60,IPS,,Axioo Official,Plastik,Axioo,AMD Radeon Vega 7,assets/images/Axioo Mybook 14f.jpg,13000,0.0,3000000.0,16,512
2025,Mainstream,MyBook,Axioo MyBook 14R,MyBook,Intel Core i3 1215U,Intel UHD Graphics,14 inch,8GB,512GB SSD,1.45,3000000.0,50.6,60,IPS,,Axioo Official,Plastik,Axioo,Intel UHD Graphics,assets/images/Axioo Mybook 14r.jpg,8500,0.0,3000000.0,8,512
2025,Mainstream,MyBook,Axioo MyBook 14X Pro,MyBook,Intel Core i5 1335U,Intel Iris Xe Graphics,14 inch,16GB,512GB SSD,1.45,3000000.0,58.9,60,IPS,,Axioo Official,Plastik,Axioo,Intel Iris Xe Graphics,assets/images/Axioo Mybook 14x Pro.jpg,14000,0.0,3000000.0,16,512
2024,Mainstream,Z Series,Axioo Z10 Gen 12,Z10 Ge,Intel Core i5 1235U,Intel Iris Xe Graphics,14 inch,8GB,256GB SSD,1.4,5003841.0,38.0,60,IPS,,Axioo Official,Aluminium,Axioo,Intel Iris Xe Graphics,assets/images/Axioo Z10 Gen 12.jpg,13000,0.0,5003841.0,8,256
2024,Mainstream,Z Series,Axioo Z10 Metal Gen 13,Z10 Me,Intel Core i5 1335U,Intel Iris Xe Graphics,14 inch,8GB,256GB SSD,1.45,6539333.0,41.1,60,IPS,,Axioo Official,Aluminium,Axioo,Intel Iris Xe Graphics,assets/images/Axioo Z10 Metal Gen 13.jpg,14000,0.0,6539333.0,8,256
2024,AI Laptop,XPS,Dell XPS 14 AI Plus 2024,XPS14-2024,Intel Core Ultra 7 155H,Intel Arc Graphics,14.5 inch,32GB,1TB SSD,1.6,2999900.0,189.5,120,OLED,45,Dell Official,Aluminium,Dell,Intel Arc Graphics,assets/images/Dell Xps 14 Ai Plus 2024.jpg,19000,0.0,2999900.0,32,1024
2024,Gaming,Omen,HP Omen 16,16-wf0054TX,Intel Core i9-13900HX,NVIDIA GeForce RTX 4080 12GB,16.1 inch,32GB DDR5-5600,1TB PCIe 4.0 SSD,2.3,4599900.0,292.1,240,IPS QHD,0,HP Official,Aluminum,HP,NVIDIA GeForce RTX 4080 12GB,assets/images/Hp Omen 16.jpg,0,25000.0,4599900.0,32,1024
2024,Gaming,Omen,HP Omen 16,16-wf0053TX,Intel Core i7-13700HX,NVIDIA GeForce RTX 4070 8GB,16.1 inch,16GB DDR5-5600,512GB PCIe 4.0 SSD,2.3,3699900.0,234.9,240,IPS QHD,0,HP Official,Aluminum,HP,NVIDIA GeForce RTX 4070 8GB,assets/images/Hp Omen 16.jpg,24000,22000.0,3699900.0,16,512
2024,Gaming,Omen,HP Omen 16,16-xf0075TX,Intel Core i9-13900HX,NVIDIA GeForce RTX 4070 8GB,16.1 inch,16GB DDR5-5600,1TB PCIe 4.0 SSD,2.33,3699900.0,234.9,165,IPS QHD,0,HP Official,Aluminum,HP,NVIDIA GeForce RTX 4070 8GB,assets/images/Hp Omen 16.jpg,0,22000.0,3699900.0,16,1024
2024,Gaming,Omen,HP Omen 16,16-xf0074TX,Intel Core i7-13700HX,NVIDIA GeForce RTX 4060 8GB,16.1 inch,16GB DDR5-5600,512GB PCIe 4.0 SSD,2.33,2899900.0,184.1,165,IPS QHD,0,HP Official,Aluminum,HP,NVIDIA GeForce RTX 4060 8GB,assets/images/Hp Omen 16.jpg,24000,18000.0,2899900.0,16,512
2024,Gaming,Omen,HP Omen 16,16-k0090TX,Intel Core i7-12700H,NVIDIA GeForce RTX 3070Ti 8GB,16.1 inch,16GB DDR5-4800,512GB PCIe 4.0 SSD,2.32,2999900.0,190.4,165,IPS QHD,0,HP Official,Aluminum,HP,NVIDIA GeForce RTX 3070Ti 8GB,assets/images/Hp Omen 16.jpg,21000,0.0,2999900.0,16,512
2024,Gaming,Omen,HP Omen 16 Gen 11,16-c0090AX,AMD Ryzen 9 5900HX,NVIDIA GeForce RTX 3070 8GB,16.1 inch,16GB DDR4-3200,512GB PCIe 3.0 SSD,2.3,2699900.0,171.4,165,IPS QHD,0,Second Market,Aluminum,HP,NVIDIA GeForce RTX 3070 8GB,assets/images/Hp Omen 16 Gen 11.jpg,20000,20000.0,2699900.0,16,512
2024,Gaming,Omen,HP Omen 17,17-ck2097TX,Intel Core i9-13900HX,NVIDIA GeForce RTX 4080 12GB,17.3 inch,32GB DDR5-5600,2TB PCIe 4.0 SSD,2.78,5299900.0,336.5,165,IPS QHD,0,HP Official,Aluminum,HP,NVIDIA GeForce RTX 4080 12GB,assets/images/Hp Omen 17.jpg,0,25000.0,5299900.0,32,2048
2025,Gaming,Omen Max,HP Omen Max 16,16-ah0787TX,Intel Core Ultra 9 275HX,NVIDIA GeForce RTX 5080 16GB,16.0 inch,32GB DDR5-5600,1TB PCIe 4.0 SSD,2.4,5400000.0,342.9,240,IPS QHD+,0,HP Official,Aluminum,HP,NVIDIA GeForce RTX 5080 16GB,assets/images/Hp Omen Max 16.jpg,0,29000.0,5400000.0,32,1024
2025,Gaming,Omen Transcend,HP Omen Transcend 14,14-fb0083TX,Intel Core Ultra 7 155H,NVIDIA GeForce RTX 4060 8GB,14.0 inch,16GB LPDDR5X-7467,1TB PCIe 4.0 SSD,1.6,2999900.0,190.4,120,OLED 2.8K,10,HP Official,Aluminum,HP,NVIDIA GeForce RTX 4060 8GB,assets/images/Hp Omen Transcend 14.jpg,19000,18000.0,2999900.0,16,1024
2024,Gaming,Pavilion Gaming,HP Pavilion Gaming 15,15-ec2097AX,AMD Ryzen 7 5800H,NVIDIA GeForce GTX 1650 4GB,15.6 inch,8GB DDR4-3200,512GB PCIe 3.0 SSD,2.19,2772747.0,76.2,144,IPS FHD,0,HP Official,Plastic,HP,NVIDIA GeForce GTX 1650 4GB,assets/images/Hp Pavilion Gaming 15.jpg,19000,0.0,2772747.0,8,512
2024,Gaming,Pavilion Gaming,HP Pavilion Gaming 15,15-dk2097TX,Intel Core i7-11370H,NVIDIA GeForce GTX 1650 4GB,15.6 inch,8GB DDR4-3200,512GB PCIe 3.0 SSD,2.23,3198243.0,88.9,144,IPS FHD,0,Second Market,Plastic,HP,NVIDIA GeForce GTX 1650 4GB,assets/images/Hp Pavilion Gaming 15.jpg,12000,0.0,3198243.0,8,512
2024,Gaming,Victus,HP Victus 15,15-fa1082TX,Intel Core i7-13620H,NVIDIA GeForce RTX 4060 8GB,15.6 inch,16GB DDR5-4800,512GB PCIe 4.0 SSD,2.29,10000000.0,139.7,144,IPS FHD,0,HP Official,Plastic,HP,NVIDIA GeForce RTX 4060 8GB,,18000,18000.0,10000000.0,16,512
2024,Gaming,Victus,HP Victus 15,15-fa1081TX,Intel Core i5-12500H,NVIDIA GeForce RTX 4050 6GB,15.6 inch,16GB DDR5-4800,512GB PCIe 4.0 SSD,2.29,10000000.0,120.6,144,IPS FHD,0,HP Official,Plastic,HP,NVIDIA GeForce RTX 4050 6GB,,16000,16000.0,10000000.0,16,512
2024,Gaming,Victus,HP Victus 15,15-fa1080TX,Intel Core i5-12450H,NVIDIA GeForce RTX 3050 4GB,15.6 inch,8GB DDR4-3200,512GB PCIe 4.0 SSD,2.29,10000000.0,85.7,144,IPS FHD,0,HP Official,Plastic,HP,NVIDIA GeForce RTX 3050 4GB,,15500,13000.0,10000000.0,8,512
2024,Gaming,Victus,HP Victus 15,15-fb2082AX,AMD Ryzen 5 7535HS,NVIDIA GeForce RTX 2050 4GB,15.6 inch,8GB DDR5-4800,512GB PCIe 4.0 SSD,2.29,10000000.0,82.5,144,IPS FHD,0,HP Official,Plastic,HP,NVIDIA GeForce RTX 2050 4GB,,15500,0.0,10000000.0,8,512
2024,Gaming,Victus,HP Victus 16,16-r1280TX,AMD Ryzen 7 8845HS,NVIDIA GeForce RTX 4070 8GB,16.1 inch,16GB DDR5-5600,512GB PCIe 4.0 SSD,2.3,15000000.0,158.7,144,IPS FHD,0,HP Official,Plastic,HP,NVIDIA GeForce RTX 4070 8GB,assets/images/Hp Victus 16.jpg,22000,22000.0,15000000.0,16,512
2024,Gaming,Victus,HP Victus 16,16-r0070TX,AMD Ryzen 7 7840HS,NVIDIA GeForce RTX 4060 8GB,16.1 inch,16GB DDR5-5600,512GB PCIe 4.0 SSD,2.3,15000000.0,139.7,144,IPS FHD,0,HP Official,Plastic,HP,NVIDIA GeForce RTX 4060 8GB,assets/images/Hp Victus 16.jpg,21000,18000.0,15000000.0,16,512
2024,Gaming,Victus,HP Victus 16,16-s0088TX,Intel Core i7-13700H,NVIDIA GeForce RTX 4060 8GB,16.1 inch,16GB DDR5-4800,512GB PCIe 4.0 SSD,2.3,15000000.0,146.0,144,IPS FHD,0,HP Official,Plastic,HP,NVIDIA GeForce RTX 4060 8GB,assets/images/Hp Victus 16.jpg,23500,18000.0,15000000.0,16,512
2024,Gaming,Victus,HP Victus 16,16-s0087TX,Intel Core i7-13620H,NVIDIA GeForce RTX 4050 6GB,16.1 inch,16GB DDR5-4800,512GB PCIe 4.0 SSD,2.3,15000000.0,127.0,144,IPS FHD,0,HP Official,Plastic,HP,NVIDIA GeForce RTX 4050 6GB,assets/images/Hp Victus 16.jpg,18000,16000.0,15000000.0,16,512
2024,Gaming,Victus,HP Victus 16 AI,16-s0077AX,Ryzen 7 8845HS,NVIDIA GeForce RTX 4060,16.1 inch,16GB,1TB SSD,2.3,15000000.0,140.5,165,IPS,,HP Official,Plastik,HP,NVIDIA GeForce RTX 4060,assets/images/Hp Victus 16 Ai.jpg,22000,18000.0,15000000.0,16,1024
2025,AI Laptop,EliteBook Ultra,HP EliteBook Ultra G1i,14-inch,Intel Core Ultra 7 268V,Intel Arc Graphics,14.0 inch,32GB LPDDR5X-8533,1TB PCIe 4.0 SSD,1.34,3599900.0,228.5,60,OLED 2.8K,47,HP Official,Aluminum,HP,Intel Arc Graphics,assets/images/Hp Elitebook Ultra G1i.jpg,11000,0.0,3599900.0,32,1024
2024,AI Laptop,Envy,HP Envy x360 14,14-fc0888TU,Intel Core Ultra 7 155U,Intel UHD Graphics,14.0 inch,16GB LPDDR5X-7467,512GB PCIe 4.0 SSD,1.39,6539333.0,120.6,60,OLED 2.8K Touchscreen,10,HP Official,Aluminum,HP,Intel Graphics,assets/images/Hp Envy X360 14.jpg,14000,0.0,6539333.0,16,512
2025,AI Laptop,Omen,HP Omen Transcend 14 2025,14-fb0013TX,Intel Core Ultra 9 185H,NVIDIA GeForce RTX 4070,14 inch,32GB,1TB SSD,1.6,3099900.0,197.5,240,OLED,45,HP Official,Magnesium,HP,NVIDIA GeForce RTX 4070,assets/images/Hp Omen Transcend 14 2025.jpg,22000,22000.0,3099900.0,32,1024
2025,AI Laptop,OmniBook,HP OmniBook Ultra Flip 14,14-fe0013TU,Intel Core Ultra 7 258V,Intel Arc Graphics,14.0 inch,32GB LPDDR5X-8533,1TB PCIe 4.0 SSD,1.34,2699900.0,171.4,120,OLED 2.8K Touchscreen,47,HP Official,Aluminum,HP,Intel Arc Graphics,assets/images/Hp Omnibook Ultra Flip 14.jpg,0,0.0,2699900.0,32,1024
2025,AI Laptop,OmniBook,HP OmniBook X 14,14-fe0012TU,Qualcomm Snapdragon X Elite,Qualcomm Adreno,14.0 inch,16GB LPDDR5X-8448,512GB PCIe 4.0 SSD,1.34,2199900.0,139.7,120,IPS 2.2K,45,HP Official,Aluminum,HP,Qualcomm Adreno,assets/images/Hp Omnibook X 14.jpg,0,0.0,2199900.0,16,512
2025,AI Laptop,Spectre,HP Spectre x360 14,14-eu0071TU,Intel Core Ultra 7 155H,Intel Arc Graphics,14.0 inch,16GB LPDDR5X-7467,1TB PCIe 4.0 SSD,1.39,2700000.0,171.4,120,OLED 2.8K Touchscreen,10,HP Official,Aluminum,HP,Intel Arc Graphics,assets/images/Hp Spectre X360 14.jpg,19000,0.0,2700000.0,16,1024
2024,Creator,ZBook,HP ZBook Firefly 14 G10,8C3M3PA,Intel Core i7-1355U,NVIDIA RTX A500 4GB,14.0 inch,16GB DDR5-5200,512GB PCIe 4.0 SSD,1.4,2899900.0,184.1,60,IPS FHD,0,HP Official,Aluminum,HP,NVIDIA GeForce RTX A500 4GB,assets/images/Hp Zbook Firefly 14 G10.jpg,15500,0.0,2899900.0,16,512
2024,Creator,ZBook,HP ZBook Power 15 G10,8C3M5PA,Intel Core i7-13700H,NVIDIA RTX A1000 6GB,15.6 inch,16GB DDR5-4800,512GB PCIe 4.0 SSD,2.0,3299900.0,209.5,60,IPS FHD,0,HP Official,Aluminum,HP,NVIDIA GeForce RTX A1000 6GB,assets/images/Hp Zbook Power 15 G10.jpg,23500,0.0,3299900.0,16,512
2024,Creator,ZBook,HP ZBook Studio 16 G10,8C3M7PA,Intel Core i9-13900H,NVIDIA GeForce RTX 3000 Ada 12GB,16.0 inch,32GB DDR5-4800,1TB PCIe 4.0 SSD,1.73,4899900.0,311.1,60,IPS WUXGA,0,HP Official,Aluminum,HP,NVIDIA GeForce RTX 3000 Ada 12GB,assets/images/Hp Zbook Studio 16 G10.jpg,0,0.0,4899900.0,32,1024
2024,Ultrabook,Envy,HP Envy 13,13-ba1085cl,Intel Core i7-1165G7,Intel Iris Xe Graphics,13.3 inch,8GB DDR4-3200,512GB PCIe 3.0 SSD,1.3,3198243.0,95.2,60,IPS FHD,0,HP Official,Aluminum,HP,Intel Iris Xe Graphics,assets/images/Hp Envy 13.jpg,12000,0.0,3198243.0,8,512
2024,Ultrabook,Envy,HP Envy 17,17-cw0075cl,Intel Core i7-1355U,Intel Iris Xe Graphics,17.3 inch,16GB DDR4-3200,512GB PCIe 4.0 SSD,2.49,4717773.0,127.0,60,IPS FHD Touchscreen,0,HP Official,Aluminum,HP,Intel Iris Xe Graphics,assets/images/Hp Envy 17.jpg,15500,0.0,4717773.0,16,512
2024,Ultrabook,Envy,HP Envy x360 14,14-es0063dx,Intel Core i7-1355U,Intel Iris Xe Graphics,14.0 inch,16GB DDR4-3200,512GB PCIe 4.0 SSD,1.39,4717773.0,107.9,60,IPS FHD Touchscreen,0,HP Official,Aluminum,HP,Intel Iris Xe Graphics,assets/images/Hp Envy X360 14.jpg,15500,0.0,4717773.0,16,512
2024,Ultrabook,Envy,HP Envy x360 15,15-fh0065cl,AMD Ryzen 7 7730U,AMD Radeon Graphics,15.6 inch,16GB DDR4-3200,512GB PCIe 4.0 SSD,1.74,8270208.0,114.3,60,IPS FHD Touchscreen,0,HP Official,Aluminum,HP,AMD Radeon Graphics,assets/images/Hp Envy X360 15.jpg,14500,11500.0,8270208.0,16,512
2024,Ultrabook,Spectre,HP Spectre x360 13.5,13-be2047TU,Intel Core i7-1355U,Intel Iris Xe Graphics,13.5 inch,16GB LPDDR5-5200,512GB PCIe 4.0 SSD,1.34,4717773.0,146.0,60,OLED 3K Touchscreen,0,HP Official,Aluminum,HP,Intel Iris Xe Graphics,,15500,0.0,4717773.0,16,512
2024,Ultrabook,Spectre,HP Spectre x360 14,14-ef2074TU,Intel Core i7-1355U,Intel Iris Xe Graphics,14.0 inch,16GB LPDDR5-5200,1TB PCIe 4.0 SSD,1.39,2499900.0,158.7,60,OLED FHD Touchscreen,0,HP Official,Aluminum,HP,Intel Iris Xe Graphics,assets/images/Hp Spectre X360 14.jpg,15500,0.0,2499900.0,16,1024
2024,Ultrabook,Spectre,HP Spectre x360 16,16-f2033dx,Intel Core i7-13700H,Intel Iris Xe Graphics,16.0 inch,32GB LPDDR5-5200,2TB PCIe 4.0 SSD,2.0,3299900.0,209.5,120,OLED 3K Touchscreen,0,HP Official,Aluminum,HP,Intel Iris Xe Graphics,assets/images/Hp Spectre X360 16.jpg,23500,0.0,3299900.0,32,2048
2024,Budget,HP 14s,HP 14s-dq5085TU,Intel Core i3-1215U,Intel UHD Graphics,,8GB DDR4-3200 inch,256GB SSD,1.46,6999000.0,5000000.0,6.0,IPS FHD,0,HP Official,Plastic,,HP,,assets/images/Hp 14s-dq5085tu.jpg,0,0.0,5000000.0,256,512
2024,Budget,HP 14s,HP 14s-fq1083AU,AMD Athlon 3050U,AMD Radeon Graphics,,8GB DDR4-2400 inch,512GB SSD,1.46,6499000.0,5000000.0,6.0,IPS FHD,0,HP Official,Plastic,,HP,,assets/images/Hp 14s-fq1083au.jpg,21000,0.0,5000000.0,512,512
2024,Budget,HP 15s,HP 15s-fq5006TU,Intel Pentium N200,Intel UHD Graphics,,4GB DDR4-3200 inch,256GB SSD,1.69,4999000.0,31.7,6.0,TN HD,0,HP Official,Plastic,,HP,,assets/images/Hp 15s-fq5006tu.jpg,0,0.0,31.7,256,512
2024,Budget,HP 15s,HP 15s-fq5007TU,Intel Core i3-1215U,Intel UHD Graphics,,8GB DDR4-3200 inch,256GB SSD,1.69,6499000.0,41.3,6.0,TN HD,0,HP Official,Plastic,,HP,,assets/images/Hp 15s-fq5007tu.jpg,0,0.0,41.3,256,512
2024,Budget,HP Laptop 14,HP Laptop 14-em0332AU,AMD Ryzen 3 7320U,AMD Radeon Graphics,,8GB DDR5-4800 inch,512GB SSD,1.39,6499000.0,3516481.0,6.0,IPS FHD,0,HP Official,Plastic,,HP,,assets/images/Hp Laptop 14-em0332au.jpg,21000,0.0,3516481.0,512,512
2024,Budget,HP Laptop 14,HP Laptop 14-em0333AU,AMD Ryzen 3 7320U,AMD Radeon Graphics,,8GB DDR5-4800 inch,512GB SSD,1.39,6999000.0,3516481.0,6.0,IPS FHD,0,HP Official,Plastic,,HP,,assets/images/Hp Laptop 14-em0333au.jpg,21000,0.0,3516481.0,512,512
2024,Business,240 G9,HP 240 G9,6K0A1PA,Intel Core i5-1235U,Intel Iris Xe Graphics,14.0 inch,8GB DDR4-3200,512GB PCIe 4.0 SSD,1.47,5003841.0,69.8,60,IPS FHD,0,HP Official,Plastic,HP,Intel Iris Xe Graphics,assets/images/Hp 240 G9.jpg,13000,0.0,5003841.0,8,512
2024,Business,245 G10,HP 245 G10,8B5F4PA,AMD Ryzen 5 7530U,AMD Radeon Graphics,14.0 inch,8GB DDR4-3200,512GB PCIe 4.0 SSD,1.36,7573142.0,69.8,60,IPS FHD,0,HP Official,Plastic,HP,AMD Radeon Graphics,assets/images/Hp 245 G10.jpg,13000,11500.0,7573142.0,8,512
2024,Business,245 G9,HP 245 G9,6K0A2PA,AMD Ryzen 5 5625U,AMD Radeon Graphics,14.0 inch,8GB DDR4-3200,512GB PCIe 3.0 SSD,1.47,7573142.0,63.5,60,TN HD,0,HP Official,Plastic,HP,AMD Radeon Graphics,assets/images/Hp 245 G9.jpg,13000,11500.0,7573142.0,8,512
2024,Business,Elite Dragonfly,HP Elite Dragonfly G3,6B6A1PA,Intel Core i7-1265U,Intel Iris Xe Graphics,13.5 inch,16GB LPDDR5-5200,512GB PCIe 4.0 SSD,0.99,2899900.0,184.1,60,IPS WUXGA Touchscreen,0,HP Official,Magnesium Alloy,HP,Intel Iris Xe Graphics,assets/images/Hp Elite Dragonfly G3.jpg,0,0.0,2899900.0,16,512
2024,Business,Elite Dragonfly,HP Elite Dragonfly G3,6B6A0PA,Intel Core i5-1245U,Intel Iris Xe Graphics,13.5 inch,16GB LPDDR5-5200,256GB PCIe 4.0 SSD,0.99,2499900.0,158.7,60,IPS WUXGA Touchscreen,0,HP Official,Magnesium Alloy,HP,Intel Iris Xe Graphics,assets/images/Hp Elite Dragonfly G3.jpg,0,0.0,2499900.0,16,256
2024,Business,EliteBook,HP EliteBook 1040 G10,8H3L2PA,Intel Core i7-1355U,Intel Iris Xe Graphics,14.0 inch,16GB LPDDR5-5200,512GB PCIe 4.0 SSD,1.18,2899900.0,184.1,60,IPS WUXGA,0,HP Official,Aluminum/Magnesium,HP,Intel Iris Xe Graphics,assets/images/Hp Elitebook 1040 G10.jpg,15500,0.0,2899900.0,16,512
2024,Business,EliteBook,HP EliteBook 840 G10,7K2M2PA,Intel Core i7-1355U,Intel Iris Xe Graphics,14.0 inch,16GB DDR5-5200,512GB PCIe 4.0 SSD,1.36,2499900.0,158.7,60,IPS FHD,0,HP Official,Aluminum/Magnesium,HP,Intel Iris Xe Graphics,assets/images/Hp Elitebook 840 G10.jpg,15500,0.0,2499900.0,16,512
2024,Business,EliteBook,HP EliteBook 840 G9,6B5A3PA,Intel Core i7-1265U,Intel Iris Xe Graphics,14.0 inch,16GB DDR5-4800,512GB PCIe 4.0 SSD,1.36,2299900.0,146.0,60,IPS FHD,0,HP Official,Aluminum/Magnesium,HP,Intel Iris Xe Graphics,assets/images/Hp Elitebook 840 G9.jpg,0,0.0,2299900.0,16,512
2024,Business,EliteBook,HP EliteBook 840 G9,6B5A2PA,Intel Core i5-1245U,Intel Iris Xe Graphics,14.0 inch,8GB DDR4-3200,256GB PCIe 4.0 SSD,1.36,1799900.0,114.3,60,IPS FHD,0,HP Official,Aluminum/Magnesium,HP,Intel Iris Xe Graphics,assets/images/Hp Elitebook 840 G9.jpg,0,0.0,1799900.0,8,256
2024,Business,EliteBook,HP EliteBook 850 G9,6B5A5PA,Intel Core i7-1265U,Intel Iris Xe Graphics,15.6 inch,16GB DDR5-4800,512GB PCIe 4.0 SSD,1.78,2499900.0,158.7,60,IPS FHD,0,HP Official,Aluminum/Magnesium,HP,Intel Iris Xe Graphics,assets/images/Hp Elitebook 850 G9.jpg,0,0.0,2499900.0,16,512
2024,Business,HP 14,HP 14-ep0260TU,Intel Core i3-1315U,Intel UHD Graphics,,8GB DDR4-3200 inch,512GB PCIe 4.0 SSD,1.4,7499000.0,47.6,6.0,IPS FHD,0,HP Official,Plastic,,HP,,assets/images/Hp 14-ep0260tu.jpg,0,0.0,47.6,512,512
2024,Business,HP 14,HP 14-ep0261TU,Intel Core i3-1315U,Intel UHD Graphics,,8GB DDR4-3200 inch,512GB PCIe 4.0 SSD,1.4,7999000.0,50.8,6.0,IPS FHD,0,HP Official,Plastic,,HP,,assets/images/Hp 14-ep0261tu.jpg,0,0.0,50.8,512,512
2024,Business,Pavilion,HP Pavilion 14,14-dv2076TX,Intel Core i7-1355U,Intel Iris Xe Graphics,14.0 inch,16GB DDR4-3200,512GB PCIe 4.0 SSD,1.41,4717773.0,88.9,60,IPS FHD,0,HP Official,Aluminum,HP,Intel Iris Xe Graphics,assets/images/Hp Pavilion 14.jpg,15500,0.0,4717773.0,16,512
2024,Business,Pavilion,HP Pavilion 14,14-dv2075TX,Intel Core i5-1335U,Intel Iris Xe Graphics,14.0 inch,8GB DDR4-3200,512GB PCIe 4.0 SSD,1.41,6539333.0,69.8,60,IPS FHD,0,HP Official,Aluminum,HP,Intel Iris Xe Graphics,assets/images/Hp Pavilion 14.jpg,14000,0.0,6539333.0,8,512
2024,Business,Pavilion,HP Pavilion 15,15-eg3083TU,Intel Core i7-1355U,Intel Iris Xe Graphics,15.6 inch,16GB DDR4-3200,512GB PCIe 4.0 SSD,1.75,4717773.0,95.2,60,IPS FHD,0,HP Official,Plastic/Aluminum,HP,Intel Iris Xe Graphics,assets/images/Hp Pavilion 15.jpg,15500,0.0,4717773.0,16,512
2024,Business,Pavilion,HP Pavilion 15,15-eg3082TU,Intel Core i5-1335U,Intel Iris Xe Graphics,15.6 inch,8GB DDR4-3200,512GB PCIe 4.0 SSD,1.75,6539333.0,76.2,60,IPS FHD,0,HP Official,Plastic/Aluminum,HP,Intel Iris Xe Graphics,assets/images/Hp Pavilion 15.jpg,14000,0.0,6539333.0,8,512
2024,Business,Pavilion,HP Pavilion Aero 13,13-be2097AU,AMD Ryzen 7 7735U,AMD Radeon Graphics,13.3 inch,16GB LPDDR5-6400,512GB PCIe 4.0 SSD,0.97,1699900.0,107.9,60,IPS WUXGA,0,HP Official,Magnesium Alloy,HP,AMD Radeon Graphics,assets/images/Hp Pavilion Aero 13.jpg,0,11500.0,1699900.0,16,512
2024,Business,Pavilion,HP Pavilion x360 14,14-ek1083TU,Intel Core i7-1355U,Intel Iris Xe Graphics,14.0 inch,16GB DDR4-3200,512GB PCIe 4.0 SSD,1.51,4717773.0,101.6,60,IPS FHD Touchscreen,0,HP Official,Aluminum,HP,Intel Iris Xe Graphics,assets/images/Hp Pavilion X360 14.jpg,15500,0.0,4717773.0,16,512
2024,Business,Pavilion,HP Pavilion x360 14,14-ek1082TU,Intel Core i5-1335U,Intel Iris Xe Graphics,14.0 inch,8GB DDR4-3200,512GB PCIe 4.0 SSD,1.51,6539333.0,82.5,60,IPS FHD Touchscreen,0,HP Official,Aluminum,HP,Intel Iris Xe Graphics,assets/images/Hp Pavilion X360 14.jpg,14000,0.0,6539333.0,8,512
2025,Business,Pavilion Plus,HP Pavilion Plus 14,14-ey0016AU,AMD Ryzen 7 8840HS,AMD Radeon 780M,14.0 inch,16GB LPDDR5X-6400,512GB PCIe 4.0 SSD,1.44,1799900.0,114.3,90,OLED 2.8K,0,HP Official,Aluminum,HP,AMD Radeon 780M,assets/images/Hp Pavilion Plus 14.jpg,0,0.0,1799900.0,16,512
2024,Business,Pavilion Plus,HP Pavilion Plus 14,14-ew1083TX,Intel Core i7-1355U,NVIDIA GeForce MX550 2GB,14.0 inch,16GB DDR4-3200,512GB PCIe 4.0 SSD,1.44,4717773.0,107.9,90,OLED 2.8K,0,HP Official,Aluminum,HP,NVIDIA GeForce MX550 2GB,assets/images/Hp Pavilion Plus 14.jpg,15500,0.0,4717773.0,16,512
2024,Business,ProBook,HP ProBook 440 G10,8A4C5PA,Intel Core i5-1335U,Intel Iris Xe Graphics,14.0 inch,8GB DDR4-3200,512GB PCIe 4.0 SSD,1.38,6539333.0,82.5,60,IPS FHD,0,HP Official,Plastic/Aluminum,HP,Intel Iris Xe Graphics,assets/images/Hp Probook 440 G10.jpg,14000,0.0,6539333.0,8,512
2024,Business,ProBook,HP ProBook 450 G10,8A4C8PA,Intel Core i7-1355U,Intel Iris Xe Graphics,15.6 inch,16GB DDR4-3200,512GB PCIe 4.0 SSD,1.79,4717773.0,107.9,60,IPS FHD,0,HP Official,Plastic/Aluminum,HP,Intel Iris Xe Graphics,assets/images/Hp Probook 450 G10.jpg,15500,0.0,4717773.0,16,512
2024,Business,ProBook,HP ProBook 450 G10,8A4C7PA,Intel Core i5-1335U,Intel Iris Xe Graphics,15.6 inch,8GB DDR4-3200,512GB PCIe 4.0 SSD,1.79,6539333.0,88.9,60,IPS FHD,0,HP Official,Plastic/Aluminum,HP,Intel Iris Xe Graphics,assets/images/Hp Probook 450 G10.jpg,14000,0.0,6539333.0,8,512
2024,AI Laptop,MateBook,Huawei MateBook X Pro 2024,XPro-2024,Intel Core Ultra 9 185H,Intel Arc Graphics,14.2 inch,16GB,1TB SSD,1.26,2599900.0,165.0,90,IPS,45,Huawei Official,Aluminium,Huawei,Intel Arc Graphics,assets/images/Huawei Matebook X Pro 2024.jpg,22000,0.0,2599900.0,16,1024
2024,Gaming,IdeaPad Gaming,Lenovo IdeaPad Gaming 3 15,15ACH6,AMD Ryzen 5 5600H,NVIDIA GeForce GTX 1650 4GB,15.6 inch,8GB DDR4-3200,512GB PCIe 3.0 SSD,2.2,10000000.0,63.5,120,IPS FHD,0,Lenovo Official,Plastic,Lenovo,NVIDIA GeForce GTX 1650 4GB,assets/images/Lenovo Ideapad Gaming 3 15.jpg,15000,0.0,10000000.0,8,512
2024,Gaming,IdeaPad Gaming,Lenovo IdeaPad Gaming 3i 15,15IAH7,Intel Core i5-12450H,NVIDIA GeForce RTX 3050 4GB,15.6 inch,8GB DDR4-3200,512GB PCIe 3.0 SSD,2.2,10000000.0,76.2,120,IPS FHD,0,Lenovo Official,Plastic,Lenovo,NVIDIA GeForce RTX 3050 4GB,assets/images/Lenovo Ideapad Gaming 3i 15.jpg,15500,13000.0,10000000.0,8,512
2024,Gaming,LOQ,Lenovo LOQ 15 AI 2024,82XQ,Intel Core i7-13650HX,NVIDIA GeForce RTX 4060,15.6 inch,16GB,1TB SSD,2.4,12000000.0,127.0,165,IPS,,Lenovo Official,Plastik,Lenovo,NVIDIA GeForce RTX 4060,assets/images/Lenovo Loq 15 Ai 2024.jpg,0,18000.0,12000000.0,16,1024
2024,Gaming,LOQ,Lenovo LOQ 15APH8,15APH8,AMD Ryzen 7 7840HS,NVIDIA GeForce RTX 4060 8GB,15.6 inch,16GB DDR5-5600,512GB PCIe 4.0 SSD,2.4,12000000.0,130.1,144,IPS FHD,0,Lenovo Official,Plastic,Lenovo,NVIDIA GeForce RTX 4060 8GB,assets/images/Lenovo Loq 15aph8.jpg,21000,18000.0,12000000.0,16,512
2024,Gaming,LOQ,Lenovo LOQ 15APH8,15APH8,AMD Ryzen 5 7640HS,NVIDIA GeForce RTX 4050 6GB,15.6 inch,16GB DDR5-5600,512GB PCIe 4.0 SSD,2.4,12000000.0,117.4,144,IPS FHD,0,Lenovo Official,Plastic,Lenovo,NVIDIA GeForce RTX 4050 6GB,assets/images/Lenovo Loq 15aph8.jpg,16000,16000.0,12000000.0,16,512
2024,Gaming,LOQ,Lenovo LOQ 15IAX9I,15IAX9I,Intel Core i5-12450HX,NVIDIA GeForce RTX 3050 6GB,15.6 inch,12GB DDR5-4800,512GB PCIe 4.0 SSD,2.3,12000000.0,92.1,144,IPS FHD,0,Lenovo Official,Plastic,Lenovo,NVIDIA GeForce RTX 3050 6GB,assets/images/Lenovo Loq 15iax9i.jpg,12800,13000.0,12000000.0,12,512
2024,Gaming,LOQ,Lenovo LOQ 15IRH8,15IRH8-9GID,Intel Core i5-13420H,NVIDIA GeForce RTX 4050 6GB,15.6 inch,16GB DDR5-4800,512GB PCIe 4.0 SSD,2.3,12000000.0,101.6,144,IPS FHD,0,Lenovo Official,Plastic,Lenovo,NVIDIA GeForce RTX 4050 6GB,assets/images/Lenovo Loq 15irh8.jpg,16500,16000.0,12000000.0,16,512
2024,Gaming,LOQ,Lenovo LOQ 15IRX9,15IRX9-7JID,Intel Core i7-14650HX,NVIDIA GeForce RTX 4060 8GB,15.6 inch,16GB DDR5-5600,512GB PCIe 4.0 SSD,2.3,12000000.0,127.0,144,IPS FHD,0,Lenovo Official,Plastic,Lenovo,NVIDIA GeForce RTX 4060 8GB,assets/images/Lenovo Loq 15irx9.jpg,23500,18000.0,12000000.0,16,512
2024,Gaming,LOQ,Lenovo LOQ 15IRX9,15IRX9-5JID,Intel Core i7-13620H,NVIDIA GeForce RTX 4050 6GB,15.6 inch,12GB DDR5-4800,512GB PCIe 4.0 SSD,2.3,12000000.0,117.4,144,IPS FHD,0,Lenovo Official,Plastic,Lenovo,NVIDIA GeForce RTX 4050 6GB,assets/images/Lenovo Loq 15irx9.jpg,18000,16000.0,12000000.0,12,512
2024,Gaming,Legion,Lenovo Legion 5 Pro Gen 6,16ACH6H,AMD Ryzen 7 5800H,NVIDIA GeForce RTX 3070 8GB,16.0 inch,16GB DDR4-3200,512GB PCIe 3.0 SSD,2.45,2599900.0,165.1,165,IPS WQHD,0,Second Market,Aluminum,Lenovo,NVIDIA GeForce RTX 3070 8GB,assets/images/Lenovo Legion 5 Pro Gen 6.jpg,19000,20000.0,2599900.0,16,512
2024,Gaming,Legion,Lenovo Legion 5i,15IAH7H,Intel Core i7-12700H,NVIDIA GeForce RTX 3060 6GB,15.6 inch,16GB DDR5-4800,512GB PCIe 4.0 SSD,2.4,20000000.0,133.3,165,IPS FHD,0,Lenovo Official,Plastic,Lenovo,NVIDIA GeForce RTX 3060 6GB,assets/images/Lenovo Legion 5i.jpg,21000,17000.0,20000000.0,16,512
2024,Gaming,Legion,Lenovo Legion 5i Gen 9,16IRX9,Intel Core i9-14900HX,NVIDIA GeForce RTX 4070 8GB,16.0 inch,32GB DDR5-5600,1TB PCIe 4.0 SSD,2.5,20000000.0,209.5,240,IPS WQXGA,0,Lenovo Official,Plastic/Aluminum,Lenovo,NVIDIA GeForce RTX 4070 8GB,assets/images/Lenovo Legion 5i Gen 9.jpg,30055,22000.0,20000000.0,32,1024
2024,Gaming,Legion,Lenovo Legion 5i Gen 9,16IRX9,Intel Core i7-14650HX,NVIDIA GeForce RTX 4060 8GB,16.0 inch,16GB DDR5-5600,512GB PCIe 4.0 SSD,2.5,20000000.0,158.7,165,IPS WQXGA,0,Lenovo Official,Plastic/Aluminum,Lenovo,NVIDIA GeForce RTX 4060 8GB,assets/images/Lenovo Legion 5i Gen 9.jpg,23500,18000.0,20000000.0,16,512
2024,Gaming,Legion,Lenovo Legion 7 Gen 6,16ACH6H,AMD Ryzen 9 5900HX,NVIDIA GeForce RTX 3080 16GB,16.0 inch,32GB DDR4-3200,1TB PCIe 4.0 SSD,2.5,3199900.0,203.2,165,IPS WQHD,0,Second Market,Aluminum,Lenovo,NVIDIA GeForce RTX 3080 16GB,assets/images/Lenovo Legion 7 Gen 6.jpg,20000,23000.0,3199900.0,32,1024
2025,Gaming,Legion,Lenovo Legion 7i Gen 9,16IRX9,Intel Core i9-14900HX,NVIDIA GeForce RTX 4090 16GB,16.0 inch,64GB DDR5-5600,2TB PCIe 4.0 SSD,2.6,35000000.0,444.4,240,Mini LED WQXGA,0,Lenovo Official,Aluminum,Lenovo,NVIDIA GeForce RTX 4090 16GB,assets/images/Lenovo Legion 7i Gen 9.jpg,30055,28000.0,35000000.0,64,2048
2024,Gaming,Legion Pro,Lenovo Legion Pro 5i,16IAX7H,Intel Core i7-12700H,NVIDIA GeForce RTX 3070Ti 8GB,16.0 inch,32GB DDR5-4800,1TB PCIe 4.0 SSD,2.6,2999900.0,190.4,165,IPS WQXGA,0,Lenovo Official,Aluminum,Lenovo,NVIDIA GeForce RTX 3070Ti 8GB,assets/images/Lenovo Legion Pro 5i.jpg,21000,0.0,2999900.0,32,1024
2024,Gaming,Legion Pro,Lenovo Legion Pro 5i Gen 9,16IRX9,Intel Core i9-14900HX,NVIDIA GeForce RTX 4070 8GB,16.0 inch,32GB DDR5-5600,1TB PCIe 4.0 SSD,2.5,3599900.0,228.5,240,Mini LED WQXGA,0,Lenovo Official,Aluminum,Lenovo,NVIDIA GeForce RTX 4070 8GB,assets/images/Lenovo Legion Pro 5i Gen 9.jpg,30055,22000.0,3599900.0,32,1024
2025,Gaming,Legion Pro,Lenovo Legion Pro 7i Gen 9,16IRX9H,Intel Core i9-14900HX,NVIDIA GeForce RTX 4090 16GB,16.0 inch,32GB DDR5-5600,2TB PCIe 4.0 SSD,2.5,5699900.0,361.9,240,Mini LED WQXGA,0,Lenovo Official,Aluminum,Lenovo,NVIDIA GeForce RTX 4090 16GB,assets/images/Lenovo Legion Pro 7i Gen 9.jpg,30055,28000.0,5699900.0,32,2048
2024,Gaming,Legion Slim,Lenovo Legion Slim 5 Gen 9,16APH8,AMD Ryzen 7 7840HS,NVIDIA GeForce RTX 4060 8GB,16.0 inch,16GB DDR5-5600,512GB PCIe 4.0 SSD,2.3,13700163.0,146.0,165,IPS WQXGA,0,Lenovo Official,Aluminum,Lenovo,NVIDIA GeForce RTX 4060 8GB,assets/images/Lenovo Legion Slim 5 Gen 9.jpg,21000,18000.0,13700163.0,16,512
2024,Gaming,Legion Slim,Lenovo Legion Slim 5i Gen 8,16IRH8,Intel Core i7-13700H,NVIDIA GeForce RTX 4050 6GB,16.0 inch,16GB DDR5-5200,512GB PCIe 4.0 SSD,2.4,6708929.0,127.0,165,IPS WQXGA,0,Lenovo Official,Aluminum,Lenovo,NVIDIA GeForce RTX 4050 6GB,assets/images/Lenovo Legion Slim 5i Gen 8.jpg,23500,16000.0,6708929.0,16,512
2025,AI Laptop,IdeaPad,Lenovo IdeaPad Slim 5 14,14Q8X9,Qualcomm Snapdragon X Plus,Qualcomm Adreno,14.0 inch,16GB LPDDR5X-8448,512GB PCIe 4.0 SSD,1.3,1799900.0,114.3,60,OLED 2.8K,45,Lenovo Official,Aluminum,Lenovo,Qualcomm Adreno,assets/images/Lenovo Ideapad Slim 5 14.jpg,0,0.0,1799900.0,16,512
2024,AI Laptop,IdeaPad,Lenovo IdeaPad Slim 5 Gen 9,14IMH9,Intel Core Ultra 7 155H,Intel Arc Graphics,14.0 inch,16GB LPDDR5X-7467,512GB PCIe 4.0 SSD,1.46,2772747.0,107.9,60,OLED 2.8K,10,Lenovo Official,Aluminum,Lenovo,Intel Arc Graphics,assets/images/Lenovo Ideapad Slim 5 Gen 9.jpg,19000,0.0,2772747.0,16,512
2025,AI Laptop,ThinkPad,Lenovo ThinkPad X1 Carbon Gen 12,Gen 12,Intel Core Ultra 7 165U,Intel UHD Graphics,14.0 inch,32GB LPDDR5X-7467,1TB PCIe 4.0 SSD,1.12,3299900.0,209.5,60,IPS WUXGA,10,Lenovo Official,Carbon Fiber,Lenovo,Intel Graphics,assets/images/Lenovo Thinkpad X1 Carbon Gen 12.jpg,0,0.0,3299900.0,32,1024
2024,AI Laptop,Yoga,Lenovo Yoga 9i 2-in-1 Aura Edition,Gen 9,Intel Core Ultra 7 258V,Intel Arc Graphics,14.0 inch,32GB LPDDR5X-8533,1TB PCIe 4.0 SSD,1.4,3299900.0,209.5,120,OLED 2.8K Touchscreen,47,Lenovo Official,Aluminum,Lenovo,Intel Arc Graphics,,0,0.0,3299900.0,32,1024
2025,AI Laptop,Yoga,Lenovo Yoga Pro 7i 2025,82YA,Intel Core Ultra 7 155H,Intel Arc Graphics,14.5 inch,16GB,1TB SSD,1.5,2772747.0,136.5,120,IPS,45,Lenovo Official,Aluminium,Lenovo,Intel Arc Graphics,assets/images/Lenovo Yoga Pro 7i 2025.jpg,19000,0.0,2772747.0,16,1024
2025,AI Laptop,Yoga,Lenovo Yoga Pro 9i Gen 9,16IMH9,Intel Core Ultra 9 185H,NVIDIA GeForce RTX 4070 8GB,16.0 inch,32GB LPDDR5X-7467,1TB PCIe 4.0 SSD,2.0,3599900.0,228.5,165,Mini LED 3.2K,11,Lenovo Official,Aluminum,Lenovo,NVIDIA GeForce RTX 4070 8GB,assets/images/Lenovo Yoga Pro 9i Gen 9.jpg,22000,22000.0,3599900.0,32,1024
2025,AI Laptop,Yoga,Lenovo Yoga Slim 7i Aura Edition,Gen 9,Intel Core Ultra 7 258V,Intel Arc Graphics,15.3 inch,16GB LPDDR5X-8533,512GB PCIe 4.0 SSD,1.5,2500000.0,158.7,120,OLED 2.8K,47,Lenovo Official,Aluminum,Lenovo,Intel Arc Graphics,assets/images/Lenovo Yoga Slim 7i Aura Edition.jpg,0,0.0,2500000.0,16,512
2024,AI Laptop,Yoga,Lenovo Yoga Slim 7i Gen 9,14IMH9,Intel Core Ultra 7 155H,Intel Arc Graphics,14.5 inch,16GB LPDDR5X-7467,1TB PCIe 4.0 SSD,1.5,2772747.0,120.6,90,OLED WUXGA,10,Lenovo Official,Aluminum,Lenovo,Intel Arc Graphics,assets/images/Lenovo Yoga Slim 7i Gen 9.jpg,19000,0.0,2772747.0,16,1024
2024,AI Laptop,Yoga,Lenovo Yoga Slim 7i Gen 9,14IMH9,Intel Core Ultra 5 125H,Intel Arc Graphics,14.5 inch,16GB LPDDR5X-7467,512GB PCIe 4.0 SSD,1.5,6865897.0,101.6,90,OLED WUXGA,10,Lenovo Official,Aluminum,Lenovo,Intel Arc Graphics,assets/images/Lenovo Yoga Slim 7i Gen 9.jpg,14500,0.0,6865897.0,16,512
2025,AI Laptop,Yoga,Lenovo Yoga Slim 9i Gen 9,14IMH9,Intel Core Ultra 7 155H,Intel Arc Graphics,14.0 inch,16GB LPDDR5X-7467,1TB PCIe 4.0 SSD,1.2,2800000.0,177.8,60,OLED 3K,10,Lenovo Official,Aluminum,Lenovo,Intel Arc Graphics,assets/images/Lenovo Yoga Slim 9i Gen 9.jpg,19000,0.0,2800000.0,16,1024
2024,Creator,ThinkPad,Lenovo ThinkPad P1 Gen 6,Gen 6,Intel Core i9-13900H,NVIDIA GeForce RTX 3000 Ada 8GB,16.0 inch,64GB DDR5-4800,2TB PCIe 4.0 SSD,1.81,5299900.0,336.5,165,IPS WQXGA,0,Lenovo Official,Aluminum,Lenovo,NVIDIA GeForce RTX 3000 Ada 8GB,assets/images/Lenovo Thinkpad P1 Gen 6.jpg,0,0.0,5299900.0,64,2048
2024,Creator,ThinkPad,Lenovo ThinkPad P16s Gen 2,Gen 2,Intel Core i7-1360P,NVIDIA RTX A500 4GB,16.0 inch,32GB DDR5-4800,1TB PCIe 4.0 SSD,1.68,3699900.0,234.9,60,IPS WUXGA,0,Lenovo Official,Aluminum,Lenovo,NVIDIA GeForce RTX A500 4GB,assets/images/Lenovo Thinkpad P16s Gen 2.jpg,0,0.0,3699900.0,32,1024
2024,Creator,Yoga Book,Lenovo Yoga Book 9i Gen 9,83FF,Intel Core i7-1355U,Intel Iris Xe Graphics,13.3 inch,16GB LPDDR5-6400,512GB PCIe 4.0 SSD,1.34,3499900.0,222.2,60,OLED 2.8K Dual Screen,0,Lenovo Official,Aluminum,Lenovo,Intel Iris Xe Graphics,assets/images/Lenovo Yoga Book 9i Gen 9.jpg,15500,0.0,3499900.0,16,512
2024,Ultrabook,Yoga,Lenovo Yoga 6 13,13ABR8,AMD Ryzen 5 7530U,AMD Radeon Graphics,13.3 inch,8GB LPDDR4X-4266,512GB PCIe 4.0 SSD,1.39,7573142.0,88.9,60,OLED FHD Touchscreen,0,Lenovo Official,Aluminum,Lenovo,AMD Radeon Graphics,assets/images/Lenovo Yoga 6 13.jpg,13000,11500.0,7573142.0,8,512
2024,Ultrabook,Yoga,Lenovo Yoga Pro 7i Gen 9,16IMH9,Intel Core i9-13900H,NVIDIA GeForce RTX 4060 8GB,16.0 inch,32GB LPDDR5-5200,1TB PCIe 4.0 SSD,2.0,2899900.0,184.1,240,IPS 3.2K,0,Lenovo Official,Aluminum,Lenovo,NVIDIA GeForce RTX 4060 8GB,assets/images/Lenovo Yoga Pro 7i Gen 9.jpg,0,18000.0,2899900.0,32,1024
2024,Ultrabook,Yoga,Lenovo Yoga Pro 7i Gen 9,16IMH9,Intel Core i7-13700H,NVIDIA GeForce RTX 4050 6GB,16.0 inch,16GB LPDDR5-5200,1TB PCIe 4.0 SSD,2.0,2399900.0,152.4,165,IPS 2.5K,0,Lenovo Official,Aluminum,Lenovo,NVIDIA GeForce RTX 4050 6GB,assets/images/Lenovo Yoga Pro 7i Gen 9.jpg,23500,16000.0,2399900.0,16,1024
2024,Budget,IdeaPad,Lenovo IdeaPad 1 14,14IGL7,Intel Celeron N4020,Intel UHD Graphics,14.0 inch,4GB DDR4-2933,128GB eMMC,1.4,6407997.0,25.4,60,TN HD,0,Lenovo Official,Plastic,Lenovo,Intel UHD Graphics,assets/images/Lenovo Ideapad 1 14.jpg,4000,0.0,6407997.0,4,128
2024,Budget,IdeaPad,Lenovo IdeaPad 1 14,14AMN7,AMD Athlon Silver 7120U,AMD Radeon Graphics,14.0 inch,4GB DDR5-4800,256GB SSD,1.4,7259141.0,31.7,60,TN HD,0,Lenovo Official,Plastic,Lenovo,AMD Radeon Graphics,assets/images/Lenovo Ideapad 1 14.jpg,5000,11500.0,7259141.0,4,256
2024,Budget,IdeaPad,Lenovo IdeaPad 3 14,14ITL6,Intel Core i3-1115G4,Intel UHD Graphics,14.0 inch,4GB DDR4-3200,256GB SSD,1.41,5927997.0,34.9,60,TN HD,0,Lenovo Official,Plastic,Lenovo,Intel UHD Graphics,assets/images/Lenovo Ideapad 3 14.jpg,7000,0.0,5927997.0,4,256
2024,Budget,IdeaPad,Lenovo IdeaPad 3 15,15ITL6,Intel Core i3-1115G4,Intel UHD Graphics,15.6 inch,8GB DDR4-3200,256GB SSD,1.7,5927997.0,38.1,60,TN HD,0,Lenovo Official,Plastic,Lenovo,Intel UHD Graphics,assets/images/Lenovo Ideapad 3 15.jpg,7000,0.0,5927997.0,8,256
2024,Business,IdeaPad,Lenovo IdeaPad Flex 5 14,14ABR8,AMD Ryzen 5 5500U,AMD Radeon Graphics,14.0 inch,16GB DDR4-3200,512GB PCIe 3.0 SSD,1.55,7573142.0,76.2,60,IPS FHD Touchscreen,0,Lenovo Official,Aluminum,Lenovo,AMD Radeon Graphics,assets/images/Lenovo Ideapad Flex 5 14.jpg,13000,11500.0,7573142.0,16,512
2024,Business,IdeaPad,Lenovo IdeaPad Flex 5i 14,14IAU7,Intel Core i5-1235U,Intel Iris Xe Graphics,14.0 inch,16GB LPDDR4X-4266,512GB PCIe 4.0 SSD,1.55,5003841.0,80.6,60,IPS FHD Touchscreen,0,Lenovo Official,Aluminum,Lenovo,Intel Iris Xe Graphics,assets/images/Lenovo Ideapad Flex 5i 14.jpg,13000,0.0,5003841.0,16,512
2024,Business,IdeaPad,Lenovo IdeaPad Slim 3 Gen 8,15IRH8,Intel Core i5-13420H,Intel UHD Graphics,15.6 inch,8GB DDR4-3200,512GB PCIe 4.0 SSD,1.62,6000000.0,57.1,60,IPS FHD,0,Lenovo Official,Plastic,Lenovo,Intel UHD Graphics,assets/images/Lenovo Ideapad Slim 3 Gen 8.jpg,16500,0.0,6000000.0,8,512
2024,Business,IdeaPad,Lenovo IdeaPad Slim 3 Gen 8,14AMN8,AMD Ryzen 5 7530U,AMD Radeon Graphics,14.0 inch,8GB DDR4-3200,512GB PCIe 4.0 SSD,1.37,6000000.0,55.9,60,IPS FHD,0,Lenovo Official,Plastic,Lenovo,AMD Radeon Graphics,assets/images/Lenovo Ideapad Slim 3 Gen 8.jpg,13000,11500.0,6000000.0,8,512
2024,Business,IdeaPad,Lenovo IdeaPad Slim 5 Gen 8,14IAH8,Intel Core i7-13620H,Intel Iris Xe Graphics,14.0 inch,16GB LPDDR5-4800,512GB PCIe 4.0 SSD,1.46,2872499.0,88.9,60,IPS FHD,0,Lenovo Official,Aluminum,Lenovo,Intel Iris Xe Graphics,assets/images/Lenovo Ideapad Slim 5 Gen 8.jpg,18000,0.0,2872499.0,16,512
2024,Business,IdeaPad,Lenovo IdeaPad Slim 5 Gen 8,16APH8,AMD Ryzen 5 7530U,AMD Radeon Graphics,16.0 inch,16GB LPDDR5-6400,512GB PCIe 4.0 SSD,1.89,7573142.0,82.5,60,IPS WUXGA,0,Lenovo Official,Aluminum,Lenovo,AMD Radeon Graphics,assets/images/Lenovo Ideapad Slim 5 Gen 8.jpg,13000,11500.0,7573142.0,16,512
2024,Business,ThinkBook,Lenovo ThinkBook 14 Gen 6,Gen 6,Intel Core i7-1355U,Intel Iris Xe Graphics,14.0 inch,16GB DDR4-3200,512GB PCIe 4.0 SSD,1.4,4717773.0,95.2,60,IPS FHD,0,Lenovo Official,Aluminum,Lenovo,Intel Iris Xe Graphics,assets/images/Lenovo Thinkbook 14 Gen 6.jpg,15500,0.0,4717773.0,16,512
2024,Business,ThinkBook,Lenovo ThinkBook 14 Gen 6,Gen 6,Intel Core i5-1335U,Intel Iris Xe Graphics,14.0 inch,8GB DDR4-3200,512GB PCIe 4.0 SSD,1.4,6539333.0,76.2,60,IPS FHD,0,Lenovo Official,Aluminum,Lenovo,Intel Iris Xe Graphics,assets/images/Lenovo Thinkbook 14 Gen 6.jpg,14000,0.0,6539333.0,8,512
2024,Business,ThinkBook,Lenovo ThinkBook 15 Gen 5,Gen 5,Intel Core i7-1355U,Intel Iris Xe Graphics,15.6 inch,16GB DDR4-3200,512GB PCIe 4.0 SSD,1.7,4717773.0,101.6,60,IPS FHD,0,Lenovo Official,Aluminum,Lenovo,Intel Iris Xe Graphics,assets/images/Lenovo Thinkbook 15 Gen 5.jpg,15500,0.0,4717773.0,16,512
2024,Business,ThinkPad,Lenovo ThinkPad E14 Gen 5,E14 Gen 5,Intel Core i7-1355U,Intel Iris Xe Graphics,14.0 inch,16GB DDR4-3200,512GB PCIe 4.0 SSD,1.41,4717773.0,107.9,60,IPS FHD,0,Lenovo Official,Plastic/Aluminum,Lenovo,Intel Iris Xe Graphics,assets/images/Lenovo Thinkpad E14 Gen 5.jpg,15500,0.0,4717773.0,16,512
2024,Business,ThinkPad,Lenovo ThinkPad E14 Gen 5,E14 Gen 5,Intel Core i5-1335U,Intel Iris Xe Graphics,14.0 inch,16GB DDR4-3200,512GB PCIe 4.0 SSD,1.41,6539333.0,82.5,60,IPS FHD,0,Lenovo Official,Plastic/Aluminum,Lenovo,Intel Iris Xe Graphics,assets/images/Lenovo Thinkpad E14 Gen 5.jpg,14000,0.0,6539333.0,16,512
2024,Business,ThinkPad,Lenovo ThinkPad E14 Gen 5,E14 Gen 5,Intel Core i5-1335U,Intel Iris Xe Graphics,14.0 inch,8GB DDR4-3200,256GB PCIe 4.0 SSD,1.41,6539333.0,69.8,60,IPS FHD,0,Lenovo Official,Plastic/Aluminum,Lenovo,Intel Iris Xe Graphics,assets/images/Lenovo Thinkpad E14 Gen 5.jpg,14000,0.0,6539333.0,8,256
2024,Business,ThinkPad,Lenovo ThinkPad E16 Gen 1,E16 Gen 1,Intel Core i7-1355U,Intel Iris Xe Graphics,16.0 inch,16GB DDR4-3200,512GB PCIe 4.0 SSD,1.97,4717773.0,114.3,60,IPS WUXGA,0,Lenovo Official,Plastic/Aluminum,Lenovo,Intel Iris Xe Graphics,assets/images/Lenovo Thinkpad E16 Gen 1.jpg,15500,0.0,4717773.0,16,512
2024,Business,ThinkPad,Lenovo ThinkPad L14 Gen 4,L14 Gen 4,Intel Core i7-1355U,Intel Iris Xe Graphics,14.0 inch,16GB DDR4-3200,512GB PCIe 4.0 SSD,1.4,4717773.0,127.0,60,IPS FHD,0,Lenovo Official,Plastic/Aluminum,Lenovo,Intel Iris Xe Graphics,assets/images/Lenovo Thinkpad L14 Gen 4.jpg,15500,0.0,4717773.0,16,512
2024,Business,ThinkPad,Lenovo ThinkPad L14 Gen 4,L14 Gen 4,Intel Core i5-1335U,Intel Iris Xe Graphics,14.0 inch,8GB DDR4-3200,256GB PCIe 4.0 SSD,1.4,6539333.0,95.2,60,IPS FHD,0,Lenovo Official,Plastic/Aluminum,Lenovo,Intel Iris Xe Graphics,assets/images/Lenovo Thinkpad L14 Gen 4.jpg,14000,0.0,6539333.0,8,256
2024,Business,ThinkPad,Lenovo ThinkPad T14 Gen 4,T14 Gen 4,Intel Core i7-1365U,Intel Iris Xe Graphics,14.0 inch,16GB LPDDR5-5200,512GB PCIe 4.0 SSD,1.38,2499900.0,158.7,60,IPS FHD,0,Lenovo Official,Aluminum,Lenovo,Intel Iris Xe Graphics,assets/images/Lenovo Thinkpad T14 Gen 4.jpg,0,0.0,2499900.0,16,512
2024,Business,ThinkPad,Lenovo ThinkPad T14s Gen 4,T14s Gen 4,Intel Core i7-1365U,Intel Iris Xe Graphics,14.0 inch,32GB LPDDR5-5200,1TB PCIe 4.0 SSD,1.24,2999900.0,190.4,60,IPS FHD,0,Lenovo Official,Carbon Fiber,Lenovo,Intel Iris Xe Graphics,assets/images/Lenovo Thinkpad T14s Gen 4.jpg,0,0.0,2999900.0,32,1024
2024,Business,ThinkPad,Lenovo ThinkPad X1 Carbon Gen 11,Gen 11,Intel Core i7-1365U,Intel Iris Xe Graphics,14.0 inch,32GB LPDDR5-5200,1TB PCIe 4.0 SSD,1.12,2999900.0,190.4,60,IPS WUXGA,0,Lenovo Official,Carbon Fiber,Lenovo,Intel Iris Xe Graphics,assets/images/Lenovo Thinkpad X1 Carbon Gen 11.jpg,0,0.0,2999900.0,32,1024
2024,Business,ThinkPad,Lenovo ThinkPad X1 Carbon Gen 11,Gen 11,Intel Core i7-1365U,Intel Iris Xe Graphics,14.0 inch,16GB LPDDR5-5200,512GB PCIe 4.0 SSD,1.12,2499900.0,158.7,60,IPS FHD,0,Lenovo Official,Carbon Fiber,Lenovo,Intel Iris Xe Graphics,assets/images/Lenovo Thinkpad X1 Carbon Gen 11.jpg,0,0.0,2499900.0,16,512
2024,Business,ThinkPad,Lenovo ThinkPad X1 Yoga Gen 8,Gen 8,Intel Core i7-1365U,Intel Iris Xe Graphics,14.0 inch,32GB LPDDR5-5200,1TB PCIe 4.0 SSD,1.38,3499900.0,222.2,60,IPS FHD Touchscreen,0,Lenovo Official,Aluminum,Lenovo,Intel Iris Xe Graphics,assets/images/Lenovo Thinkpad X1 Yoga Gen 8.jpg,0,0.0,3499900.0,32,1024
2024,Business,ThinkPad,Lenovo ThinkPad X13 Gen 4,Gen 4,Intel Core i7-1365U,Intel Iris Xe Graphics,13.3 inch,16GB LPDDR5-5200,512GB PCIe 4.0 SSD,1.19,2299900.0,146.0,60,IPS WUXGA,0,Lenovo Official,Aluminum,Lenovo,Intel Iris Xe Graphics,assets/images/Lenovo Thinkpad X13 Gen 4.jpg,0,0.0,2299900.0,16,512
2024,Business,ThinkPad,Lenovo ThinkPad X13 Yoga Gen 4,Gen 4,Intel Core i7-1365U,Intel Iris Xe Graphics,13.3 inch,16GB LPDDR5-5200,512GB PCIe 4.0 SSD,1.21,2699900.0,171.4,60,IPS WUXGA Touchscreen,0,Lenovo Official,Aluminum,Lenovo,Intel Iris Xe Graphics,assets/images/Lenovo Thinkpad X13 Yoga Gen 4.jpg,0,0.0,2699900.0,16,512
2024,Business,V Series,Lenovo V14 Gen 3,V14 G3 IAP,Intel Core i3-1215U,Intel UHD Graphics,14.0 inch,8GB DDR4-3200,256GB SSD,1.43,4011983.0,41.3,60,TN HD,0,Lenovo Official,Plastic,Lenovo,Intel UHD Graphics,assets/images/Lenovo V14 Gen 3.jpg,8500,0.0,4011983.0,8,256
2024,Business,V Series,Lenovo V15 Gen 3,V15 G3 IAP,Intel Core i5-1235U,Intel Iris Xe Graphics,15.6 inch,8GB DDR4-3200,512GB SSD,1.7,5003841.0,50.8,60,IPS FHD,0,Lenovo Official,Plastic,Lenovo,Intel Iris Xe Graphics,assets/images/Lenovo V15 Gen 3.jpg,13000,0.0,5003841.0,8,512
2025,Gaming,Bravo,MSI Bravo 15 AI 2025,B5-AI,Ryzen 9 8945HS,NVIDIA GeForce RTX 4060,15.6 inch,16GB,1TB SSD,2.2,2499900.0,157.5,165,IPS,,MSI Official,Plastik,MSI,NVIDIA GeForce RTX 4060,assets/images/Msi Bravo 15 Ai 2025.jpg,24000,18000.0,2499900.0,16,1024
2024,Gaming,Stealth,MSI Stealth 14 AI Studio,A1V,Intel Core Ultra 9 185H,NVIDIA GeForce RTX 4070,14 inch,32GB,1TB SSD,1.7,3199900.0,202.0,240,OLED,45,MSI Official,Magnesium,MSI,NVIDIA GeForce RTX 4070,assets/images/Msi Stealth 14 Ai Studio.jpg,22000,22000.0,3199900.0,32,1024
2025,Mainstream,Corebook,Polytron Corebook Evo 14,,Intel Core Ultra 5 125H,Intel Arc Graphics,14 inch,16GB,512GB SSD,1.4,6865897.0,75.9,120,IPS,45,Polytron Official,Aluminium,Polytron,Intel Arc Graphics,assets/images/Polytron Corebook Evo 14.jpg,14500,0.0,6865897.0,16,512
2024,Mainstream,Corebook,Polytron Corebook X 14,,Intel Core i5 1235U,Intel Iris Xe Graphics,14 inch,8GB,512GB SSD,1.45,5003841.0,56.9,60,IPS,,Polytron Official,Aluminium,Polytron,Intel Iris Xe Graphics,assets/images/Polytron Corebook X 14.jpg,13000,0.0,5003841.0,8,512
2024,Ultrabook,Slimbook,Polytron Slimbook 14,,Intel Core i3 1215U,Intel UHD Graphics,14 inch,8GB,256GB SSD,1.3,4011983.0,43.0,60,IPS,,Polytron Official,Plastik,Polytron,Intel UHD Graphics,assets/images/Polytron Slimbook 14.jpg,8500,0.0,4011983.0,8,256
2024,AI Laptop,RedmiBook,Xiaomi RedmiBook Pro 14 2024,Pro14-2024,Ryzen 7 8845HS,AMD Radeon 780M,14 inch,16GB,512GB SSD,1.4,4294779.0,75.5,120,IPS,,Xiaomi Indonesia,Aluminium,Xiaomi,AMD Radeon 780M,assets/images/Xiaomi Redmibook Pro 14 2024.jpg,22000,0.0,4294779.0,16,512
2025,AI Laptop,XiaomiBook,Xiaomi Book 14 AI 2025,Book14-AI,Intel Core Ultra 7 155H,Intel Arc Graphics,14 inch,16GB,1TB SSD,1.4,2772747.0,95.0,120,IPS,45,Xiaomi Indonesia,Aluminium,Xiaomi,Intel Arc Graphics,assets/images/Xiaomi Book 14 Ai 2025.jpg,19000,0.0,2772747.0,16,1024
2025,AI Laptop,Confidante,Zyrex Confidante AI 2025,ZC-AI,Intel Core Ultra 5 135H,Intel Arc Graphics,15.6 inch,16GB,512GB SSD,1.8,999900.0,63.5,120,IPS,25,Zyrex Official,Plastik,Zyrex,Intel Arc Graphics,assets/images/Zyrex Confidante Ai 2025.jpg,0,0.0,999900.0,16,512
2024,Laptop,Zenbook S 14 OLED,ASUS Zenbook S14 UX5406,UX5406MA-OLED711,Intel Core Ultra 7 155H,Intel Arc Graphics,"14"" 3K OLED",16 GB,1 TB SSD,1.1,2399900.0,149.9,120,OLED,11 TOPS,ASUS Official,Aluminium,Asus,Intel Arc Graphics,assets/images/Asus Zenbook S14 Ux5406.jpg,19000,0.0,2399900.0,16,1024
2024,Laptop,Predator Helios Neo 16,Acer Helios Neo 16 2024,PHN16-72-90J9,Intel Core i9-14900HX,NVIDIA GeForce RTX 4070 8GB,"16"" QHD+",32 GB,1 TB SSD,2.6,2899900.0,179.9,165,IPS,,Acer Official,Aluminium,Acer,NVIDIA GeForce RTX 4070 8GB,assets/images/Acer Helios Neo 16 2024.jpg,30055,22000.0,2899900.0,32,1024
2025,Laptop,Victus 16 2025,HP Victus 16 2025,7Y4Q1PA,AMD Ryzen 9 8945HS,NVIDIA GeForce RTX 4060 8GB,"16.1"" FHD 144Hz",16 GB,1 TB SSD,2.4,15000000.0,159.9,144,IPS,16 TOPS,HP Official,Plastic,HP,NVIDIA GeForce RTX 4060 8GB,assets/images/Hp Victus 16 2025.jpg,24000,18000.0,15000000.0,16,1024
2024,Laptop,ThinkPad X1 Carbon Gen 12,Lenovo ThinkPad X1 Carbon 2024,21KG002EID,Intel Core Ultra 7 165U,Intel Arc Graphics,"14"" 2.8K OLED",32 GB,1 TB SSD,1.1,3199900.0,199.9,120,OLED,11 TOPS,Lenovo Official,Carbon Fiber,Lenovo,Intel Arc Graphics,assets/images/Lenovo Thinkpad X1 Carbon 2024.jpg,0,0.0,3199900.0,32,1024
2025,Laptop,Katana 17 B14V,MSI Katana 17 B14V,B14VFKG-020ID,Intel Core i7-14700HX,NVIDIA GeForce RTX 4060 8GB,"17.3"" FHD 144Hz",16 GB,1 TB SSD,2.6,2599900.0,169.9,144,IPS,,MSI Official,Plastic,MSI,NVIDIA GeForce RTX 4060 8GB,assets/images/Msi Katana 17 B14v.jpg,24779,18000.0,2599900.0,16,1024
